,Fund_1,Fund_2,Fund_3,Fund_4,Fund_5,Fund_6,Fund_7,Fund_8,Fund_9,Fund_10,Fund_11,Fund_12,Fund_13,Fund_14,Fund_15,Fund_16,Fund_17,Fund_18,Fund_19,Fund_20,Fund_21,Fund_22,Fund_23,Fund_24,Fund_25,Fund_26,Fund_27,Fund_28,Fund_29,Fund_30,Fund_31,Fund_32,Fund_33,Fund_34,Fund_35,Fund_36,Fund_37,Fund_38,Fund_39,Fund_40
2023-01-01,-0.004759049812676419,0.015026689347808918,-0.0029492655128226164,0.017727709213444087,-0.0009051356102758705,0.005732209548198173,-0.015734722322608176,-0.007890321024406555,-0.005786395644504788,-0.006785925540202794,0.011287897925206073,-0.043716728287038535,-0.011739822927484609,-0.0012605768053307316,-0.0063442880145632395,0.0118040958007359,-0.0050642465278822706,0.003312934154487066,-0.020343518223308214,0.01883848053302725,0.013744480725844712,-0.03194835298979176,-0.01752833696696353,-0.018170817853756228,-0.013931084044917098,-0.012033605925886506,0.006281508295536024,0.0008127588029286513,0.020235826338978663,-0.00619214233513137,0.005621165701110719,-0.0029114456516593575,0.011782281252894487,-0.002015536915243781,-7.436999655545168e-05,0.005595583744414014,0.02809050847696893,0.009945996362938414,-0.00020965960037617256,-0.004158509190843679
2023-01-02,0.004286668639411894,0.022303439213050766,0.01616698412426041,-0.004594837151163402,-0.006622495495720828,-0.009700299149970847,-0.021041841435134122,-0.020158430603203274,0.03311998199965382,0.008477411828573407,0.0026652260729755194,-0.00042692983725585464,0.013266196958046277,-0.015062221845219518,0.021198583301427744,-0.010206122206545588,0.015356427473126615,0.01916098864957409,0.005596495275825125,-0.007885541112408573,0.013582213128220246,-0.01944443973274766,0.018191438765786765,-0.0029720194251296275,0.007784496970492829,0.005301729769658618,0.010989250803786722,0.022163180368585292,0.005225416855947587,-0.022212226132975608,0.0068362777964836065,0.015924337167448857,0.0036941809733950525,-0.021698288016935578,0.020717766219958956,0.016432306310590714,-0.0051550065949888275,0.0041455401525749575,0.001915329571497287,0.0028153511842357298
2023-01-03,-0.016638775671361815,-0.002707692730417983,0.020220162646873863,0.024247894344906616,-0.02444417503678591,-0.008765980505040209,-0.011276205730379945,-0.0003017100863606818,0.012577878404880326,-0.005409832341614001,0.025485432368917246,0.011625088189710107,-0.0043924655755101846,0.01304554299204953,-0.002415243458286773,0.004117903031406365,-0.00476316355086551,-0.025875596259437222,0.006930881521237695,-0.01699013356235314,0.009847416855777247,0.010300290387624797,0.008811639921526303,0.008514887685779179,-0.011769263270880865,0.0006688739939899044,0.01940725577909137,-0.010281504644935702,0.007053501287717088,-0.008411124690009703,-0.020361679882741224,-0.009794165025050747,-0.0015283816607341541,0.0016615564010614677,0.01960481225620195,0.010886633346031589,0.034703318643119485,0.021840421810050286,0.0064023452874187575,-0.0008921093785889816
2023-01-04,0.0027762227243488284,0.0007004253941382228,-0.007275051601571398,-0.007159367171420489,0.021415452646936124,0.0011975327897304027,0.012880134138486049,-0.030136327297703488,0.01567531337764488,0.00821687571560186,0.003139552930703418,-0.0015523843736857078,0.004167107295669308,-0.004483642608419346,-0.0021432297173943427,0.009135726518318317,-0.009935569027821294,0.021625607311883118,-0.007721669859649739,0.00713600213708346,-0.024207104989016424,0.007090689211635432,-0.01674444709981517,0.0017978484709868794,-0.01700311605001193,0.022762860600477174,-0.0028467730730455023,-0.007553099023143583,-0.007276288741713696,-0.00026310174349689314,0.008203537387461404,0.010991077879775395,0.0005181004198942702,0.007453260616980251,-0.010799673268549342,-0.014772023505284369,0.009683520138095909,-0.013061257164819026,-0.0027534419447851725,0.027655483318560783
2023-01-05,0.007820679133647084,-0.0071422949065216065,0.02028171551206827,0.01830708838952038,-0.007512881285337825,0.008737545618262866,-0.019090927805464657,0.002134662573606241,-0.036573040061664716,-0.018340371529030317,0.030510267554672055,-0.016260725793553147,-0.03519971902428539,-0.008136666284306574,-0.0010049123197921953,0.0023716860611253925,0.014585932957481486,-0.02726238109828778,-0.009408005245152867,-0.020022172355663403,0.02223131830355972,0.019205727512279593,-0.011976444669164891,-0.005216950770456497,0.0060802933548209665,0.012484000827840578,0.014734389309664904,-0.004421367082372625,-0.015109679425750335,0.006214336786708194,0.01590335719948743,-0.030212301184229778,0.006267465875098225,-0.007383563342415529,-0.0035548117540875946,-0.012127414979959122,-0.013747467188073846,-0.008697591804958557,-0.024928443479421455,0.01572427456871803
2023-01-06,0.02480631019352592,-0.01476054336082649,0.018175326514236704,0.010929429119863063,0.01928778963808726,-0.022630150382293924,-0.006137243993237711,0.030910079372168112,-0.002786926816733602,-0.005343721051098201,-0.009897213846594591,-0.005243401006811959,-0.006295565036131859,0.010618869754510598,0.02723808640223828,-0.0045470115062882545,0.0075229471320932394,-0.03163561503817823,0.008995900010655391,0.010301255846928963,-0.006041561923573835,0.005683416552023118,-0.031919721285594144,-0.015625126136231543,-0.02390342844837079,-0.01705467327922764,-0.010076510665680879,-0.00012205055934873992,0.0012097923332515408,0.026125350221465084,-0.0032930510553587093,0.00036256897472347,-0.0003562756952597357,-0.01774034126310489,0.006194374385457117,-0.007300024850683394,-0.000804553595296503,-0.010867269459993311,-0.004627994582660288,-0.010265813387734071
2023-01-07,-0.006570110397595946,-0.0033017377956456096,0.020058265915052217,0.02629957194708988,0.012404034040122656,0.01868453850222774,-0.005178237999998617,0.03320712156929807,-0.03316453370078849,-0.002084213690608472,-0.019914614041494975,0.0038112681037645616,0.0044523642611100245,0.020231959988346055,0.01399015407832177,-0.0016786678907469385,0.010580476732419283,0.025394975144739824,0.0029044592037413006,0.0009824770435646886,0.02020855652185694,-0.03917684687753982,0.0009614272985203941,-0.0018950848472737303,0.01462911771419858,-0.016733820817551894,0.013928388304733384,-0.018555126194770746,0.001965660219525608,0.02861656421033963,-0.012554625017006209,-0.008296610049767124,0.006455311833275034,-0.007358539727781806,0.00920965487410877,0.013402698760777482,-0.013255822560515688,0.007616967093332625,0.004736780650147335,0.0073357103267826015
2023-01-08,-0.014440488078939651,0.010100395743930568,0.017554240628618743,0.018264094300040463,-0.03196093427281472,-0.0199853682854383,0.007303316908341446,0.03944095102786115,0.018126724694594584,-0.0002410750787560877,-0.006626889359925569,-0.0021081432242274485,0.01854238083267368,0.005399410882193357,-0.01011016911926196,0.014429022622812973,0.0028946571799846185,-0.0032887287238083777,0.0005976265177492188,-0.013787047181721968,-0.011351784215162435,0.00032768107707970505,-0.016203460208534613,0.012880078671331448,-0.015394326102024153,-0.012477197622005613,-0.013534699948025435,-0.024720337717318856,-0.019854658899578936,0.009199230054746377,0.014635713822010666,-0.0192413382135374,-0.003199319487427314,-0.027220803430478224,0.015633310466312757,-0.009612860601622943,-0.013561543655529432,-0.005705001406388478,0.018997671734547125,-0.01899528633222378
2023-01-09,-0.01293758723333142,0.017466990559160005,-0.012312357516840566,0.005976433626946755,-0.009409150902468355,0.015089831918818195,-0.03290381135463502,0.01769725007855216,-0.014942122987574285,0.0007840612865690219,0.00854193702951324,0.012552458010299136,-0.013596473994756357,-0.01940360453603369,0.00422083993687454,-0.006927057300205538,0.004087799506138667,0.003480364009657684,-0.01348021579453667,-0.015452250207636884,0.0016855480969897808,-0.02257137580522802,0.00010381592820905009,-0.009208782634792493,-0.0017799505638264102,-0.021801540473200702,-0.01721522417809489,0.011523272379310358,-0.015356459794008296,0.0032641079621888395,-0.010105206076397526,-0.011800960272924077,-0.029204716324364312,0.020521407222329726,0.009832661199028902,0.010571162571406218,-0.011384122118586257,0.012230460359711351,0.002198586763501655,0.0011999893154566988
2023-01-10,-0.002868898924398557,-0.005081266737764116,-0.016660299889424787,-0.006584991624113166,0.020570672329451714,0.020513862396902168,-0.019998318813267676,-0.013517625385513878,-0.014119673247865774,0.012191951122970219,0.005494041283439147,-0.02001784878443976,0.019289940733120188,-0.009194778858798724,-0.02241090880313605,0.015171071452498608,0.005702089503085584,-0.00949163026322524,0.011713774072433557,0.0019836861320672384,0.009079002145577556,0.018190238582237988,0.02052696203238451,0.009004077586117687,0.0058654213604720905,0.017547351959024717,0.014143916601178584,0.007096945019619756,-0.002484990696044977,-0.003179483304817206,-0.002018990414490309,0.0021369198107111117,0.00011564450840827309,-0.017105504269984865,0.009511856348083268,0.025204923488527927,-0.006469355711200954,0.004554843371102185,-0.01870399464086325,-0.0157639155351357
2023-01-11,-0.0045611836973445865,-0.015333822167067475,0.007810226897434486,0.04753319673645048,0.024130737441612912,0.01193874543284791,0.006102318224530615,0.011967471612932752,-0.012243671318252193,0.01874900212100458,0.006585878205962023,0.00053866535762611,-0.006191119358343813,0.01820746143321596,0.02463589720942386,-0.02000433529777114,-0.011345787289611891,0.007962249413804594,-0.008024868257793175,7.391284105765747e-05,0.00372881072278067,0.014702972189653588,-0.009233365895210684,0.00299427167079551,0.007572220562362819,0.015174214985988062,0.010363691607154597,0.024520433456353682,0.027219894000087473,-0.0036826006412785145,-0.01761109079312853,0.015102000467749071,-0.013819283855023599,-0.011444724649113702,-0.035848868510449536,0.0018119768743800476,0.007967421848616828,0.010224275551807549,0.0025832343758286787,-0.02406575874576144
2023-01-12,-0.01260276017436936,0.017883542641251755,0.019543921312560976,-0.015636441910806025,0.007203476400687017,-0.00020947390057812982,-0.013903029253637466,0.01828733898781099,-0.010489252771394533,-0.022702058086427005,0.0005576805270038783,-0.006371856537368759,0.008320875556928923,-0.019059606077073084,0.00596989094185622,-0.006668237627678014,0.006424473252573327,-0.009679228292508295,0.002057087908641955,-0.0033920405685379323,0.012206648945013346,0.011642686420568264,0.004051018297737676,-0.014327208784429194,0.0020181316025970567,0.007269537020471908,-0.011386046504002559,0.020161864887995963,0.004731625546484961,-0.014515095489354498,0.02499086958854093,-0.02373562654987237,-0.009527066483561811,-0.005147929396900583,0.0033694568322722206,-0.00399179480046194,-0.012794873597880216,-0.013004133404946898,-0.021176246666856205,-0.0005081357113721663
2023-01-13,-0.0014052568229026249,-0.01232130746015458,0.014394879563790104,0.01159984930207114,0.004611519959242187,-0.0019679285947009103,-0.013310558756855414,-0.021211267392602463,0.008418671017380199,0.0032573476835308446,0.00914237422934817,0.002188931623245834,0.03286852853558965,-0.010066582183529075,0.007123584765588964,0.001589563333953519,-0.003772285450780443,0.0057206449067037975,-0.008732171364757542,-0.0035908387945426394,-0.02478641527014238,0.008735318494201888,-0.013919171252332403,-0.003958541709150257,0.005314464345797765,-0.014392556472978645,0.021806825612470094,-0.0007955899385078985,-0.01875307493122556,-0.0035563128081692983,-0.003294207229233876,-0.004061715637540698,0.019413698971431883,-0.009722026758423173,0.01052002061405333,-0.0042629012589577246,-0.0014361913630540424,0.007554060332894536,-0.009272066803353081,-0.00021872465880275074
2023-01-14,0.008070916356938516,-0.007951086759460985,-0.024799664249598223,0.01151155755585061,0.006506568628092048,0.014558152058479054,-0.005939353809683551,-0.0006495764284819197,0.01694980991302952,0.013098834077285942,0.016398876491748576,0.013387385358955874,0.027600329318288406,0.006469561924525791,0.0018522131225206676,0.003226037604251326,0.018674444618815338,0.017610271800736446,0.026105351890853952,0.027076094314579285,0.0018441146375225636,0.004228420343502945,-0.03523968242307033,0.013622879535619936,0.002049777842564208,0.03115288227096387,0.005537793955647567,0.013516954004869583,0.01186460407297829,0.0019234200344068985,0.034044118728257466,0.005705716020633161,0.0035795948629459475,-0.01566510843255024,-0.0006932215271047962,0.017958601848370257,-0.02832228626314665,0.0122971249655424,0.005590825631542262,0.007874854516055954
2023-01-15,-0.004521303892672865,-0.014942449597297871,0.008567687944668518,0.015396770251161804,-0.0024491961723090293,0.0024260058091392913,0.017624969272643905,0.004949029017604401,0.0013658263185060888,0.024515289619784046,-0.019118836772558122,0.027897631323308157,-0.017252268224884636,0.012885368618164738,0.002946219559698253,0.013542469487182244,-0.0016760528005135755,-0.0013940428582985762,0.014110628180397856,0.0031142932424462096,0.011752920206426749,-0.0093445135136799,-0.01154453217539455,-0.014410652912005887,-0.005622607685644794,0.003257678101111535,-0.007606359997481375,-0.009622994590441806,-0.008107821530918127,0.0018394332921250328,0.008758926810831269,0.0031601484569681567,0.00923795820275516,0.0063714774268455905,-0.0034413893288786222,0.00823959048378102,0.013868139193140568,-0.011647657651677041,-0.009252530028003574,0.016105869696412943
2023-01-16,0.006259728074302461,-0.004297387268539543,-0.0023911835568127533,-0.024722746597440535,0.04417640295715884,0.007907826649851263,0.0017271305582736492,-0.013861772733159783,-0.016334934507845365,0.021781725732594452,0.009483245712478546,0.008673389457068867,0.006819943873749,-0.04849099869120565,0.005697745507525951,0.010579731326065291,-0.005964293331624203,0.00031609569854769404,0.01877908884694839,-0.03184953865385324,0.014319435224060683,0.00010720127755327633,0.0017979825858431763,-0.024367742334699155,-0.018913924993076037,0.015044951545705338,-0.0028719933907970104,0.0024824069713302015,-0.006518413357764459,-0.015128503375445856,-0.007124084948163769,0.011867152794212743,0.00815376257614056,-0.012691601225321179,0.005898901877496698,0.02030000479119842,-0.01064701675941999,0.0015611095175854946,-0.009694887105858202,-0.024734627299389866
2023-01-17,-0.001198304897845584,-0.008785685152868627,0.0016064051529112652,0.003503868527797716,-0.0013950833579582092,0.017716801971652235,-0.015571428659220728,0.0006729117848827933,-0.029932844609969693,0.03849484917765397,0.02066689706724332,0.029062633152259047,0.003466610943122345,-0.007727611862945178,0.008797403061474451,-0.015763315918482592,-0.009052580632763983,0.015570132789114783,0.016535425832651076,0.00668969331029658,0.01686302895505814,0.0018359074874227516,0.00707583507932113,-0.04000490369208053,0.00030065586441978243,-0.01591053076554041,0.004896378736587244,0.02415136125117906,0.0036141706836447167,0.004182981589779719,-0.022940822743451147,0.01193912672187961,-0.0031070743496816925,-0.001205117988415275,-0.005633683715488851,-0.0032849705246527066,0.007833137910533404,0.010876784537224248,-0.03665401060044414,0.03087183781663126
2023-01-18,-0.005870750370184379,0.016742654495015136,0.013008920889740426,0.0020001261403580287,0.0047041192793619395,0.01632784761560204,0.020090824029347934,0.0024783799740879333,-0.011041976460148544,0.01000786255755136,-0.003137121770788198,0.0019226685774001682,-0.004318620181647402,-0.005148234314415761,-0.0016668249915061779,0.005401470739892606,-0.005563064736318058,-0.003937580250220146,-0.009634960398608266,0.007674987358959651,0.005993079244751993,-0.030365052229412458,0.005693761279121969,0.0005471920096372622,0.007182724875048724,-0.018097149375287863,0.023937967196422046,-0.024490183973862243,-0.006463216219363372,0.01411254129296917,0.017459123095682566,-0.004797321381421834,-0.028046165694387375,0.0013243012270613334,0.006379594069297074,0.0028319089490253598,0.00023681065840523078,-0.004577043569977346,0.02843210658390787,-0.02798488281901006
2023-01-19,0.02602138184856887,0.02588470164530259,0.0005986483469232249,0.02432283526243748,0.012324520837787472,-0.015708566472736066,-0.011695053250075343,-0.0020109912089963248,-0.023541422728230114,-0.0067527014435803286,0.006516139003886428,0.006078178648441405,0.02078150312685708,-0.0029021053565597083,-0.01864398461446774,-0.00658094897439656,-0.008565067392935933,0.014612577163174737,0.029652106900865612,-0.0012354120763821946,-0.0008079692220633863,-0.00198807287370577,0.008663068242090389,-0.0030714698955869443,-0.014642332767399,-0.0329031282010977,0.014012526778377492,0.021500712770510036,-0.014514314144540078,0.020524501499236656,-0.008264547619116207,-0.023371557213184214,0.05493643691218891,-0.01459703530763163,0.0016540529187925427,0.016337456158703877,-0.0026153974399340044,0.016233354950121733,-0.008892601834137658,0.02010102868498676
2023-01-20,-0.010656878211594374,-0.018390024985081917,0.01655296678527779,0.011425045159349514,0.018793438189522813,-0.010747566367182335,0.008504961384355341,0.02018885943714783,-0.0011873491402435278,-0.010077886875958855,-0.012884548021641852,-0.028301174907069685,-0.021109289044586213,-0.013513761492291316,0.00806698833640733,-0.01987129422736991,0.005508363856249867,0.0013838381456172332,-0.01498723991161377,0.007393014589928507,0.025760431564817558,0.01308615847035707,0.003411151679263599,-0.005962640278359341,-0.0024212982676958283,-0.014798022071163569,0.0075576243303925265,0.0029693559448291,-0.0077256559757467105,0.005939034446687457,0.004355185930520513,0.014335017505067216,0.015985873447714356,0.006783428056621929,0.005586089472591236,-0.020398020974926667,0.0007799299070381747,0.011519430608528903,-0.007590204780732255,0.006063560041263443
2023-01-21,0.01947832305566573,0.0036894368423612935,0.0167444444022089,0.021952099035547158,0.018410094962259843,-0.013147961625180584,-0.006090459099282653,-0.0048662269840523305,-0.01357617342842502,-0.022782775480323873,2.9334810465287873e-05,0.013568129784785922,0.007778190078301281,-0.0023021966983061354,-0.0015567131191200245,-0.009881218439080715,-0.008122886995022742,-0.013178048839424668,-0.017837232140678335,0.008604175230878905,-0.0055315598595552,0.007593134142120834,0.014481121211089687,0.025515235118907742,-0.0030532396545231858,-0.005569504669597717,-0.003951172533367459,-0.0024910509490220444,0.009118052696263423,-0.01169442462056265,-0.008865372284231066,0.006854348814965949,0.008981369377439485,0.003060999771652921,-0.03677225000481928,0.02769913508138761,-0.005824379518089959,0.007227051640302688,-0.001377560825230636,0.006776977091501395
2023-01-22,-0.012967345001230764,0.006734240135932965,0.004523268463067385,0.025181072838288403,-0.004558158947332504,-0.001367272400804406,-0.012568581519643891,0.009597104336647854,-0.0022983317328047733,-0.010372214021015602,-0.0014478038757589455,0.004945454638018584,0.014772079624447354,0.01819748456705491,0.002077196055911209,-0.011572725784302088,-0.016517685155124247,0.012402793178880347,-0.009144898659699245,0.023243559468323426,-0.017381286575067094,-0.0061683739434942025,0.0018879231998996855,0.012049359202408372,-0.00039034585075803103,-0.03584804630057239,0.012892799163641569,0.02091260680766942,-0.001507280855139311,0.0005839189292568477,0.011503301634689026,-0.0009249935878746754,0.011065544191574909,-0.008476073205770167,0.008564400390693045,-0.002127773197034142,-0.009278640876681158,-0.003219065005205106,0.02217208584550213,0.0027651900345267927
2023-01-23,-9.939229418773864e-05,-0.023936844431351956,0.026686708990732395,-0.017174781068741506,0.0043631790506008655,-0.0002529165285190179,-0.013254905479454343,-0.0069054990001492685,0.004820764805486023,0.010766152871956564,0.00015720599365409027,0.032628383663871725,0.0011934179364242949,-0.007374492767021094,-0.006982061971976993,-0.041586437442841434,0.007784241299410945,-0.025566357042124715,0.007968480173474578,0.00272131353588124,-0.0014754602255587484,0.005857227290053394,0.0006724368983712514,-0.0004473162448006447,-0.004423278433177637,0.02229909550182983,0.0060414328514459825,-0.02033327071514384,-0.0206902001300259,-0.007462402245870461,-0.007865041502401367,-0.0027050826948909184,-0.01436857483732912,0.0005875691557981559,-0.02046821276697306,0.006438764397738734,-0.0063157101297810075,-0.0036579424757317244,0.001862949856611519,0.053251401926245764
2023-01-24,-0.012354026165437343,0.018221569397746565,0.02514644139378513,-0.03241985400349494,-0.006568838060409091,0.017016544036178926,-0.0025686994698877934,0.02721522486278526,-0.024740012398287135,0.008899169994686176,-0.008586253119737375,0.014568026226691157,-0.002392698704904996,0.007627405173073571,-0.01940934845151393,-0.01007991095156329,-0.0029907344935011207,-0.02745254882471726,0.008224080458795335,0.007865499167994783,0.04218452856923481,0.00676268537807987,0.007840740397626321,-0.005457110612485003,-0.027553838969712082,0.004251740375766639,0.011329687730364605,-0.032481541456010385,-0.0019097028743944445,-0.005941209095632003,0.03386340143459447,-0.002657008579002804,-0.016018587891732397,0.007307574396091905,-0.004880460644825968,0.0047909645329005345,-0.020529702847446547,0.002467832067293615,-0.0035844877774468165,-0.004053115619211655
2023-01-25,-0.004531954700811899,-0.016942391302168028,-0.002396904607462733,0.011935065899117577,-0.015879339460064392,-0.010611606389980191,-0.004727264520697988,-0.009913046720666707,0.00017432764683197248,0.01544752571438329,0.02178007544016901,-0.0005663035033558711,-0.032994757847762075,-0.0007230959326499115,-0.0004977038171455539,0.018684428303576948,0.024825288107117826,-0.01886488663122243,0.0367255297805048,-0.008512724727723797,-0.011284537261930882,0.025232745116698405,-0.01209716776716096,-0.008612517095438007,-0.0011935367953519705,-0.020903485404216608,0.016778316669700057,0.0240590431655939,-0.009043383681822796,-0.0151399193087067,0.02295068095015841,0.008971970034082934,0.0011874940367036682,-0.02073409992628586,-0.006996177098970404,0.004052955936992307,0.0010326108801207998,0.0038095770215275985,0.00507469633180976,0.016849401715329136
2023-01-26,0.006986421253302566,0.002357782113837323,-0.028452770119306237,-0.012096663108542863,-0.005722891434442141,-0.007205020408339164,0.011330139265252918,0.018575290539131886,0.020746583111906663,-0.02170067697839755,0.04229384150685353,-0.0034648401560920393,0.015466881802237863,0.028531286214711685,-0.01100137705843732,-0.001860499433060484,0.012432993859858407,0.0024821332465867394,0.00295828006982026,0.0023776411349731284,-0.014071473551418991,-0.00013028861126534877,-0.02212497516171739,-0.012777085824403484,0.011798743643727688,0.006222339438838648,0.021143866095831524,0.015175331870632093,-0.018542330165088657,-0.008561189436045067,-0.0011441236840873232,0.009525250153042225,-0.008256619783362165,0.020850991545872763,-0.017714294119953997,-0.03587595907563203,0.007059702085684735,0.0012468735599329046,-0.011471573278900152,-0.004278462795420329
2023-01-27,-0.021844543393858946,0.023877098880699853,0.012833465343112013,0.017263965535499907,-0.02394978601871732,0.016376315365309504,0.012906127144191941,0.02086987628718557,0.0017156390073987244,0.01362532853033754,0.0038655699477953076,0.009922255735365223,-0.006011589629677985,0.007572441672912824,0.021004827641065676,-0.012117971688379641,-0.005705171922790622,0.004557698550628623,-0.02061191229623609,0.0071751286977589125,-0.01120842351731002,0.010504884671318035,0.001352333306184738,0.020091935532261095,-0.018608655977925458,-0.03295896814829681,-0.02804529271862803,-0.004919397209506309,0.012375121190227538,0.024427797337764394,-0.02296828673838653,-0.017090909298820282,-0.008983481036976734,0.01933172364186422,0.020830251004733975,0.011519134156954252,0.012189265612121424,-0.00355417018870171,0.016984935986885642,-0.006664843963711829
2023-01-28,0.007494261933822702,-0.008205186925464571,-0.02013074727285207,-0.03559903557535229,0.017855091700255683,0.006430793501008645,-0.012218033608348156,0.00794368547853572,-0.003181275019481389,0.0020612050854087564,-0.018280321185364566,0.01799352029119641,-0.0006154511323258952,0.019499333039404508,0.0077082892118617435,-0.009110845196261,-0.013675260182892966,-0.010480196886477076,0.014440972330510476,0.00134834634205828,-0.003760912925610741,-6.02144761579959e-05,0.008449503705119911,-0.008028470792283958,0.011702543032510716,0.01037636823936738,0.0020864701582470396,0.01331939154106064,0.009080200088738485,-0.006516139815024646,0.01365549397736326,4.5654070741214976e-05,-0.014443278913458866,-0.009839603024536344,0.009638296268056505,-0.0025584350990531563,0.015765629508178305,-0.01832013115140756,0.002077891397639161,-0.009799708884120576
2023-01-29,0.009003918322486723,0.03422612010847884,-0.010149795751503519,-0.0015914564699441949,0.027898012239280838,0.010570692049443588,0.008777567415869167,0.015466009862158719,0.0017736328842484772,-0.01640423726486223,0.001039264224278124,0.0089695167578595,0.0015886051040968554,0.009200514333604835,0.0019785842120644825,0.015519700825799019,0.029118465765594934,0.0006958837104155622,0.018659020789236248,-0.023191319924147427,0.009425567048769935,0.010368426517585754,-0.0030205764914501237,-0.012178514338166632,0.021064334593923928,-0.002245318805476311,-0.003454147636891064,-0.0015107588479520394,0.003201015291223357,0.0034339346594737747,-0.0004553748221461126,0.0030334450494243245,0.01863538271611985,0.0050103373790332355,-0.022673384282118333,0.001334205596452883,-0.015165047976450682,-0.01925549490786049,0.014198699150064447,0.011094428207479324
2023-01-30,0.00021500860563401867,-0.017887653213371726,-0.031607795963576345,-0.011434418215267896,-0.0017336206957150224,0.004450083328315507,-0.02215866543174216,-0.003675124574183087,-0.019131338943675802,0.005877924939252269,-0.008342742229792312,0.006995034890920439,-0.013196253026334783,-0.018689512435146247,-0.013290598320412591,-0.02337831863762243,-0.014019217883981945,0.02231397810720061,-0.02235695714260915,0.024709466844876446,-0.014529649248299649,-0.003737594746188852,-0.01329829954881991,0.007305080081032093,-0.002782649963480425,0.026150711215758494,-0.009050659736449064,-0.015501556328508543,0.001136998942496899,0.021758606185900708,0.013054768775427448,0.003605038723698665,0.014856913129346205,0.03520287357889306,0.004846323917720299,-0.0019205530969421299,-0.007345035841491265,-0.014686166260745552,-0.015216913989971631,0.005859423850590299
2023-01-31,0.0031607926664098565,0.016744809133344914,-0.020300061085301205,-0.015007729019515158,-0.003180992561476774,0.02453956899626068,-0.002534854363768532,0.009680024611517467,-0.01032996282752316,0.00041924688480171797,0.009277252271817388,0.03150577640723153,0.0020844122106684643,0.004970306947168058,0.005914376537178358,-0.015828244497351675,0.022990665493758236,-0.008090745213587104,-0.024951010135594132,-0.012068429652479909,0.008734663676615956,-0.02428342757815672,-0.0022219348822847627,-0.01473387717722407,0.0214274925433511,-0.004203025666432637,0.010047671402007867,0.014034842226229183,-0.01167690954916098,-0.021742680329378004,-0.00548731729614187,-0.017019907729982582,-0.004523515316076442,0.011512996624983994,0.007677201199673623,0.00016766655425437928,-0.004621189663282706,0.015911338943726608,0.011851506601522852,0.0019141346391161986
2023-02-01,-0.01080806305941994,-0.009340205021492078,0.01226323377574871,0.004516946816413871,-7.983723406656846e-05,0.028744864637455243,0.01952030083948372,0.0020739495815255892,-0.001193586588330834,0.010032415242094531,0.016138418172186305,0.00035407753289945276,0.02885632727694642,0.0036457844615067226,-0.01527117608305453,0.0026620383364755742,0.008877819432456078,-0.005188017135872159,-0.005018403562096417,-0.010088798661389986,0.01901075299107915,0.024243825125419345,-0.011525694479682087,-0.011861645366587157,-0.004908910000564239,0.017217674124755854,0.014423815216845562,-0.0024334588705762273,-0.012696622116724243,-0.016546065936646287,-0.009680085727162925,0.011540996812772878,-0.004751373569407684,-0.023321450626572596,0.00845077045989805,-0.01529331549675212,-0.009390526360238405,-0.007902781544666802,0.009254139370286739,-0.028998983152192858
2023-02-02,-0.004961368464782309,-0.001552171700587693,0.006751955806975652,0.0078746168993826,0.0015259700906730632,0.0022776221533090495,-0.006225083325192135,-0.0014430184404508372,0.014993571260997878,-0.02620196908749073,0.010782469019405988,0.024765399026278972,-0.007865345156569045,-0.025569828149772322,0.021030470430342677,0.010954827025923885,-0.0032558227723707626,-0.02243519493088506,0.01662675489268086,0.0035809910418780695,0.01121886217531342,0.01425673337734813,0.00019091350941838385,0.0073508356409035976,-0.006791080623113949,-0.006504609821863348,-0.0023572641998161254,-0.005215890452820232,-0.019761817009228903,-0.023414290427300245,-0.025861838750144087,-0.02657990368454462,0.003830944205654365,-0.0029119385787187875,-0.005931298822653443,0.014404699821609492,0.015420620438789,0.006556331021435732,-0.00737430962966598,-0.01265533951982955
2023-02-03,0.010414513684005845,0.006104780609590429,0.04850329990873389,0.0021055010486242874,-0.005882943140567098,0.03204407377884219,-0.002285681894322434,0.009065104773651465,-0.015257824819626144,-0.010095014886004236,0.006825426323606698,-0.022420198098126797,-0.03261760490253837,-0.008902791097098645,-0.0035444254059295035,-0.007814287178518332,0.017578792351709206,0.023072155519217246,0.00805166092064984,0.0066991256159082725,0.0149324303722385,-0.003050542897761649,0.0071848671521722845,0.01166106101239247,-0.006879942573404874,-0.028414714672644278,0.011368917263893654,-0.0035020726360051615,0.024016460019335925,-0.033564497280254256,-0.010466109196559875,-0.0036921810979197354,-0.003305941837995656,-0.0029172209200515847,0.013299772163209255,0.01316441284901655,-0.002032374472434447,0.013572907198586802,-0.0060334762353261035,-0.025967051544667608
2023-02-04,0.023071251375214406,0.005325356294592479,-0.006663544272890284,-0.003840047576193058,0.005588422071428635,-0.007229461505078109,-0.007058995389269941,-0.009830483529654883,-0.004514015504106952,-0.01524292032481913,-0.034246631763041734,0.00663299169346886,-0.010734971111496374,0.033247116563863206,0.014241475582420445,-0.0008476646580653979,-0.004424558700528056,-0.006703015177430929,-0.0027492598170123666,0.00481100684653725,-0.0028639117402305134,0.04252566711248037,-0.007700395668832339,0.012561903017695462,-0.006781377729490617,0.01741883427332701,-0.008715163714329103,-0.002795460860201068,-0.028349375449892442,0.0010450624301602085,-0.0047869292257448,-0.0038352843225432916,-0.023819929669961434,0.000125250465340167,-0.02217030424554792,0.00029264268560700316,-0.0017150334791248682,0.022237383268657616,-8.596797939051676e-06,0.016364555100911424
2023-02-05,0.007838737414901015,-0.005584570362308238,-0.012610510376316985,0.024972715234291697,0.002908399981415785,-0.029678612973331006,-0.0013143248005416535,0.017846402967268603,-0.018884612988149106,-0.0023909908485127565,-0.015142185488362974,0.0030676238262910553,0.020526298461063314,0.01283293671106488,0.013942458147441373,-0.0015008293278996189,0.040404910322606964,-0.01920636265761538,0.010085522360552664,-0.0009806151031844601,0.011999257309790198,0.018371992406842355,0.020824038199022933,-0.030965452105313075,-0.005473322294667123,0.009769366571210546,0.017049813453823524,-0.018549589634920566,-0.011600120724056428,0.004853334021443962,-0.0024129467629136303,0.007867888797560988,0.009457004570585875,-0.010827352840916401,-0.00935442845528591,-0.011066568486240165,0.009999566601191414,0.018707755471197147,-0.001772912443306527,0.012889822123224605
2023-02-06,-0.006293901272230297,0.005357277640198678,0.00646663948569705,0.0043982941149578346,0.005708784025081001,-0.018174784966515915,-0.0040356576006234865,0.022658570102580655,0.032042751372600556,0.009534362050219333,0.017162775587836833,-0.0025575010020774383,-0.012637369358433095,-0.02133945082003968,-0.012455178122425173,-0.005992071646900913,0.022206917491967,-0.003509529146812873,-0.009299807101077095,-0.00038238813947926397,0.002576704307565049,0.011856274126515435,-0.004248583341327956,-0.03137796690804398,-0.012324566129441937,0.02406773733842334,-0.0023677293320886854,-0.015744334890203045,0.009326963218388693,-0.014751576243068523,-0.021587725588204296,-0.024271861482263096,0.0004746615060834208,0.021965741495499378,-0.005034885999036426,-0.016017215087375095,-0.009662839119380122,0.0018395252882084288,0.006245150278683501,-0.012801071062603878
2023-02-07,0.018552348072132494,-0.010795479051184415,-0.02599811487500287,0.014169450825385602,-0.0007883104966391493,-0.010759635081559244,0.005759208978997538,-0.02225104902601576,0.016151378100758156,-0.0397434553162505,-0.027872343632309317,0.0037947776252721986,-0.00564508996041586,-0.00300010261245571,-0.013138377191640486,0.007416232942636214,-0.025132978567044828,0.0004226987777481791,0.013363674960016298,-0.0006508737258599277,0.0037985462564134207,0.0030954868637563656,0.010930473873192952,0.0032673692406890854,-0.011050035141345282,0.01131302608753776,0.01276632388198965,-0.022050363088523615,-0.00528928746604573,-0.009622263098526714,-0.009743811090242088,-0.005420307660546925,-0.012125938074045089,-0.007032712589392769,0.018985402099490595,-0.002182733060615328,-0.012738308164436885,0.02080368829061829,-0.009312266999932923,0.0004773793696846055
2023-02-08,-0.0017766815251261635,-0.008230995711853277,-0.005054528016727348,0.011618580959601244,0.0063225088863434874,-0.0036819249375147248,0.005306701286885452,-0.005037640675017626,0.002654840734039124,0.015378508925452002,-0.006897265030621243,0.006603676919101301,0.0008295609714240003,0.01413048504691603,-0.004286552844551216,-0.007847136155414124,0.027586279998881996,0.022678676364608387,0.0008331947540871167,0.015090967524509152,0.01948596010884622,0.02022436651723209,0.025154541519788676,-0.004448900500963797,0.030533174525473,0.007801899691832136,-0.018796101225073348,0.012990991154999085,-0.015107837802589202,0.018253591279142,0.00027395034294612887,-0.002382165826746678,0.012210394512816613,-0.002198896239537932,-0.008096797464414688,-0.0042097332727030895,0.02526456047684249,-0.007910737295611807,-0.0038385066054124543,-0.00697182263793001
2023-02-09,0.011043635898486585,0.00013231281887768153,-0.024022474895490333,-0.0063153104809447955,0.009483433453803024,-0.004514934300686281,-0.012747513611163245,-0.00019977794441643497,0.00328848830165243,0.03599949942485163,-0.004055898867262495,0.009455769510059378,-0.012781560968130528,0.011328187212232929,-0.010644636338487001,0.010021823257537945,-0.0007729229502632319,0.011770821181605311,-0.008768039747181877,0.0044114684806772966,-0.01010143433626325,-0.0009988652318121821,-0.002296015482888531,0.014116363411071147,0.012946403032244981,0.007354610253527634,-0.01570818055965604,0.022190477762927336,-0.009206877004179754,-0.0164106496306838,-0.0065015396543558045,0.0038949754634902737,-0.0003953291746686856,-0.01977830768323779,-0.0022432547841894726,0.005026238929267643,-0.014169645596284152,0.007525570404127191,0.021003318454971352,-0.025281162757624005
2023-02-10,-0.017008280214025274,-0.035270499579149225,-0.001772488359959589,-0.00794358943698104,-0.007115091149527394,0.0024223078215408252,-0.032572755520218606,-0.02613384552207865,-0.023688821494806514,0.012394682741959071,0.02156669475225126,-0.0006794277291241406,0.015104263337609563,-0.022439538497333093,0.0027223980057034013,-0.013102723107279685,-0.012873865428560585,-0.007152390930472281,0.008710676822047528,0.013297942337971092,0.012848384915330859,-0.002764423320772229,0.007755092608658046,-0.011528026657615273,0.004351520025069756,-0.010654438641201743,0.014884205892553253,0.01137571946153064,0.009797965939790907,0.01116302725254145,0.034294026030388294,-0.007764625599489728,-0.009083832344217843,-0.015681965804569143,-0.006764729920821829,0.024611019553005646,0.001273793254225758,0.016019429927546597,-0.008635864876251604,0.0010311263846756358
2023-02-11,-0.017938515201120008,0.012728568821022742,-0.013028553402297516,0.01263660188212725,-0.03593464310772455,-0.025704710088798505,-0.00806469114330672,0.003627873718978077,-0.0068368731953153475,-0.0012421357590393675,0.0397005093488889,-0.009978035501453972,0.00735639198784307,-0.015737371457900756,-0.03195559270536005,-0.01117215465629395,-0.009947221401456215,0.021787644959611135,0.01218763771157831,-0.0029684662008382747,-0.009532615458716046,0.00016959813501633435,0.0012295751305213523,0.005886068436033995,0.03715814754766073,0.008612684298097858,0.026187193977923757,0.010705227625432566,-0.011433461183109318,-0.022085741899858537,0.005567342835487597,0.005424154875292636,-0.0054130185134746486,0.014284104672555892,0.016925367241285908,-0.0052468881544755624,0.0018841111607938166,-0.007511626890373322,0.00806316612658643,0.02680331367092309
2023-02-12,-0.0035738878802394655,-0.011734018399909726,0.007243344688899785,-0.005646965174501759,0.0013092519966875654,-0.0012955888544693424,0.007787436831704903,0.0006719122542540093,0.00450922412227016,-0.0049996320173022815,-0.0013139599767161452,0.014056234185856156,-0.008660572003498214,-0.0029834048814647114,-0.011957194770650372,0.005946050160598104,0.00446843297204225,-0.006701557465755422,0.003994996382923674,-0.007246626303903337,0.02694161909311371,-0.009150901466515817,0.013778763492863217,0.010242140960065437,-0.01430687589249903,-0.020468259923102614,0.0035841018237875873,-0.004987198221025132,-0.02083989611163977,-0.0015139024043839652,-0.008349792325105028,-0.03311285966458669,0.005411779474967179,-0.0025087127350647363,0.003031854471552461,-0.008706547733166287,-0.0023933083993629115,0.011197152827861545,-0.01627464378298383,0.00919324195817186
2023-02-13,-0.013247789120955205,-0.0004034763026764227,-0.01785973043998702,-0.005250359875675582,0.028375183121487783,0.002871793988370146,-0.011354803715714219,0.010163428859156356,-0.016076106776191226,-0.015252831048816293,-0.0062053098873143305,-0.0045793471365743795,0.02607230889845576,-0.007652110792685258,0.017456606133090583,0.02138901664532826,-0.001588632455648717,9.806354937756998e-05,0.0268430776241486,0.00034587146125060963,0.007032786863192992,0.013498253021758545,0.005392086275231165,-0.012803855622934112,0.008868235657958813,-0.005732137529059758,-0.024879653192914786,-0.008618391081966974,0.00017627896010404963,-0.016803008890173648,0.0032408122563034984,0.014102100232584035,0.0020226412457311047,-0.005862499551273628,0.019475530583568556,0.019078444004449382,-0.013171354117578818,0.006800318542325021,0.007271955279621109,-0.0038087283712274337
2023-02-14,0.004970736783606097,0.02087418916757244,-0.004425254744592095,0.00824127841964389,-0.0007651202720523624,0.0009489592875612837,-0.0031073217735020507,0.014553614992738037,-0.004830756393907133,0.002273099039005413,-0.0035815669043233393,-0.024155137776632744,-0.00728290622864365,-0.010503747086787068,0.005382706412884691,-0.013802463490588633,-0.0049314681683896334,-0.004505240147543221,0.021650758571378596,-0.005756309191316481,-0.008260237978508242,0.020946822968282628,-0.00047734925567402965,-0.02002248576993776,-0.014653666201193863,-0.015896636472385543,0.014255628840628089,-0.014312966063031427,-0.0062090532843616444,-0.02450508348667468,0.013389047351792494,0.006417825334567624,-0.008591486315101303,0.024897311241713318,0.015283209130824822,0.01820018213004022,-0.010073397898564164,-0.0009202741265026703,-0.0024619375942206497,0.026267141053137218
2023-02-15,0.007591724997823906,-0.0013378570581005572,-0.02904610455208203,0.018887563428855697,-0.012815448939929735,0.009687772959830046,0.010839014389795645,-0.0025353852391775695,0.00821517838554721,0.016937096263296772,0.009206717578703102,0.013679656917863332,0.01318822366073323,-0.004991439507497504,0.020157861142797544,0.008903204236884413,-0.022855212372928084,0.015978884904474813,-0.014004523745691007,0.0007439892455368407,0.02416828328415838,0.011027497134502583,0.004853918588065246,-0.011188038034544507,0.024051147330485672,-0.005245617366018583,-0.011482929801828903,-0.003278063682907296,0.019790083641252412,0.01108051784370368,-0.015959169686964873,0.008404719094619338,0.006637534954646945,0.020065422883144363,0.027608220767667373,-0.0040431419655181655,-0.007309222317424844,0.027332291979736033,0.0005820465368571803,0.00802466685044179
2023-02-16,-0.007340478343823108,0.008297989157279972,0.011612073354956938,0.0036611425630823174,-0.014420051531654642,-0.004966116727201689,0.004975379942633987,-0.010388988322993647,0.009522685958521408,-0.019870779553285877,-0.0033664144823244545,-0.0033245286416192462,-0.008189952553595716,0.012422521462079722,0.016474597178881417,-0.01150129827264601,0.019838416013573612,0.025608681102530034,0.02000044175372855,0.004787661854301817,-0.014207826092374223,0.020310716299331476,0.01409365623140891,-0.025101261204817288,0.004865403623370991,0.015117443992795384,-0.004633360853229568,0.03748431279571725,0.011587730501758499,-0.0072636857103750545,0.01725623496179729,-0.0006365076250111604,-0.004410239765367301,-0.005846475984095658,0.005145729332642885,-0.02165346770689047,0.020902913199203586,0.0011463473342266416,0.0013948185003059606,-0.007708439525083795
2023-02-17,-0.015217337949673445,0.02926385643259122,-0.023020679422207164,0.015002501310872959,0.0009369244136064515,0.004195874637557384,0.02220499713247294,-0.005732756098347986,-0.009858794888297665,-0.015605595342161202,-0.030675925089620963,-0.0007356483555009165,0.008315354544240448,0.0035653222849402156,0.008468673385095863,-0.028543136525417165,0.02858734086181783,-0.02775389763171336,0.0007189696145588621,-0.011572862103372517,-0.01908948536616085,-0.017641275756225216,-0.005084784548155065,-0.008326130687009227,0.003933302736031777,0.019485907009193556,-0.0014174176494822178,0.012045311958545045,-0.003059702569039285,-0.02434169224408883,-0.0020898478079374575,0.024533978608434034,-0.001767015461758806,0.01131757494349185,-0.03710431991483925,-0.016412081085710954,-0.0010540358842854158,-0.004657675351471963,-0.01551689556400427,0.012381788892891574
2023-02-18,-0.009286413572870177,0.0025355976364244952,-0.034812739552278475,0.013164444386314783,0.0014817882274467896,-0.004698712628982641,0.0021231292073369103,0.001791735743939744,-0.006748570358153936,-0.005194831905322854,-0.0064034132975236135,0.039878036245352314,-0.026948588291978565,0.012572876982633674,-0.0014627456838052048,0.02815040485834776,0.009421441724000263,0.004228707121793098,0.013130463199485498,-0.029005570768641433,-0.0015309043076543126,-0.0005931286367211106,-0.011944121730064101,-0.01594040124198326,0.015783369261359075,-0.005789454013650233,0.009661490513191194,-0.012805877303876891,-0.012763734585056776,0.0018662689887888955,-0.025851253994700875,-0.0024418900323130545,-0.00825920100049734,0.003027293094383443,0.023257718596812797,0.00379826687511938,0.018603252582282175,0.014143842944781002,-0.016373855451040944,0.01945263664537211
2023-02-19,0.01671074989464271,0.013237233734893623,0.004662718118762564,0.010012326524605947,0.018009477630353102,-0.01584722812757949,-0.023437392451494416,-0.009584278429728196,0.0169491918827314,0.006391618242820399,-0.007658872866880098,-0.003031032388241691,-0.01727128475839972,0.009393778681124388,0.03612857521374411,0.019748249108852478,-0.022661104296709783,0.013461425877898628,0.006764381792736692,-0.00452925294220255,-0.006949899131431259,0.0038502752665506156,0.019731080305792213,0.0050884054674766605,0.005913536992788826,0.002715092091024187,0.015091892258376812,0.005773568526881934,0.014497075470489994,-0.014442193066036163,0.004773170756414497,-0.0020041025791546862,0.028780589654551676,-0.011738076937139822,-0.007652741930485962,0.023633527371109065,-0.00506919344272176,-0.0017903841924772263,0.03432326887493537,0.0037360219083099246
2023-02-20,0.020397588334284556,-0.013417455443732195,0.03757864963678179,0.02673315567658273,-0.010170738381038416,-0.020881742807696353,0.0068330438170465125,0.022991360140055372,-0.016553499017912515,-0.0016907975094698977,-0.0190481947857752,-0.005994531583510133,-0.001592324281804254,0.017079312708933415,0.013484773172566855,-0.018738995146749208,0.0059925484010051305,-0.01328584492266087,0.018174686941170363,-0.0047711377870098964,-0.0009034008855967647,0.014501764019504804,0.018972451597317,-0.026698420220041555,-0.013730265057264313,-0.01765990696199831,0.0008806019341756146,-0.001411227359055211,0.005466405060782938,0.020513275573294108,0.004599464910213812,-0.00739766779503382,0.0018091842383351625,0.020984684796762333,0.019387859882009563,-0.0029878398274850587,0.006487318561127029,0.0022585995460874123,-0.0036536797651981422,0.005586794568178765
2023-02-21,-0.027346405510464543,-0.014067001855464832,0.006592453317665241,0.013151952960955334,-0.004609475186357537,0.003649396983225728,-0.00993777917583252,-0.03128412575305264,-0.01064932566544831,0.013287533426970033,0.016219195110600465,-0.03490225140106871,-0.008842979807021046,-0.02705953435261015,-0.0015906734154540136,0.006004998830141587,-0.006072995818909422,0.010142462537866796,0.005252398391581136,0.03803036051685463,0.02574855486124859,-0.005568028541818301,-0.019217136326228918,-0.0024213643640672035,-0.016009774613289406,0.0058082766878240644,-0.013445508248124797,-0.017673622716665775,-0.004263646332787179,0.00020817799334209476,0.012629985852379882,-0.01797216454661608,-0.004242375238362905,0.01292426099004467,0.010550085383956496,0.00018497160216758508,0.0005536909663554411,-0.013918046642091756,-0.004544508142843949,0.0109605056038461
2023-02-22,-6.922449771322307e-05,-0.010117178248007485,-0.01520079037816386,-0.004612518304513086,-0.0037176402788927786,-0.013489932139082814,-0.013968409954488762,0.007571276118611079,-0.005818648031498107,0.01001255148748461,-0.006997295824161169,0.011440054128742425,-0.024863482075189913,0.0005765872532556978,-0.03243586713408851,-0.009282060071383982,0.014860224564828033,0.00428532912286521,0.00049784672636733,0.014008102593658712,0.006412411773149737,-0.008710809646297911,-0.002868117521841702,-0.014692070221661361,-0.009952260623741698,0.005123863653729209,0.021562158656787737,0.008580008903321352,-0.003415556729840699,-0.002663799856889519,-0.0012343404889613037,0.013885031552512738,-0.0165583269758465,0.001334701773086323,0.02189576475843583,-0.007675719421595071,-0.003958105510769621,0.022496426777304755,-0.020125776173857135,-0.009951699456751886
2023-02-23,0.00193041762530156,0.0072802399222838925,0.0060066692952775586,0.0038400084079964706,0.0002977686153062143,0.005718548396995812,-0.009268167546208277,0.009796857834752452,0.001632378567690456,-0.016742415616532526,0.0009637220920336409,-0.022896880166074687,0.0007194519219122284,0.016024058726872733,-0.003963615085501622,0.0013228478951993385,0.013244650443964737,0.01286341098363289,0.015720135842589956,-0.00649064040066023,-0.0026058950056815737,-0.002223525931460566,0.00034342149074873527,0.009006268006455355,0.006587120092348317,-0.005041843777732681,0.008294430671548962,-0.005639163360333968,0.0034726780846848194,-0.008611938806311193,-0.0034130284644394555,-0.00594834228804879,-0.005572041353644638,0.004046272557291852,0.009503236364451603,-0.002355078367293947,0.002736391796595369,0.01046001436205791,0.00943442031126708,-0.003799215750326292
2023-02-24,0.014105974867962837,-0.007146031563709042,-0.0008471803370212298,0.00512665781258907,0.026794303915292073,-0.0017745297144555403,0.014420117285694414,-0.012348787533859113,0.002322933243114333,-0.00591550299864021,-0.01633882197897969,-0.00595351437725343,0.008934286123669269,0.012694094099993725,-0.024785845757675822,0.0008102298781755826,-0.007952299115115209,-0.007677117470829678,-0.011012026733109168,0.0003894233095234716,0.021545681239881632,0.023612181709166073,-0.015939979397041334,-0.0016384052046807332,0.011219382153759843,0.013074108863901417,0.012027883208506592,0.03441833390050492,0.017502785825098673,-0.0009270682586739404,0.0032909865901628614,0.003956155242145964,-0.0011493050968991697,-0.006517129454950052,0.0035817655964325524,-0.002793223521571481,-0.0003349144729917835,0.0014729826179676977,-0.00733810313990543,0.026669889080615513
2023-02-25,0.0036022969991531925,-0.004951673782043095,-0.010223184771221484,0.021261585803399645,-0.002446613592814261,-0.0006710910637829494,0.008602442666896915,0.019427136537668407,0.006185681993423299,-0.008851731601454093,-0.008104709527623728,-0.022612377966674185,-0.0018204252559805988,-0.023733645632184358,-0.006224521843704445,-0.001773360621885088,0.010009625622218072,-0.029831849862670866,-0.0028570593226959467,-0.007862305878218496,-0.002488507004670627,-0.0030893678718764807,0.013305113810126105,-0.010088261790738642,-0.007621606176719415,-0.011493956140417335,-0.016104226375743866,-0.0006981259414115793,0.010768586055732174,0.021027183100332296,0.005711079859917621,-0.0015853901155757108,0.0015553774280959974,-0.00826089544260183,0.01202528555821814,-0.011769252400596734,-0.016429155874723145,0.015089924007952667,-0.0028578460000636286,0.0018100482629773893
2023-02-26,0.0038162540901062803,0.019462154093074103,0.02557486580962038,0.023127817041318815,-0.003098436150128943,-0.0011403997334614034,0.012426968863746137,-0.02522619828402414,0.020519066399397563,0.02733009984016657,0.035208261100185385,0.007246660804956116,-0.0027037513039210362,-0.0015476158626678256,0.007494744598290044,-0.016905950714370444,-0.003295485074912164,0.03503619407329058,-0.014876957247887061,0.020541178878849476,-0.003295361023216799,-0.030741153049516582,-0.018175970366160907,-0.012462470455859152,0.015270529495764299,0.014630449650422669,0.01171005231872259,0.030427621672582245,-0.0023604861891172637,0.018354460031986666,0.024735394780515205,-0.013420049214174183,-0.0031051579706266436,-0.006122952399931669,0.009467939737073236,-0.0008617268124514492,0.02007495436395824,-0.0026772011876257844,0.007997735607128673,-0.006830423071728852
2023-02-27,-0.0030779656171770653,-0.03920576531597301,-0.005862246635111729,-0.0009946913130422389,-0.015472563238627546,0.003369330067889311,0.007597096426268313,0.012556668335825465,-0.0018086934450633682,0.019458919762932306,-0.0022246839772431734,0.005148490567660858,0.024172937833072155,-0.005878955132223971,0.012927439133524303,-0.0003219415078196719,0.002993971802345824,0.017196219772717285,-0.015327392612604206,0.020247127335118048,-0.009601113458574347,0.0074237354017934794,0.0034287787103242607,0.015554608586251585,-0.009681598233352918,-0.009122828529614416,0.01036534927357911,-0.005849897192268022,-0.016478105509418854,0.009926626927361173,0.01737875745183998,0.006770280019147855,-0.01144176013956176,-0.006129379148886725,-0.0013795413071705544,-0.010279169985167794,0.01272688255926554,-0.015037260698436021,-0.006178870494480021,-0.01868992196195305
2023-02-28,0.0074401790800837555,0.012488243773405442,0.00028469816044802786,-0.0018294003467679604,-0.0071438837024262285,-0.007817339939260972,0.004599974735137499,-0.0006861685458164702,-0.008061492125857592,-0.01834714193276241,-0.003038526727713076,0.020890155168315917,-0.01726357400858793,-0.02828344528451092,-0.003403905740034236,0.01642240022062087,0.006387214974037544,-0.0021987879634978447,-0.00018696857681524913,0.010018478587022987,-0.01761570373367649,-0.035850500462981036,-0.023800813149771245,-0.014206972270187366,0.00499846451202169,0.012374339643602846,0.000381501682795673,0.004921945382282118,0.007265601763986855,0.02375925074715434,0.008452265977136953,-0.01251664164321231,-0.01002456920947253,0.015301966559944556,0.012489341843807372,0.006930987812897858,-0.020045270753360767,-0.04597411305405099,-0.03537475365986447,0.013873016173577345
2023-03-01,0.013151982702284635,0.0013438199380825504,-0.003852143655877042,0.008354106046474746,-0.01778643436892421,0.01937898111527118,-0.0061509870015185285,0.02728158557613887,0.015582725787305284,0.019160609126149978,-0.022210157511411775,0.031089970434982142,-0.005283086437069659,0.004470802182920753,-0.017511525097874077,-0.013869288731636068,-0.017927308369540287,-0.016951705782983665,-0.006171275640682544,-0.00746002826564047,-0.0048869024660750104,0.013165172432257871,0.008381304988505265,-0.004171143162159389,0.029035088536836527,0.028247659857817197,0.027330388164946557,0.007877697658581564,0.0007557653253225923,0.010739937652188804,-0.02883103395879383,-0.009950271020199646,0.014585246028514525,-0.004492639802091098,-0.016860875250043605,0.01692022892736758,-0.0042428068987596206,-0.013620570420328739,-0.005369418031014813,0.004786035970504044
2023-03-02,0.0029774274539667756,-0.013562070339352271,0.0003967892811215897,-0.026659566211685994,0.0012424488969907752,-0.020342717182933207,-0.005546574479547763,0.0013497138244474003,-0.0010138689786725085,-0.000926677365599863,-0.00017430370969816731,0.0007226654158749301,-0.0007772838147377089,-0.03940470229331305,-0.024645745997521992,-0.0006349926219349007,-0.013387537673578238,-0.013948502628562709,-0.013776659591192683,-0.0019803640519046725,-0.001895336743484766,-0.005732209075475411,0.0027320243040306015,0.018322383287825893,-0.007985999305079513,0.019050528529511244,-0.01638809013563019,-0.007784278902672297,0.016478873279545305,0.0009599269270429351,-0.010892801732548672,-0.02544633714364815,0.003288540227113654,-0.011436068696721612,-0.0008152943012376286,-0.0001374720516912096,-0.020343383617519892,-0.0019701953143738743,0.0054707248532036255,0.01837477124032885
2023-03-03,0.00020372990725185273,0.02067205703180442,-0.0036043165260543956,-0.020158965318902353,0.0010228958544315188,0.0024938115890263445,-0.02445274084514337,0.004360288842504214,-0.025098247392889534,0.002793817081867087,-0.036182045260016574,-0.004381190071722491,-0.005964466316860173,5.571807080195692e-05,-0.002653960628621735,0.006142410189805724,0.03226665603339195,-0.015143340002353761,-0.004938274989131011,-0.0036256586439704194,0.016895657129024702,-0.018224852549293725,-0.020635805593482694,-0.00695862426948205,-0.011920455230686371,0.022676548880673712,0.012227554274263197,-0.0010533358247332661,-0.03213434381700344,0.013688743310871701,0.012304705638902135,0.001927022055471267,-0.020206278963929007,-0.005888103669000904,-0.01428270906824072,0.013313705459839963,-0.002343000964215152,0.003226511021826914,-0.026695881966417426,0.0024120631728967593
2023-03-04,-0.014193849495091936,0.010674621345971497,0.007600024669515445,0.005359871236459509,-0.006144330609540619,0.022505029778691975,0.00720497443945238,0.0027844307855139925,-0.0013019746691997124,-0.02671214845731539,-0.00645989858845868,0.02861940947248434,0.01554899906224969,0.012866426034102244,-0.030195673493758124,0.014821353342686402,0.020939860351209583,0.012568285255466988,0.00800103262075645,-0.01506576541286372,-0.0033259356823718248,-0.011874584872731025,0.009952434026125456,-0.009247542164268402,0.002302061040043321,-0.00968669886165204,-0.0012028619291396616,-0.003088535731301085,0.020337795025735756,-0.003658113071000084,-0.014444324523811473,0.008747076173537682,-0.0013211185992709055,-0.0031738996191435554,0.008429570654338065,0.0033842268951446643,0.005063686584906966,0.013782306119418471,-0.01329329548653852,-0.0036804054385595687
2023-03-05,0.013055512227561945,-0.015501494432349182,0.007446125113121925,-0.03419936184759208,-0.015282376557968862,-0.008537675068530707,0.036136099333309475,0.008922173549270877,0.045063297540890015,0.001512759944304881,-0.003613361578411321,0.010064347760835394,0.002357168569823509,-0.00021706449083646305,-0.025159177934845074,0.011936750175014183,-0.004073993890078828,-0.0033609273124749245,-0.003554939328994695,-0.01964356857020356,-0.009222386553686313,0.008463923220087691,-0.0004358308671818048,0.008472604816084292,0.003706086271932828,0.007841092711313507,0.008762690824119986,-0.04886895633892539,-0.022860402700224512,0.0016703576493591334,-0.0170395434625057,-0.0045954233119836225,0.009404399063396733,-0.006278465319996004,-0.012019683422956317,-0.00345101636458674,-0.02329031505661784,0.002212991243572643,-0.013093248053528716,0.010385838440566196
2023-03-06,-0.004713370471292314,0.00044161846474429406,0.019720501296283357,0.008782786537616626,-0.00411424233692833,0.00982372012649507,0.0018620482381839294,0.02516485379187877,-0.02252957080546911,0.0025836879392896295,0.01573326996850902,-0.004898099989389573,0.01355003074642591,0.0006708347797937267,-0.0036595420084850777,0.003527954067884315,-0.001039873813378899,-0.014632690261479972,0.027606513388041737,0.02445181031766108,0.013107063929886602,0.004068176272426312,0.003778417188961861,-0.00033214661111041646,0.0008382995889145422,0.01790525669071244,-0.002851889364900508,0.006142165166848795,-0.0046953108336540116,-0.005067387282958453,-0.0035295787602713405,0.0011994439179613399,0.006421010966392094,0.00656308370233912,0.002349175021723628,-0.007088532243898283,-0.004813486467187877,0.0026565298863541623,-0.021198404389677142,0.01008843016824622
2023-03-07,-0.010616226308326123,0.013115048289453054,0.005109127061967155,0.007633387258388129,0.024856128111348588,-0.020179606628829443,-0.0006237177509458933,0.03040831260891269,0.0007004446225026819,0.002452614773169449,-0.012296831630460378,0.021036557478692153,0.022037481112756222,0.004690472890885694,-0.0054740435099295895,-0.01744353153056559,-0.005880210372386915,0.005069797355201473,0.014357660754770728,-0.019984665143970556,-0.008865145221018578,0.030553362117059803,0.007849481579837492,-0.032535635437968446,-0.004645007299873525,0.004097303799583129,0.024083881020193983,-0.012341600246144896,0.020795223639862127,0.0021753120120296425,0.02087465290873519,0.004248923735898259,-0.00946289790027156,0.006907559380063171,-0.012346906817452897,-0.004341370932116251,0.01928615835758541,0.0019267331941299993,-4.991445628394517e-05,0.0009850356908224903
2023-03-08,-0.008663982185404191,0.0020362455661688214,0.020235529350554952,0.013702524127277465,0.0035645272681360447,-0.024772822385160407,0.01239804981896529,0.014241372914650129,-0.014508031103520301,-0.00602731163299919,0.006087775098078939,0.004125494303079853,-0.003885170204927463,-0.001213805080569596,-0.007662602564024543,-0.01644994725373965,0.003148563390908587,-0.0012907313544412652,0.020349937384648634,-0.00048085471632775966,0.004230576218168245,0.012555314749213842,-0.03932024522124156,0.00631886318220415,0.010155648789508783,-0.011710542676182578,0.018111336679089648,-0.0001574942597391785,0.006894072319486874,-0.025336831622819637,-0.007886364641479633,-0.0021090326373605158,-0.005253325581966261,-0.005715694075251441,-0.028883491142545483,0.006753928461962693,-0.004798310176933787,-0.03468796921482736,0.023022197899133248,0.017535221509922868
2023-03-09,0.026445722637496342,0.002690267250178584,-0.027214918483853268,0.013015186151366289,0.026061957240502417,0.004945363046663711,0.006101053553274791,0.0026776094385724185,-0.002057252840650544,0.000723390465939164,0.008654907320684293,0.003492956677171945,0.037483859874888316,0.011382449826821578,0.025350100802994723,0.0083135935712526,0.006612661730243276,-0.00040644173506872096,0.004667524664294006,-0.0007236226846463593,0.007411947458316073,0.01182862850728981,-0.03129395355984132,-0.01962952292284309,0.013787677977283369,-0.011725208407659053,0.01773538149234354,0.013285430147489705,-0.02126413159859203,0.015852860661321518,-0.011031264494382414,0.03247378953378277,0.0009220289874584407,-0.010235902981556688,-0.009294329781927006,-0.006104251282749327,0.0020629090828439573,0.02032017606710664,-0.009143398661664874,-0.003685752919037256
2023-03-10,0.03399556804513207,0.007734281809253804,-0.010105296244505466,0.01554923750058534,0.0009417131569143748,0.022944472428587392,-0.009172404613951328,-0.0020121109132380105,-0.005175222371965852,0.019847746737949243,0.0008697623141385372,0.03769155256209871,0.011496817197908332,-0.008226445371881174,0.0013757895405334991,-0.00818513013471361,0.004871165452648308,0.017770989691864452,0.0032444045796508757,0.024659811639162855,0.01145883620856116,-0.003486613412846029,-0.02047852340177782,-0.007601659749528629,-0.0003540052073133067,0.0172641356311108,0.001271633036917314,0.01915833309571966,-0.004017181015772656,-0.008768187634851278,-0.005815016969546338,0.01790723052467819,-0.01484855725575703,0.005151737170884832,-0.008498321844790923,-0.005780508806364701,-0.00033906288988402747,0.014632703827635471,0.0020006300983674537,0.016201073037891568
2023-03-11,-0.009267915586102156,-0.016751007213854346,0.0038246548079731413,-0.014791980812975773,0.01362900669569128,0.006136356936623205,-0.009463136640280293,0.003936434888298939,0.010019180980856227,0.004129692269740117,0.017028562554881655,0.003954303439145289,0.02058858660003618,0.009992388705513774,-0.028066278712522916,0.027958477914759458,-0.0085888218512733,0.010003441833837896,0.000925934555805939,0.002976533221050848,-0.0030793319297401566,0.012383501136645797,0.008126025890483056,-0.008987528646877184,0.005696743474742359,0.005894917234990063,0.006963310601897111,-0.0023801686250494196,-0.005242003380188711,-0.026337450626457187,0.010387021093012564,0.006388288982032839,0.011969369258603825,0.0006256264248289524,0.02866046019891967,0.0221307817554961,-0.008156179589222974,-0.010519764757075646,-0.005205171769392265,-0.00074157738657288
2023-03-12,0.008341365477619062,0.007760816192876222,0.00610990481781854,0.019292816743995893,0.00991953244628821,0.0056819977632781744,-0.007720655808478012,-0.019659970254591184,-0.04130879493357356,0.018831884928293952,0.017160545990129894,-0.008986550298254974,0.008836658321891925,-0.010012392106504984,-0.0077554390780295804,-0.005571377166729747,0.011524199669414932,-0.013691905826443583,-0.009266377314013806,0.013309339533873829,0.0005326190070984191,-0.011662536568920617,0.0024409033621119207,0.0003804196310984452,0.0030119632160121677,-0.022248678502339553,0.036674978670730246,-0.0025662985806642552,-0.014864852939978504,0.0055500072960031465,-0.01919246440956787,0.010349351714034527,0.003894495193609604,-0.012360541332924272,0.019516739265642936,-0.013763059141555956,0.023795041279862553,-0.011927150011965287,0.003599618132094045,-0.0007634082545219152
2023-03-13,0.02050231880231621,-0.0014199164244098972,-0.002969216372513995,0.028342972828230933,-0.0039692482380848226,0.04385331515355196,-0.01720068256577627,0.022100562389938207,-0.0023738771027980343,-0.005472876755301115,0.018836496824367086,0.01015850616134188,0.002775500843105418,-0.013008694033617107,0.001497811796244257,-0.009656067239362472,-0.0014479863010397416,-0.011868915673203176,-0.006025001279053753,0.00675423833948962,-0.007656637217486342,0.027010209752211873,-0.01761286948877749,0.0168020339587757,0.006049047100488876,-0.0009254971809120722,0.008609291884571393,0.023208753874812433,-0.0060625163208127865,-0.0034026293441385704,-0.029844803711741,-0.0007294736495285295,0.009581474595796847,-0.012533520151003239,-0.007454876129653232,-0.015071627359600956,0.046548667985294084,-0.037537640055436944,0.010737738260231564,-0.01138011153927787
2023-03-14,-0.00884380479524199,-0.03496856040075185,-0.014622408197629003,0.015164802208371107,0.007679755645212012,0.004398801548375534,0.00025380769587047484,-0.0007750441905187042,-0.011545102833908763,0.03226385570822926,-0.01787182920504987,0.030902505453305792,0.031830761175389334,-0.0012075444718911863,-0.0016831056442353797,0.005402431249583844,-0.028265179831285698,-0.023602297236496365,-0.01253440515208684,-0.00558864311008553,-0.011339213073935286,-0.0035633933588571725,-0.017218520178402467,-0.021524729755089633,-0.010640818171990162,-0.008293853664616622,-0.0033548715739038725,0.011535297729755652,-0.00030672433645102576,0.026777211299814276,-0.007634872715609102,-0.0003635845056532309,0.01667833512819842,0.005084141143668763,0.0005433784455413629,0.007999701855007632,0.011382149618533123,-0.01837092496751501,0.006787882159009323,0.029221189892415997
2023-03-15,0.019181565773889492,0.007654637919537568,-0.0018688407162222019,-0.004782479673662082,0.007880819412263946,-0.0013157836403156844,0.009901657149169856,0.008830229377135559,-0.030482996194292226,0.003631095621411022,-0.010905648865752003,0.008196179489129003,0.019630567676636543,0.0011282509051946232,-0.010080966202370102,-0.014639863424358237,0.0047460802923266,-0.023581897949582303,-0.0016737696809126794,0.02469731457938646,-0.01807022768376584,0.014246519987913691,0.0141452199063901,0.008798699696520477,-0.01903784031066387,0.00297004270083221,-0.0068693162792873245,0.01689960474232566,0.0097191719881331,0.0025731749020882692,-0.009562810578415256,0.008829327098696271,-0.0011862246433479008,-0.003471787477569224,-0.017673242223715347,0.024023814321583785,-0.0034001759000240163,0.02632835066878278,0.01799221144445681,-0.000923506817715551
2023-03-16,-0.01678525827204744,0.010806535742786698,-0.011874392407843368,-0.008958699363375355,0.014391775577616438,0.02383365357326462,-0.006146194504355143,-0.0011018706225699858,-0.0068404038285653935,-0.0024323054029990274,-0.0022069093319022396,0.012925652650013554,-0.01393463198254785,0.011362100835004661,-0.02206460647585773,0.0026019674278203843,0.023222317842092995,0.00602669764680089,0.009606314466780954,-0.001598721142531893,0.006350239644567405,0.0021434324565526583,0.017217917113332867,-0.02060882664052437,0.018709181114363784,-0.0184444572163449,-0.02040090275207273,-0.0235467545353667,0.009855900952688412,0.004470791379488486,-0.009739709436057273,0.003913309485529284,0.021002336845030525,-0.03665541085380924,-0.01783483616107873,0.008646340694683239,0.02413464955417019,-0.004993833056286898,0.01722711971738035,0.003273048967472046
2023-03-17,0.014254612049600416,-0.013188396547267223,-0.028426395046655083,0.032421575626383016,-0.0016701841234633918,-0.007444734127748027,0.005840256179082319,0.017599238823990435,-0.013744811600064667,-0.001955350210332337,-0.033646637304662344,0.02277239320837474,-0.005311156074636664,0.0012063483295384953,-0.008973853072225717,0.003968384810670982,-0.0034077041682818708,0.01913491213918532,-0.001485310637260328,-0.01498322280529801,-0.003725183220628193,-0.012751445300758715,-0.02634719673584536,0.015856733410385244,0.019308207964241358,-0.02440295596979617,0.005019086855960669,0.04190643653573823,0.005650891952828911,0.016078487142465476,-0.0023849817849635325,-0.008820482727251538,-0.014248204943364793,-0.014970051314331176,-0.0031788229076875917,0.003464042211576222,-0.00958578495008456,-0.009926321175287753,-0.015846378854665978,-0.011373550717310344
2023-03-18,-0.018599549334290335,-0.019901499130578412,0.013419464304988351,0.015869140947838877,0.005855131647741395,0.0058471061974415504,0.002146873038077453,0.01618985360271746,0.003232641614886067,0.01807761180689518,-0.02816133089309616,-0.00658161023925306,-0.018144838145822316,0.004224732988751619,-0.002237950347459733,-0.018579592964702435,-0.004036105759139548,0.019986863336209366,0.007076049460388806,0.006727122247239018,0.0060158726557684086,0.001584612777161407,-0.011247762054313234,-0.011955152781486796,0.0012415055240289116,0.0049832119304350445,0.008856180255933595,-0.0055010883403539095,-0.02697908170894014,0.026160358410833185,-0.023646033383236894,0.01698833697269052,-0.0027152488316399136,-0.011864019375757665,0.003328728850945102,-0.005865128406742241,0.006254492421656344,0.01902740694135281,-0.013439669136681204,0.0157998759641021
2023-03-19,0.02079439503887744,-0.006082917438675388,-0.022633004216058225,-0.010228685854642209,-0.024389953118566766,-0.006962823668422043,0.02285090874351714,0.0034101312186663054,0.005258709962716634,0.0020408687670029207,-0.0018625672427549887,-0.0020640777301018784,-0.019510606845797706,0.013970769991596434,-0.010839015389968688,0.0032285541048106443,-0.018173898740633004,-0.00229950707815032,-0.00025026498023927716,-0.01633091803302038,-0.006762192972527751,0.007218735099975639,0.000558033129499163,-0.0018616868363920186,-0.013682384627018271,0.01855541325065637,0.002495472269153717,-0.012760090426147444,0.011368283706178694,-0.03095942401725965,0.0004330981495201292,0.0045206440970472946,-0.005172675692134695,-0.018230537751422925,0.006668552211110129,0.005010367693866804,0.006928218246638095,0.0005732774166455863,0.004818025195845567,0.002346329442623183
2023-03-20,-0.018613853185796624,-0.021468665813660793,-0.0013828611792243027,0.01083692458179281,0.00891095281815299,0.009457196411694421,-0.020409180776283887,-0.0042922154261950275,0.014205102999448266,0.004565297316835632,0.00335270288647999,0.0062588134174478005,0.012593906201719653,0.016081908675870015,0.003996747931779551,-0.0067269192086960895,-0.0079073712835193,0.0173367300826533,-0.005826907302933032,-0.012726942524955515,0.001914340251602114,-0.005553407919651867,0.028116109993001587,-0.012092012563475748,0.009129372330688865,-0.013077140201106658,-0.004856133328038427,0.022693723170360645,0.05258826559057992,-0.009115718836008499,-0.01808386569242836,-0.03422553902316456,-0.021352226298596164,-0.01876601387915195,0.005457880482919406,0.028525335432472,0.0034564944967913373,-0.021298100867776868,-0.005519808262945706,0.019692953547504524
2023-03-21,-0.0006859674413843418,-0.03962023847101163,0.011939218397106054,0.023303237386042168,-0.011124117566554953,0.012976486806653233,0.019849795029286188,-0.005082844696319231,-0.010392510253761356,-0.03057139343790389,-0.005032524441991449,-0.012393652682796583,-0.007096253525971687,-0.004688267765284963,0.014868823951159097,0.0009481236686785491,-0.011268037048590978,0.000553334837949782,0.0015366349807034744,-0.011030389125441992,0.009501486599603369,-0.001151339216928166,0.0009643300138690926,0.009692025874700125,-0.007367053905463232,0.014547609723561164,0.01153316084735361,0.0009393550932612846,-0.017394219321227308,-0.02204647365853367,-0.019188391467332512,-0.006573779696694508,-0.0011563481299409052,0.00019204008794493046,0.012209120217758435,0.0025759149301382927,0.018171198955191953,-0.014880456592908063,0.021589010688326422,-0.01507100441892487
2023-03-22,0.011812868875436276,-0.006997628765876849,0.008479722294269904,-0.0050069995199945455,-0.05000150700770294,-0.02298555507282459,0.023340436660960775,0.004438913149816433,-0.03168012298697582,0.0031018189194504516,-0.00327773091545914,0.01761439553655136,-0.002715649280958558,-0.00552005558078587,-0.00573825056311569,-0.012082466601482805,-0.002186383117671832,-0.002509900026297296,0.014370424641845162,-0.0052432538519352236,0.021055027100638973,0.0012968994689720363,-0.012794530053089666,-0.02470901827871709,-0.008820843579097603,-0.007086560509029045,0.009218786155061477,-0.01150104186295661,-0.00885502301132502,-0.002581414938367513,-0.02019491031140061,-0.03268697848914982,0.0032380010725440553,-0.011415580458078082,-0.0002700860859748246,-2.5877258073387418e-05,-0.041539443572770667,0.00602176483688208,-0.03512422941376391,0.03386275597528056
2023-03-23,-0.016356373111808084,-0.011939743043406349,0.001162917146612142,-0.00433333187487514,-0.030318783059321234,0.009015929057699937,-0.005596734301406057,-0.012662677946350998,0.03301832940712816,8.99877882221511e-05,0.012616451790508548,0.008013657438443915,0.004557056879208276,-0.010104578103201766,0.005107461857817222,0.006723141397732085,0.0002471133323450549,-0.004890981412462747,0.0006463730913434231,0.007014823674083515,0.01899158115314407,-0.00993209856189242,0.011398883676005675,0.016159407753479717,0.005126279453628098,-0.0006901869615340247,0.018110230903399464,0.01825236700292723,-0.0028963178856318966,-0.012303508240307248,-0.005677514068646876,0.013985232591952638,-0.004190481479260086,-0.015213497768347323,0.0033343472401997473,0.005800179882324534,-0.0019073044780653554,-0.03500028606032002,-0.02239417634936722,-0.007629006160038615
2023-03-24,0.004010608051425725,0.013229558424021431,-0.02141029328147384,0.005416665012516756,0.02898281110585787,0.014272458865158589,0.004963384792430211,0.0008825908735877188,-0.009678263952731627,-0.008747813953431893,0.0001950660793592231,-0.006608124057438864,0.013377876638078464,-0.006076402177811566,0.01948473921747397,0.011159036063398178,0.013885990791989307,-0.008129335226770269,0.001797810343882915,-0.02392752574825769,-0.009862654483272925,-0.020697040905991785,-0.007360255964008713,0.011375385696088,-0.0033769114419804577,-0.049045252473234144,-0.009921281669268018,-0.016721615016437784,0.01698033051399333,-0.02199795975095106,-0.022672630449828424,-0.012630098883947142,0.02030842150727086,-0.0037428744991537554,0.011586356025074972,0.02042999154085481,-0.022262387120660948,0.0070310859803358675,0.021279203441363935,-0.029538487281408538
2023-03-25,-0.018031020703278295,0.001495746151834102,-0.010099229650296256,-0.0018071006164140303,-0.007950804671282485,-0.014115650660862379,-0.01643654017668383,-0.03113258115979394,0.025357850436884443,-0.013456211138552474,0.007356058596146065,0.0029788468625609296,-0.003052040211192607,0.02539565838215016,-0.007599508663807344,-0.008008995848480503,0.01706936010739157,0.016833894829644938,-0.004929694148628427,0.0014734426711355648,0.01892241980184341,-0.0013487378467860608,-0.00127538616573969,-0.016433887175872172,0.006823426708511779,0.03222559435154339,0.0026311661859295507,0.018025678382408615,0.012468521675431147,-0.0011757335985747661,0.013145487542199512,0.009356171870088954,0.007636637863696167,-0.009770713302989214,-0.013596346630833811,-0.0052966852679306575,-0.014076785969326912,0.0002414526547528644,0.014659711960583811,-0.011813435077956637
2023-03-26,-0.0018110646562519237,0.0013362192432138016,0.010054316979393506,0.012345747477387717,-0.020212980705455127,0.01056033922193701,-0.009861721810872113,0.0026410517374809454,0.01855819948723386,-0.027566179766939185,-0.015186266302785925,0.013206009960834595,-7.243890912915485e-05,0.027927849898143044,-0.01347102084904848,-0.001529050175462789,0.0158457608379178,-0.0065334933518231015,-0.014054812908297971,-0.01116239611730914,-0.01089636731210991,-0.0018238646069996156,0.021579469828292366,-0.020944550315508476,-0.015718930231126183,-0.01562839939528433,0.015871052597166403,0.014691291605149873,-0.010551643771304466,-0.002190201683276288,0.02007256788007288,-0.0007541043728028455,-0.01616247891713645,0.01857749042239078,-0.0025073864088186225,-0.0197029984240383,0.00610614611442439,0.023162295115378713,-0.011333113524621472,0.007194997785933983
2023-03-27,0.0019937634449300225,0.0015365948462002788,-0.0021508452091687806,-0.008779730410183042,0.000894043631848673,-0.0033542270167191356,-0.011703674395939053,0.0039927088689947834,0.0020811042373348903,0.01547868931709459,0.010936347131784969,-0.008462976608486945,0.0034563238058469923,-0.005403610845308184,-0.01841866414833172,0.007829902332595517,0.0034803350001835803,0.031292876539730174,-0.014208575358718492,-0.008401228498116893,0.015595996653900256,0.012408822258556206,0.002001211262846513,-0.006189350634283835,-0.032400472454087045,0.005862257905936209,0.0008577327958782816,0.05841472044742131,-0.008790014419884216,-0.0032827430949624544,0.02478776576901299,-0.01359162149228556,0.008233233373699089,-0.02591303655878402,0.009550838650795646,0.0057611944507172715,-0.002372447298054687,0.0004073294215202226,0.015890531271659753,-0.023366098384605734
2023-03-28,0.012683700462766798,-0.005145658395908654,-0.01898539255845887,0.017060152290377745,0.000711945510459695,-0.010291494781597695,0.029848442553777495,0.0016128293938566737,-0.00985235339621996,0.004410230199487717,0.009783630335736024,-0.010170703692076967,0.013244495765960559,0.01763576075714656,0.012662826464067344,-0.011827353193615778,0.004540554034194524,0.010023167945046168,-0.000739302266866453,-0.018458452239663276,0.00654787950674126,0.004871414113230535,0.019081375116317183,-0.01185122851488714,-0.01701269808535626,-0.01357052389022608,-0.005114771390532421,-0.004620611774844239,-0.019916437747554756,0.01701221841477154,0.003951856357491436,0.03240719231393237,-0.01453121339494878,-0.003273670546035097,0.01985286107240332,-0.00824775251597134,0.00020141894878222951,0.007036097689557732,0.01737703814660611,0.0004744202217469861
2023-03-29,-0.004377240544739421,0.005388879266577185,0.011979539285513319,0.014423816737450499,0.017627213121348947,-0.0009763009452473511,-0.002649858792833546,-0.002062230479514746,-0.009858298128178398,0.011781096934991483,0.01159640468446247,-0.0006666787682625078,0.020391771702843592,-0.0010130268039840187,0.01485154041914481,0.00920720527395477,0.02256167172656011,0.004513843617629366,0.012599186070101194,-0.004451956866242059,-0.010254021854724515,0.007943813703503734,-0.02075665997790866,0.004869633282901844,0.004720871331820772,-1.826748203561984e-05,-0.014358396309418623,-0.0018359137891006943,-0.0041483947260814984,-0.008315961754061055,-0.008227654906605751,0.004096629411205867,0.0016554225482558957,-0.004152531977022481,-0.015867543402006527,0.012157044664431762,0.01825788523147756,-0.005284545519873909,0.007314039832281977,0.005487525511066854
2023-03-30,-0.0007701511666488496,0.0060654012370027904,-0.01847585126694213,-0.004087018336942062,-0.018417257549753874,-0.0108856093607689,-0.015216947436840936,0.01382045452366042,-0.012061398229745944,-0.006927313709912361,0.012458197806469052,-0.009231404999995247,-0.01194574792844042,0.008742229844605345,-0.001038264491718513,0.0004450890514267841,-0.020526460944889923,-0.011108244203483286,-0.002850995491227365,0.014771065632295974,0.01726457073725076,0.028575052057431986,0.03400390913193366,-0.013373341140342615,0.04296125083687323,-0.0005577048706465809,-0.0022968071610394913,0.020816970018821386,0.006422453946219394,-0.006536305043205931,0.00021327639589675384,-0.017737928678525056,-0.03643055934468792,0.0014963779043638266,0.0009737929010087291,0.007617637339036767,0.014184119090702515,-0.006896582908230937,0.012307311027272552,0.030194073138959276
2023-03-31,0.006865948831087947,0.01784997607954533,-0.009391254898447037,0.005546823340955829,-0.012396291919184683,0.010303563814953566,0.007359886396740217,0.01082834015819878,-0.0009450737642567235,-0.010987338254447058,-0.001551210222487021,0.0057184704442618615,0.004497914647305347,-0.012881559571058467,-0.0028879215772448542,0.01761623806176871,0.03487621415465638,-0.007656429959050325,0.03784427988016645,-0.025102403117919333,-0.023723541045304886,-0.0056361689305027985,-0.014560909336224712,-0.013425959667689296,0.017768335172805096,0.02458273258014789,-0.0014412263641565082,0.017090397161649343,-0.021782436086413524,-0.014175208271159215,0.00947470676155774,0.01822750772682463,0.002894767867861383,-0.013473297415640238,0.000429747473696776,0.009325988988001754,-0.003167835760231589,-0.014819827615632893,-0.0015568279296299665,0.024338129726141276
2023-04-01,0.0018267794271232094,0.014825605933668357,0.0006789127181458432,-0.003620517422300779,0.005699275475071873,-0.012465655669993674,0.038131237505526355,0.011824634377508013,0.007505811431839291,-0.02893290030119506,0.008654737601422354,0.007084383800365194,-0.0005931720127743628,0.00910781699320487,-0.005114057195849762,0.00040981316018929144,-0.005793232633196858,0.004464304956420572,-0.03259373802243434,-0.017496603552459508,-0.006797024155110661,-0.009068997683067796,-0.00758562923780943,0.0005268490923702563,-0.02525052808367555,-0.01759626032408823,-0.007226774034026348,0.007930024547172062,0.011170851101614358,0.02698036275203467,-0.00964233869621594,-0.006256251466060363,-0.0017735251065355406,-0.0018400047722204743,-0.006145129759597936,-0.01085983378930846,-0.009373428524611602,-0.005595169065209753,0.0050996476872495426,-0.04312396355975386
2023-04-02,-0.023813817571636815,0.01439558378777852,-0.000612931057836986,-0.0018719925122989835,-0.019186538266962098,-0.012254441016468741,-0.027526188620777547,0.006905101897556259,-0.010121328314806919,0.004668696880309471,-0.003300674798429571,-0.0022127678212435086,-0.020365680572366367,-3.811691330348377e-06,-0.013152037153229577,0.0005155753862692268,0.008797443599752501,-0.0025642274647928957,-0.00012216115308848901,0.02149469363649502,0.004487537995673585,0.006212476401520716,0.006076811342360199,0.004332452620462967,0.01818405948023412,-0.0013054625734211032,0.015594521457523162,0.0045738769377619455,-0.004371857184354649,-0.015617632303160114,0.015159391504439245,0.008662537402210312,-0.004988037661277199,0.011135575364772205,-0.013732980241289727,0.024148447767877036,-0.01388973138578663,0.0020325248456604266,-0.0068184838711002425,-0.015338191541236626
2023-04-03,0.016200742471487894,0.007758768248600013,0.026972484538611667,0.0201498621313525,0.00777984544917561,-0.010237607231479477,0.024765050034984245,-0.004889055040705994,-0.00692153707953984,0.007601525031399194,-0.01841157221998979,0.007659369812705787,-0.021032249838323636,0.03234632900086799,-0.011278106003096743,-0.0070204771994961165,0.021250288292975827,-0.0017010031021846192,-0.00596096142635213,-0.019283066442480946,-0.0022260990758833834,0.0044614032036166314,-0.018816821322461534,0.0069986017436470226,0.033722232018180316,-0.0017443665878681958,-0.0065395494373360254,-0.014036206765727019,0.002471626865766509,0.0009432733132899143,0.023260811485670833,-0.03830644114389308,0.008871058194403252,0.03161613955944102,-0.0009122151147520703,-0.006187468372237884,0.018631453340140207,0.02637005366444741,0.01666434362795287,-0.0027948172004386308
2023-04-04,-0.007591700069180109,0.04289336280705959,0.014745904382564672,0.011874586268135454,0.00708741189545495,0.0028375836673535234,-0.014960597145969914,-0.0028765973705226476,-0.004960592073070525,0.01684869179877524,0.01871631586301236,0.01967177681212812,0.009062510025594732,0.005671143169632286,-0.012890178660157351,0.0025529163437488472,-0.002528475146496122,0.0146996588902552,0.0024790665701557696,-0.00834161387151745,5.493619864273974e-05,0.013637252633695906,-0.03604351617204557,-0.004871081233379438,0.01745709909179638,0.024901124908468207,0.023143475152610303,0.010053312038451223,-0.01119397968644296,0.0021485545667100127,0.006517288780751024,0.0020460740671645675,0.020913542509804126,0.03948617430939941,0.042138569926131075,0.005736229781599421,0.017631975376053474,0.014850647242035813,0.013249160707988398,0.013820139073322704
2023-04-05,-0.007693687213687985,0.02223587536254311,0.019064685854404274,2.6361451140768813e-05,0.011744416256478938,0.007189414189048993,-0.006563269629257412,0.01621217603315074,0.007029939969453471,0.00755681682199493,0.027656818688375013,0.0016906265177132583,0.004569439103949335,-0.014732249703577041,0.007364748818673668,0.012440030738742997,-0.007757868173304485,0.016649571180199996,0.006133666482691973,0.0302611645814429,0.013516192603421682,0.00339422643189924,0.0047950659904558435,0.0007730662594678974,-0.025126381759029856,0.018839588850213574,-0.01293842632451582,0.018586057935369923,-0.004264628062512224,-0.02192696489374579,0.01415656650715039,-0.019578157523359382,-0.008294101503043425,0.030318271391032832,0.004583677648238742,-0.017674905637305213,0.015380432837435324,0.03785268933329902,0.00028697253732691205,-0.017260754169170136
2023-04-06,-0.022878098773285938,-0.017831971548249826,-0.0055572161288168585,-0.001557665934499534,-0.01318908584597428,0.0160283004734922,-0.002626952554950829,0.006711539334248335,0.02230612870544681,0.0033151884283016573,0.019106090632624795,0.002487969407116457,0.0036053362457031893,0.01986154209370718,-0.0013188790325274159,-0.0019026125418960694,0.012413548255777826,0.020673812889434314,0.010542473054930014,-0.018879027774415788,-0.009108006247416417,-0.004875158587664753,-0.02420617911098581,-0.021397266529819558,0.009019013120888115,-0.005715919417404508,-0.00046845241435883116,0.010269655787003994,0.005202726657395299,-0.014078805569575735,-0.005687494175514661,0.026616410960603066,-0.011137138572810625,0.015464582163689717,0.0038457606497855736,-0.013681986698137326,-0.016281899678705337,-0.01691180504432035,0.012891822576798821,0.008839219483493727
2023-04-07,-0.010050567246332732,0.001951070047222037,-0.03292568703689957,0.012722051553425187,0.0007907778390364461,0.020746602009595137,0.013714660503574418,0.02383113974521431,-0.010059470191637547,0.0023950380426744243,-0.0014138706951212939,-0.017187482543520326,0.016675990956726734,0.008192379199793378,0.03601348616690692,0.006081061738566937,0.006574092395181022,0.025885602692057353,0.008327223392860256,0.019165356210039425,-0.0032260817555515384,-0.0034147060283557097,0.009839601553036818,0.0013922231632674076,0.01121051639933759,-0.0007108922273414053,0.010930585165420678,0.0071256509419967695,0.017018453246289336,0.008424814239109532,-0.006143333660139463,0.0006149466407180848,0.004400567213601426,0.0016438554990916552,0.016751536537383874,0.0035961873667144325,-0.00028972635823538853,0.006654529916081177,-0.004171196524363138,-7.513193043366705e-05
2023-04-08,0.0038471258607016344,-0.02305840016267379,0.0099937363207531,0.0013344778847302185,0.01249647646570501,-0.02072510130861591,0.007727816712586351,-0.005123519924527659,-0.013110927404076385,-0.005217469722941194,-0.02258565959109707,0.013875101034729966,-0.009105120767103939,-0.020044089844082163,-0.011092371395626523,0.00541667377168243,-0.0004101650852861306,0.024214681539076056,-0.008107847134684017,-0.02007086111447631,0.010388934889538086,0.013638276792481483,0.011191935013602213,-0.031417323534632446,-0.01754170775604412,0.0014693921959794006,0.019958467458581673,0.012310601409455871,-0.021291942636744696,0.009415977902253791,-0.02333279834017482,-0.0023545715675924645,-0.026408565526302073,-0.0022863541573388707,-0.008234979345845533,-0.0026037193299083892,-0.008725382739715064,-0.006931343964429156,-0.01318051475600283,-0.010503373104384518
2023-04-09,-0.01835638358144493,-0.006417343856138838,0.00622650122762103,0.021263562497999468,0.014356103757751187,0.007153233070186036,0.011758250230607352,0.003915802356238731,-0.0037484225886967788,-0.018895836299928314,0.007845744600289212,0.009652809737454351,0.002100654582921146,-0.007261003921475644,-0.005347555372495464,-0.0026774713782545937,0.008071552569050334,-0.011091263689646007,-0.013678305946737516,0.0022430742661282673,0.0016322615424344022,0.01900890209018158,0.019226916702367546,-0.009064941859913566,0.04378179097472556,0.003369514438132042,-0.009030623940203675,-0.004712677107195206,0.02523714218515898,-0.00506061716056325,-0.017117301808849125,-0.008284211877555356,0.011103487081112867,-0.012841968452386337,-0.004929169432590854,0.004385339178929343,-0.016518245844873925,0.014016784774678324,0.007018794520456253,0.0175773920970938
2023-04-10,0.0023665556271658464,0.017072554303063623,-0.018842915719288308,-0.007182296124745182,0.00019195391646292884,0.00022616285952643567,0.02083759549068197,-0.02651460361226334,0.005742530916222266,0.0008046659937496247,-0.005103281110822521,-0.03992486876177256,-0.0018630013624305174,-0.010281053900528293,0.011032203979861469,-0.005367175704655147,-0.009110965533257395,0.00528219156069889,0.010254671367257398,-0.002982391579169129,0.008519128999056585,-0.0029831001127131563,-0.004262952255335831,-0.004599676697483318,0.0012421747808386988,-0.010455964532368186,0.011620217199799217,-0.004903865208922336,0.002355448210964301,0.014202608257795476,-0.011707192024430019,-0.0014086473578190902,-0.010274119859059204,-0.03995869930996727,-0.0024590799063311077,0.034376289292124995,0.0016514929722706497,0.010865933657852203,0.0040807648740684085,-0.017449461387624113
2023-04-11,0.0023737393777206444,0.0020168717497454688,-0.06158379984491097,-0.0029254049663042904,-0.014741507193782186,0.010401818964190316,0.03786516110228762,-0.010495261384732951,-0.011443083607188652,0.0034648835727003092,-0.003169673492351631,0.010358889013825173,-0.0001334059801353255,0.014976948561159097,-0.0024998904191536595,-0.02870778923247573,0.024089098288627087,-0.03881192852693032,-0.012810727538027403,-0.004895779492584292,0.012862562402820651,0.006327351839846668,-0.025726916135238084,0.0005542987031834035,0.022016310857348138,-0.010126902700925663,-0.0051473059006745085,0.00563866399554269,-0.03636556972055513,-0.006559158224435658,-6.187105684363203e-05,-0.002401919842261648,0.004961273697239905,0.030105504389893054,-0.013605331623329043,0.019678840625308162,0.006098255290917629,-0.008443966642162494,0.005073234271843072,0.018548899193756088
2023-04-12,-0.011551950411859758,0.007989128596153425,-0.007686907017135621,0.007866879733758322,0.02310748917520541,-0.010051793152766615,-0.005748655794193704,0.019733860794403344,0.008372694874605712,-0.004487504552030614,0.008271896818551044,-0.015246496291763664,-0.04716153045125242,-0.0018249502616035002,0.006103666935174853,0.01117273624809134,-0.00923192587356835,0.019943996208673296,-0.0009474180501165949,-0.035894476995744384,0.012401416943218418,0.008098399205169063,0.016125719838899048,0.0036382344971406452,-0.01067215728193045,-0.009849219286813458,-0.02672110146302265,-0.02558750316037484,0.002126655730797196,-0.005463230324818999,0.01125289778974258,-0.01987445913991343,0.005588129680196206,0.02936392642817923,-0.012357289290011876,-0.019446236131827867,0.009273859274052245,0.0018116835862875933,-0.0004802823701271692,0.006500492376821878
2023-04-13,0.004085514301085733,-0.01008668603020994,-0.014565903471114746,0.032837723230676144,0.006232490076918741,-0.006138357542235726,-0.0006390298222243565,0.007125683731881568,-0.013624109036161585,-0.0069798404954284025,0.001750384691463976,-0.015181945691554396,0.039034897853786416,-0.015621828691154045,-0.00937089674784173,0.00757822323735766,-0.010467423814758748,0.01430416468853874,0.011131403698992305,-0.03420564029770738,0.01583839257161601,0.0011261012192012756,-0.0031136899609977304,0.002094401011589907,-0.04098065912525312,-0.005853666446486366,-0.00044082980215893227,0.02929372605721604,0.005811466621291648,0.014951423818284897,0.00013715178178876693,-0.009196203335630473,-0.03556234768580406,-0.019125884616290823,-0.011746932683506467,-0.004478987705317716,-0.007436517645297267,-0.004092052641468023,0.0008172877229427588,0.007249152915238406
2023-04-14,-0.02089570643700948,-0.010890600566336074,-0.0018970932329490995,0.015452076497619552,0.010564658806719947,-0.02746917779044149,0.01667975306715313,-0.0156418242623958,0.0055697483480786885,-0.0026788306938335827,0.0029394891829794432,0.03250492226910328,-0.0028329221804020135,-0.006017773413426363,-0.01655358063793397,-0.013269352433811249,0.03288471891450398,-0.006299090436769147,0.009634376980788225,0.021978849796183943,0.000801687278075525,-0.029910693815632574,-0.021865371645997184,-0.007221027133153458,0.00018335153601779867,0.009772594527014063,0.011454600412592929,-0.005798650510793984,-0.002515502603240713,0.023289456278366587,0.001577300161867708,0.014369678186519066,-0.012639470869635133,0.0015783960015958527,-0.0061475478635075135,0.017353226765861644,0.007206029014073332,0.02770703144039184,-0.013547124626576772,-2.4676418135532877e-05
2023-04-15,0.01627071061403095,0.02155625247059749,0.011310465585843687,0.028935550322958248,0.005168913559003228,0.015033343105868473,-0.006942316979853281,-0.0024011000433316527,-0.013147449540529462,-0.009337999042764904,0.006759127078561397,-0.0015786434551955091,0.01685265805451536,-0.0004263441666970217,-0.007972156471119663,-0.03669648727510249,-0.02238328472364967,0.004035798260715778,0.009524483425842035,-0.008904560183550032,0.008361113746496418,0.01541613793380933,-0.023937112630339385,-0.01292273487425206,-0.015249014568623778,-0.025862031327162388,-0.020512593358991194,0.051899575758366054,0.007655174783252181,0.012176155067174729,-0.004159945709147211,0.03289638743036884,-0.002110859780999596,-0.042895101818546014,-0.009361706576771123,0.01653383997653298,-0.0002168649607266897,0.015247230438260737,0.012417726966960661,0.026891438431717107
2023-04-16,0.00040089660184054943,-0.004844466175413745,-0.005482324439437273,-0.01212659528874133,-0.00958663016349414,-0.010980827203396727,-0.028993625515373964,0.000674066156531348,0.00608085851086595,0.01095637238996479,0.00034454659780158747,-0.023149664611230632,-0.0038420226762356274,-0.00677670996756358,0.011862472720203096,-0.004787814199188197,0.00011725839960765374,0.005722871141432606,-0.01818339649909717,-0.006045561980593087,0.03844437231914736,-0.025681206158290962,-0.027075262885332116,0.010000982500281438,0.00015766902368468858,-0.0018533054195227047,-0.017735107334186224,0.03347814985944281,-0.0065210415713324085,-0.02114680086022827,0.012488464982495558,-0.01806138401193651,0.002703702044741193,0.003417175354880702,-0.005007795842382111,0.02015747896341077,-0.008915264292709543,0.0010200594234499151,0.0025395452927135355,-0.004703225106804565
2023-04-17,-0.022924757672144597,0.012448956701745067,-0.0023285521163723334,0.011966527824192715,0.002909607383113109,0.007003327179255208,0.0016835257973890267,0.0088307901387119,0.004534313814903572,0.02861786808948214,-0.002903790084737068,-0.01664677296612208,0.003253599143519275,0.024544744206588427,-0.010963979732749098,-0.012574516667844511,0.002786107982022335,0.002516954706691302,0.020530001815419707,-0.016642485818840803,-0.009752143182172431,0.013535423435125411,-0.023650923491600147,0.00707949796505263,-0.011483917176583076,0.007082007271601503,-0.01835128730410455,-0.007549530947733011,0.014522657430090747,-0.011812592406609321,0.012689342163061237,-0.0014195077588070731,-0.01085974830675598,-0.006523691530307659,0.032773243220426886,-0.014389029958037137,0.0013387251154845024,0.026768575954834978,0.005377148598224532,-0.01797401611945706
2023-04-18,-0.015950973825515597,-0.0064876231711511485,-0.010987938174081066,-0.015695489442778956,0.005516118283689904,0.03171650155050997,0.010464207360069174,-0.01431816513017897,0.006724080656152135,0.012986660075896909,-0.002364829591222354,-0.00980724216722224,0.0037886076821056942,0.044976097038341996,0.0023038263177550624,0.009365990783017348,0.003882559548088537,-0.002539972945888802,0.00995103512431869,0.020495398171790403,0.010278759800781577,-0.008484757785079788,0.026500354646015453,0.006295093068871955,0.014694824729969856,-0.016584374385409394,-0.028714725248269783,-0.0015493297942842312,-0.0031457808967980416,0.007242856133823862,-0.012194812190314699,0.0014619992319423267,0.0025059363276150755,-0.002468634013269327,-5.476849342272072e-05,-0.008378837242541171,0.0198621754153049,0.00028238547741297765,0.038647980170549656,0.015240039230180299
2023-04-19,0.01179761097243895,0.020379480035986743,-0.011071326521494635,0.006631694527839014,-0.009291077056021857,-0.016664112596747133,0.013553681456818688,-0.009349962103681874,-0.016957798243356748,0.004069211212094416,-0.00621893378540909,-0.012811162184088934,0.0005458279253130753,0.0018582205757400666,0.005276985509575914,0.004435459869582393,-0.01169060678706863,0.009042054138543894,-0.027656117587606388,0.005145482374839335,-0.002070664529893819,0.005102319408758171,-0.04253476411688618,-0.006528816904717792,0.005743717063177049,0.029014747670137425,-0.011316222384441446,-0.012783401193019605,-0.0037199664852134782,0.024236462184201755,0.018519171426761016,0.009753665697881842,0.002123954804586147,0.02479715435131742,0.028804132823708563,-0.017925271590889674,0.008100235021718616,-0.03429063190015854,-0.017324253110074593,0.002761713047208291
2023-04-20,-0.01386330413356391,-0.014014086428102404,0.028071538308585352,-0.042600081972268396,0.008661409257201482,-0.011270224336273196,0.02215996022510245,-0.013800179941669901,0.00012967542240749705,-0.017159262893459145,0.008496353047434846,-0.007542174205666883,0.007711425797315737,-0.030458038157600866,0.004730729440685066,0.005627502409849834,0.015324345377913112,0.030603511104186975,0.009679497779683193,0.02716604880445325,0.023865570131233454,0.006704050750424954,0.008631662481110011,-0.004939326581315413,-0.0035176817764054967,0.011259784357961992,0.006248385450244585,0.00959610422720775,-0.0004672802655889723,-0.0050507493002641905,0.010972577816924595,0.01698113440308159,0.013991064098096457,0.040710022579349664,0.02129716798617303,0.0036344280563187633,-0.02856951826435147,-0.021408152687273318,-0.009948731802285582,-0.004940990400102855
2023-04-21,0.01263182168297283,0.0005034784745084317,-0.020332004727795432,-0.016206161944167605,-0.008276933230600395,-0.01093542447414322,0.02829056548611911,0.015863979168263133,-0.014434916999898857,0.01819610312587284,-0.017017234065025935,-0.002687264752676246,-0.012621382220061919,0.0006786167153964511,-0.029862207192237818,0.0007168777381067038,0.0038942806899626746,-0.0058238252334268156,0.011257893533416307,0.004894270342582637,0.03284141646981835,-0.004153401879511244,0.009380825116331358,-0.0030260905322794514,-0.018554024703145586,0.004796010207667676,0.008416761456216077,0.01631121052427244,-0.015695862056718825,0.00536247762151037,0.0006426657894757634,-0.002321699423204632,0.009356709304753507,0.007673388630788142,0.011618399623513043,0.000708361190073284,0.011369421207818748,-0.014896568317131105,-0.013947211300103911,0.03155882659839649
2023-04-22,-0.018473278421718697,-0.006360350437338116,-0.020462302829303104,-0.02732524686644872,-0.010264062777099852,0.021763875443740206,-0.011321817221514919,-0.016235409698545367,0.00036241691745063256,0.023781559763701582,0.03718039773705312,0.01240896839465272,0.02465406224861688,0.006066159519181116,-0.004131706054060326,-0.017561300241945202,0.013898842912815339,0.005564046741318933,-0.01812911981926259,0.0033240048495177424,0.004338253336848591,-0.004351822321210735,0.023037917217438565,-0.01835876202044158,-0.015841948966464483,-0.012717552544114243,0.011719649770094811,-0.007330962522975068,0.012395199989655747,0.02689873380664291,-0.011094020337275096,0.005303298568841895,0.021082235745230046,0.012003761189606737,0.0016438483485830741,0.005048568376562519,-0.0013918507119964143,0.015656348204002354,-0.0030487023487234173,-0.01619320201880779
2023-04-23,-0.0106241238117266,0.008995868788987591,-0.011244651148148451,-0.00824773052705014,0.014773928633402144,-0.0035922042168100104,0.02081877280290454,0.009609169488423693,-0.032847751247329235,-0.008305964699341497,-0.014026916530087348,0.001834559751291226,0.0008973785623618025,-0.01774294944307775,-0.010727473739384517,-0.0018173978151368015,-0.01989745705373704,0.011030055861331453,-0.008844916959072252,0.01273006370762298,-0.006196747764104359,-0.019403576201022944,-0.017752569620097775,0.000654242449877803,-0.028519101900389813,-0.00658867859962687,0.004104548937176493,0.003127622397070758,-0.0007455052805585367,0.004611502359949858,0.026377659638502436,-0.009728028563234296,0.006357901096218107,0.01230734770094092,0.00431216290583773,0.0027721726766297763,-0.013987040449301274,0.012225971909181843,-0.00995759401251972,0.015803633960191864
2023-04-24,0.0136948844848261,0.012518146358069322,0.00596217274064881,-0.011364497235177809,0.014930249766118687,0.005257811147420782,-0.006799997025298354,-0.011637473548934664,0.013194449495621317,-0.03711594952744832,0.001157462479586834,0.007568858496025467,-0.02218737419897141,0.009202752531125949,0.011208800002932312,0.0023232104385576082,0.0003005284969864553,-0.0044432319707630365,0.0035919538347014826,0.0014651060831417523,-0.0010969350397552976,0.001923798879117718,0.012397828063032145,-0.011776644064675249,0.006792875856199275,-0.004397369423197864,-0.006607029149458805,-0.006218187252566815,-0.010092310908274199,0.02012993218534703,0.00489186356833962,-0.0011169751269235256,0.03155526611565978,-0.028822360330022286,-0.019840848947675217,-0.016221411905482475,0.01547407596717557,-0.011420102755843906,-0.00464824844168114,-0.009743040651137264
2023-04-25,0.000352331103616985,0.0013128724335770467,-0.011180420261278917,-0.022217142671575072,-0.0038940856728318725,-0.02815918058558818,0.01041249256858472,-0.008981563541974514,0.007684148301542992,0.0208582583365627,0.010984049633817517,0.0027883842020823826,0.016638776149612483,0.017524745941946474,-0.017424674396164068,0.02349015812645843,-0.007283895692316321,0.0056428402575392,0.004484391090015765,0.00925798219475806,0.010922471431440432,0.006040958755071834,0.02823409929119419,-0.014688162748960426,-0.012705780626060066,0.016557663241896402,0.004491160493153302,-0.0018013661190234027,0.003465738509858172,-0.013423341269546939,-0.016992347840229585,-0.03147179784638287,0.00735023707111292,0.015757093119127628,-0.005599735006480111,-0.002266765526335064,0.012459777459701785,0.005231849020589921,-0.017227307812793455,-0.007189868637939609
2023-04-26,-0.013425509567202797,-0.016371590721690393,0.014790022298959529,-0.011312452246994769,0.0022610167877047402,0.009622099863670453,-0.007319149846937184,0.02223207156575933,0.014504108807501465,0.0003922234173514101,-0.005262860525541197,-0.0006293838441720774,-0.007933763659749599,0.019075948684734487,-0.015700928488129207,0.009286778509803126,1.1101467468894555e-05,-0.011849669960594117,0.015161495674812517,0.007035006421287916,0.014605013585819041,0.019613920107518317,0.02054858747495994,0.008855162744053447,-0.021674007290798734,0.020126651628915037,-0.01786588857869954,-0.01751519938241109,-0.007580454359581639,-0.004068776176511147,-0.013053818101928304,0.022851692869115668,-0.022811739689849928,-0.018320785522618767,-0.008834936801674242,0.023307566202738925,0.0019640364897012506,0.018421526676961033,0.022394838010844634,-0.004527093598345694
2023-04-27,-0.0048790125972601114,0.00479667965204833,-0.011882122027973974,0.021907311729185367,0.015473649348048991,-0.031786389711794656,0.007704156031141796,-0.01090826341963928,-0.017774695792671116,-0.013191173404395745,0.004376432383621705,-0.0161050661726258,-0.028203915921070168,-0.00502061972923243,0.0021973237257157698,-0.023543111562276852,-0.010792998293931141,-0.03093980023608909,0.03371217319399407,0.001578349316781364,0.003922903067809526,-0.008483597769367341,0.011584314354155991,-0.011631583585810377,-0.03288688520522416,0.038140820403042466,0.02019100399486361,0.004268218859783389,0.012962185957503501,-0.008539771804074201,-0.0003875896231377809,-0.012417623975161928,-0.008189931808436924,-0.007846152891943148,0.0005622800389404044,-0.017424547774085492,0.015894367144354257,-0.02171396649340728,-0.005546302093812327,0.029949977922940036
2023-04-28,0.008821926794888664,-0.006012049418720756,0.014675780508430937,-0.004083930961658903,-0.03143713369047091,-0.004925951600058896,0.03935058433409759,0.0007091995587356842,0.010330886509977004,0.014781757367125439,0.024333826565407612,0.013279934708835619,-0.029544868283749047,0.014156497336182626,-0.00026459285690721794,-0.023886429236692586,0.013838332699991993,0.011522142117056832,-0.011778981632142313,-0.0032236240245075505,-0.010872136002870831,-0.005668115277002584,-0.010566588128896739,-0.009407610782366281,0.0024211977573901228,-0.012103650818881177,0.03060011408147075,-0.021839124742697433,-0.004313044679273938,-0.005325669799614663,-0.0027043012967546244,-0.0012781160941893928,0.0012927051549200476,0.002752882244645776,0.012296429280142318,0.013525627906473962,-0.008741739253174792,-0.0005998502409150729,-0.006404205397402872,-0.01668489487401459
2023-04-29,0.0036102979264921605,-0.018796652730038756,-0.007947693662913799,-0.002461533930488163,-0.0011608387185044879,0.01662166278240797,-0.015301047647354987,-0.010090527089328977,-0.025637801934951326,-0.010048065760699361,0.0017593140828358425,-0.00394764315875719,0.010970736165839113,0.004420229608442362,0.006999354511729412,0.004327214376079332,-0.004108445540609842,0.01694048940673828,0.02578802614028132,-0.012918381609968029,0.019080715667752022,0.01739190137273249,-0.0016116816120306117,0.012103821069940375,-0.00011279499571222496,-0.049689158846977104,-0.005915789276037619,4.366467695714665e-05,-0.001364929838801655,0.01998024147083936,0.004452473458396175,0.0039016351545136363,0.016171179490579352,0.00045787909020076224,-0.0018269377005782068,0.010704320260708123,-0.010452490845437631,0.008141426049811488,0.0021976493120994976,0.0002273147017912648
2023-04-30,0.008888200883952533,-0.003410393966190336,0.0022945561015774345,0.023040718720997232,0.008036407848011221,-0.008001374542143563,0.016566653056686344,-8.60700707524583e-05,-0.010853822224898144,0.003915922086944458,0.015325552865165395,0.005069767362714469,0.003754400025938031,-0.011586763287812777,0.001892009237202178,-0.0005072164472383291,-0.006696305015273272,-0.0018284527356299523,-0.011026207869776547,-0.020519283447461383,-0.01869088467957942,-0.023678734162765922,-0.009284641306518794,-0.04078664222284776,0.008749803101059599,0.0032224679414938387,-0.012226283998724649,0.008196219449268958,-0.0010770666821881545,0.00826640866115934,-0.0064952302438046755,-0.02442958906496395,-0.0022343253046646435,0.039829432097109055,-0.004653723513777288,-0.013438767476662719,-0.03128320232441826,0.005945794759856791,-0.0018083995866319817,0.012446992153717005
2023-05-01,0.027050528597728378,0.0009334608860224168,-0.010399948731280743,-0.014466197610700355,0.0152041796261496,0.008442325740521499,0.02469117592721716,-0.0034087919647476108,0.010786247064832478,0.011548911226139436,-0.00026872941520202337,0.0030751551037155062,0.030774485087196653,0.010054881260822029,0.018727860562381876,-0.009941291372719962,-0.007490757744621657,0.022222663924185215,0.017780589772264373,-0.011906339410534966,0.02103123205722911,-0.032270881892027044,0.040291967349516074,0.011151617553066782,-0.023744555937640563,-0.02983774224518359,-0.01652244149560611,0.0002515398719170398,0.03567909567169766,-0.0011670775610519164,0.00012760251040359741,0.000207445506698102,0.004110981976389015,-0.0010816131332423515,0.029883825503291703,0.009518450697886415,-0.0072801438710268,-0.002736126393006358,-0.021051441500625573,-0.018366151352407
2023-05-02,0.008763527507870345,0.001338774020534947,-0.021119850439294433,-0.008340000515017716,0.011235630151160051,0.012291379227954837,-0.016846285063631776,-0.025187709402325537,-0.0020102911116246483,0.02405322394340027,0.0053994797574024676,-0.008517950083512995,0.014376113998611691,-0.0011016009491845245,-0.020418717698119166,-0.004271553693394206,-0.013821803591256036,-0.013336704000260092,0.010667008898735566,-0.0022976742202650913,-0.017063148984079145,0.005832850471407015,0.008626734954319237,0.0068241176070964246,0.008984283374623484,-0.030957691770806442,0.00251535939317452,0.018157993465617164,0.0008912256274197254,0.002815818712306719,0.021284327568020484,0.011481127673090763,-0.025665317397032067,0.007791419285866427,5.046524637844957e-05,-0.00818855982308296,0.00463218387014566,0.01743039614771235,-0.015908777331087542,-0.02087418918946783
2023-05-03,-0.010717338107167249,-0.012355712882621467,-0.022129495076156344,-0.003400357287612335,-0.007180722660017036,0.015156490789753313,-0.0036418504305970136,-0.007082614298089356,-0.005788863775171828,0.017191675648720327,0.0007069816868187983,-0.005174108975949259,0.004240837312992095,0.005538694514824801,-0.009065124906825747,-0.01821567292373897,0.007325350557842282,-0.01688191620679721,0.009831819859289525,-0.03333796250416876,0.01578468097973113,0.0059787703489883205,-0.005721377144060439,0.014440224203100555,0.028171981229774674,0.015150797032111717,-0.003960813988410031,0.003499195579916139,-0.00611841972776421,-0.011880226835192456,-0.019725231788456497,-0.02481011054990371,0.0037087922946647815,0.008060723534468297,0.007028692339149529,0.01780200283012137,-0.0029189879758313017,-0.008045574972961536,0.022105064080464813,0.017240605881823527
2023-05-04,0.002967507820184258,0.030774293202358513,-0.020421982609511766,0.025190544344428294,-0.011455984264853872,0.006170671356113598,-0.019138191118645467,-0.01827831437238504,0.015786342299337716,-0.0263634860811845,0.006895813712609592,0.007742444621334698,-0.010777682458774349,0.0005611860353260842,-0.012480868341636819,0.012598335580994303,-0.01358051607604948,0.0014009084344711064,-0.030863125291969697,-0.004937152474032957,-0.020118839544666187,-0.009905611650907321,0.000829598088250748,0.006727341458372232,-0.027707484578776868,0.010580504257143752,-0.013594109175835235,0.007639753283233325,0.012585735520087139,0.008695434595555034,-0.004714563370124793,-0.019965939252255687,0.0223011793348003,0.0052262309951488315,0.001435423661414526,0.0020132788341806077,-0.0020053672805991894,-0.01568130314450054,-0.021376440088133046,0.03525229369721634
2023-05-05,0.008641619917456413,-0.0013967250223595924,0.012111160960986763,0.03613644358490406,0.011112921820829413,-0.024871594180547362,0.019358256528169894,-0.012155443154412105,-0.022117058287093084,0.0044907581945541775,-0.0015357726296724768,0.009652966960419269,-0.000953110476844673,-0.008820462322805369,0.01566078360498982,0.035227107646972976,0.026523602947404544,-0.007723503131523172,0.012935407600611631,0.00871251497118895,0.012981884072242014,-0.00809683600883869,0.02107199237331895,-0.015486940496949361,-0.0019161355074886598,-0.0012079654648585643,-0.002611544436814029,-0.0017085165632473582,0.013272192353235738,0.00736544778204218,-0.0012206859698708219,-0.004092644536160803,0.003873894761726359,-0.005374162563344212,-0.031274227880530296,0.0170423180436907,-0.024449785605582197,-0.010177834029745928,0.013477411291686016,0.0203629704951202
2023-05-06,0.002805186653149589,0.00023221149543030324,0.019377737555050702,-0.008084189709794796,0.017186134717490302,-0.005070954848111556,0.014681436167748092,-0.00329984765170036,-0.004328590323929182,-0.02114075160525845,0.018990509671372467,-0.00998100314000567,-0.016855722799078595,-0.018077092030541052,0.05478495943117212,-0.001821567638452203,-0.002364251125041287,-2.267839294320482e-05,-0.0005005517876027741,-0.03465981918675253,0.005201203972451244,-0.020708591351638633,-0.012403185268929594,0.011251504205551943,-0.01311511998094325,-0.017314533786741765,-0.012105225537084074,0.003123322689696429,0.012973460047831238,0.009448541152310039,0.008204875527432409,-0.021098148051272764,0.010352854631392926,-0.02073311533598225,-0.0031659525945960296,0.021030514436830034,-0.0052101630698539805,0.004674787104803483,0.016255792570410557,-0.01878305497945877
2023-05-07,-0.007058565716578657,-0.012462488836697911,0.0020370396814985287,-0.02273110699962047,0.0029766478943069443,0.001645399096501475,0.00619077291532886,0.022439191323076965,-0.005367922313555734,0.05474564423331717,0.017907141809134403,-0.006401684265589493,-0.0011546114577053572,0.016819546097644324,0.026903195542587553,0.022326466269602253,0.008905062523335491,-0.0028720675478518727,0.041421048382682464,-0.013668054764184744,0.010675251437504493,0.019772697348531317,-0.015971824241043417,0.032258514824827285,0.012768211861341801,-0.006620732452212726,0.0029451264476718043,-0.01228249801746049,0.012310526643755086,0.00403280430376134,0.02502324097095286,-0.00451058904932285,0.018667188329893305,-0.0005468072262435823,-0.027443889226885308,-0.015274614799172033,0.0008721810599218773,0.007615730906596653,0.008121483172420193,0.0022541251988613944
2023-05-08,0.0028541494200132397,-0.0036587537915602117,-0.016484949053599852,0.00039894524406077647,0.0025837325795619146,-0.012483775275608169,0.011614546388708057,-0.011422365746277465,-0.0011956279656740194,0.024335505144466044,-0.020810388956454068,0.0013161367608480715,0.0056486757167627695,-0.005522168446604777,0.04277210210132555,-0.00474258102732108,-0.006491717851760892,0.0022922987539642546,-0.0021342674390630004,-0.0237217727054028,0.017924569810143672,-0.010993669978272396,0.0040488404763531554,0.02175816976209683,0.026658723520823956,-0.0054997160603331395,-0.001752011940534877,0.011972656640967878,0.011486727883254078,-0.01170866918599228,0.005720757071099569,0.0020298172567272538,-0.021519760750327136,-0.013505289771060938,-0.022696684328091802,-0.005822634422418904,0.01825613678066449,-0.02627908020275844,-0.00507046420715105,-0.032178602598304164
2023-05-09,0.011889568602754289,0.0006877270015712446,-0.0033834136800969246,-0.009488139609269242,-0.01098302798289542,-0.0005882329335803389,-0.012865608685484245,-0.005755812608098836,-0.014933482905838858,0.00038678309919096965,0.007159718878154399,0.011577532981819079,-0.007521579487171651,-0.017513861268541018,-0.014809347250398211,0.018748224064214822,0.008137077882452628,0.03726333554039474,-0.0095048451313469,0.020638914773605407,0.007491499271293852,0.002916646528669384,-0.000682956616710447,0.01505753425883801,0.0031696451306529767,0.024236206047205763,-0.014020736610925708,-0.0018887648581834655,-0.00519212900200104,-0.015604159900344097,-0.003988831458988854,0.002212674460630501,-0.014466851939803236,0.04334417527667201,-0.009854816121044096,0.014807525696381016,0.008039050905410822,0.03978544514143009,-0.0037179426850759193,0.0055411188498275254
2023-05-10,-0.01071832365380362,0.017191539650208882,-0.031119162263576305,-0.013954213687254089,-0.006723919430362159,-0.0026996109846684183,0.01620309065941599,0.0005623514911743208,-0.014760426689810108,0.03681080670307273,0.01855584563527648,0.008016688492015393,0.002340629035012782,-0.012688788798847295,-0.004656369469908467,0.016991802227777575,0.019279844109322788,0.033296659881205753,0.015194098485508255,0.014223371505862104,-0.0062489911953158665,-0.01711530447868055,0.0029267965916580365,-0.0038793503689310365,0.022873745763169383,-0.022632259662270733,-0.01070303121849157,-0.02253761879888174,-0.031784627913420786,0.00781663564044566,-0.02014199016586377,0.027121724060134675,0.019984026215826328,0.0040131302346489844,0.009115354297870682,0.00917376821060446,-0.027170870287302334,0.007068353119031258,0.015534210835244675,-0.010116781020888723
2023-05-11,0.00020679297910105346,-0.007228455736119802,0.01587545284853291,-0.0005467114986023661,-0.004018915804000565,-0.009468883607981583,-0.004913500375499024,0.01526739123482227,-0.018114512834424744,-0.00844179279549997,0.012890851816218173,-0.0032025531962290793,-0.000822944845576736,0.003230711062028214,-0.013115833437072549,-0.0041724694840561075,-0.010058579036805865,-0.016066380606959273,0.012549639133954862,-0.0331801195078805,-0.00763847647630417,0.004944030044237232,0.016952997407921333,-0.015508171072846372,-0.007086868539775429,-0.0018006752412688615,0.009150975954657314,0.0002716639278630524,-0.005620465953731354,0.013623357465485202,-0.00982691954910971,0.003862011112107013,-0.001376358890961109,-0.010129604269325073,-0.034063712285134704,-0.016002323550964464,-0.00819528064760931,0.003228426826368223,-0.004028828585028482,-0.0020247617259746683
2023-05-12,0.02438270916253374,0.0017053933322102107,-0.00262384860298909,-0.019419551028879174,-0.02592598546064963,0.02262266027779757,0.0013677129004198137,-0.0010535746740241805,0.017212193492849307,-0.01647733449255452,-0.029301004859363836,-0.0006682147140072993,0.010135041375125515,-0.008708314244525187,-0.004570251866699258,-0.005320112899606358,0.002887216481907004,-0.018022830466446184,-0.005245675245476398,0.018156916791417253,-0.01565773966269298,0.026488700864211828,0.03756115593209598,-0.013796052551793385,-0.00791604084781453,-0.0031579812005864474,0.00012058045744089334,0.007832189252380932,0.017970531651067736,0.01908373267283694,0.0034603163385094043,0.012969725978661082,0.008159159447245854,0.007510717264120309,0.013171410239344868,-0.014261113122057736,-0.0036966603360943516,-0.0070359896601263905,-0.0103864893965848,0.022019476476595235
2023-05-13,-0.014598990512405388,-0.005447011736985896,0.026507254256059504,0.011389781716414464,0.018803011304977017,-0.004424632076869259,-0.008868310144230543,-0.006301476971188271,0.0017843405122399563,0.0249146990355027,-0.027445066366322178,-0.0020771559375371558,-0.0021973185711664507,0.021563493167604985,-0.010890554119051482,0.01356200050942573,-0.018363343532996856,0.006266070939696519,0.012061108434482024,-0.014645652488493663,0.016607613486967744,-0.01695426988124626,0.0003464279809129047,0.015443419859780498,-0.006235883720783162,0.00841391746962249,0.0037933320603529244,-0.005995937505624041,-0.032661456806841,0.0226975856313904,0.02705342822721354,0.017601232509996623,0.010618277607602982,-0.029191122775924977,0.02717865005945805,-0.0033239974049715055,-0.0018072113968464467,-0.00039685459320364027,-0.0296841632481936,0.004173566644780044
2023-05-14,0.004679224422660508,-0.020174179389048197,0.006093364937715234,0.016101563066100756,0.010036735656721264,0.0013064566864298007,-0.0013233613782968545,0.00826015463091644,-0.027717820293130656,-0.004781192174385709,0.0021425609948047004,0.008494222186377963,-0.008518607244494979,-0.013912070853179128,-0.023221060868731755,-0.013904694433805955,0.022011527158731167,-0.006877985347675352,-0.0016762406526197354,0.00019770261095060593,-0.010892583904660599,0.0012119887465934804,-0.002187950528940463,0.01578820822667439,-0.0010865601344146683,0.006028746921689712,3.0154875011924472e-05,-0.010867844408112186,-0.015282932859209761,0.017959216932214358,-0.000413079949468444,-0.02007503582092969,0.00451613864782238,-0.0030364224059443163,0.009573669996024896,0.01875547074344263,0.005780499263906669,-0.022562581154902058,-0.008046739380219452,0.010732960720275037
2023-05-15,-0.012610517568332983,-0.005543792746074092,-0.030979471866693302,-0.007920382295198793,0.02828099243391246,0.0018525737325136727,0.003544416296499003,-0.010292899746543824,0.000988824969360859,0.013355054508183278,0.002901674242133997,0.021828376271599306,-0.021333995540650325,-0.023024695679908423,0.026251562305766484,-0.013607812411028443,-0.0024720285977922578,0.004831341945766905,-0.03316542536737376,0.0029979480646747784,-0.011691384964897232,0.011386748355232103,0.013476016676005153,0.024318194637282624,-0.007948530000598536,0.022965396112202816,-0.0003819177596692129,-0.005427013137241058,-0.025824152685658134,0.01480115828495557,0.02820110184291696,0.019888325931117553,-0.029041181407017298,-0.014250109981615851,-0.01020400065748917,0.00759874902712368,0.005071411349260795,-0.007036696298490968,0.005061690432106672,0.020306878804367493
2023-05-16,0.024350835552679532,0.01909548530168945,0.014490702194760816,-0.0022894606410702244,0.02943816589515834,0.0053781637070614095,0.013173786373879405,-0.016165201584515235,-0.005415124488630348,-1.4844699308358693e-05,0.027070919470962643,-0.017936263177094833,0.00849241120321805,-0.025841313684774166,0.010926403666707371,-0.027320780936583067,0.042020885912079316,-0.013301312531255252,-0.027363976293237367,0.010232868096901562,-0.020445555219420784,-0.00028321384052339485,0.013229940079399287,0.015503749271122566,-0.0002035383154036554,-0.009648963540476311,0.005466207091104713,-0.0276797792207373,-0.01561374319422354,0.039013733586767234,0.010820390749367458,-0.005484591390376716,-0.006955636778114472,0.0016964242819559043,0.0008026215753921422,0.010714649247506189,0.005507342296269039,0.015907045070495836,0.019974614566899255,-0.01192547484639145
2023-05-17,0.013115619652065123,0.002265582311075702,-0.007152335047521961,0.0013040419635427605,0.012401090824923567,0.030391222996543902,-0.022361732193836647,0.019102641070053702,0.006350130327868112,0.022112908729007903,-0.0015884139039798544,-0.004237373172154172,0.009273648433952644,-0.027563724059721767,0.005139616584006626,0.0054698948394909155,-0.0031304006286096016,0.009859181068345742,0.01864009436916684,0.0033457312986560884,0.0015782265732921204,0.01090571464651052,-0.007707080592791257,0.01919803178333154,-0.01640141455702404,-0.014504771986483561,0.005863862627629873,0.0016588873527624123,-0.023063929601630787,-0.004109635942386697,0.003529401897324304,0.011538154324952508,0.01824510228834356,-0.006544570642287391,0.015889505809220657,-0.023477349883873014,0.01487876395245171,0.004161613432544176,0.028078024169645235,0.0005933609748892551
2023-05-18,-0.018073913468345262,-0.01609125567220911,-0.006113501460479776,-0.020243600564429573,0.008734590830687936,0.013677373909437443,0.0028846198903330522,-0.018402285465202638,0.003024533702775871,0.001278110462109296,-0.0010986387050556563,0.005006437481169699,0.0021773663960826563,0.0001297305164362082,-0.008895202348663601,-0.011584738551272,0.004685556873146094,0.007693146484756571,-0.01315944066336527,-0.0009210263978938714,0.013572266636632134,0.011520797838694453,0.007010934439573787,-0.010347735726030656,-0.008513548131214292,-0.009012377493859155,-0.02201814517468553,0.007694492246244331,-0.0024823777017159415,0.002234828460318899,-0.017372754487247438,-0.02061557473318609,0.01586542718719137,-0.012856060221415432,-0.006218656693768847,-0.024178614042190894,0.008010510555246445,-0.007671392800329068,-0.02062908808892305,0.022300458091218466
2023-05-19,0.002619068954603547,-0.01637998935955485,0.0163219615860625,0.0003368117287388998,0.008473559559600354,0.0028116839861276575,0.001413669615674613,-0.02696829737083455,-0.0033210489404213615,0.00018648008921683508,-0.0028972700354592032,0.012527491138500723,0.006601823692260873,0.007443964564381537,-0.020103017930459478,-0.0226510820849402,0.025342261274672914,-0.015447715008803816,0.016962350863195814,0.0009814185235972493,-0.017396050053109836,0.008580339605112671,0.014270173048635433,0.008496037487028582,-0.0049557297410338305,-0.024965443581585884,-0.023818209506439737,0.018524782553451795,-0.008795384428013042,0.00994613063567635,-0.002946563211533132,0.007596511429777986,0.0020207659172954374,-0.005731782565543983,-0.007552864362650607,0.030861977255931164,-0.032209058171544735,0.006249445180984465,0.008412500938650492,0.00729592985939005
2023-05-20,0.03250798253374564,0.006925561268344985,0.013890602321610301,0.00623887377805221,0.007715050578091468,0.0012863274689559395,-0.033403597008920156,0.009959456242126984,0.004443729376831676,0.013343273864623596,0.012812970317553225,0.01332130469439157,-0.011703536824460457,-0.003365390275614803,-0.03270311337924273,0.00044999732156139697,0.02200812488838124,0.012533012453020577,-0.011896446787993285,-0.005113842470888835,-0.01945223144217937,-0.004518545518050027,0.01009386392007827,0.019841164063804633,-0.02383998906908876,0.018381004454300662,0.009577131273644736,-0.008665386974427727,-0.020607950548265374,-0.0024990457950839298,0.02462929611383139,0.013394038551403824,0.00694622192859329,-0.019150346782462756,0.015438003548163787,0.009827115903815225,0.003268185339526833,0.012685268667336946,-0.0006932038867716753,0.0016915060244339542
2023-05-21,-0.0019870569012473346,-0.03288072289553777,-0.017812151764053586,-0.009540417097849948,0.022253150586876918,0.023019049269156662,0.03653907342704974,0.00536018646680143,0.0009463267594696841,0.009683375734301171,-0.0015612966513252786,-0.020848606668279833,0.013870212098451191,-0.0006375452856557302,0.01862935424149797,-0.016049361025640353,0.010754176712832868,0.02426035503765469,0.003081245874607356,0.0007437582298066386,-0.001633373594287771,0.00140786405821485,-0.007985938351990123,-0.0012420961727692599,0.021747922567188775,0.002061140521870927,-0.02101381506564384,0.009387194728178014,-0.030522517890060996,-0.022960887907405157,0.026902366285848207,0.003363798244965513,-0.01569925609147019,-3.110355743943564e-05,0.0030959736907694574,-0.031114479050472293,-0.006738868292166265,0.02540051355818581,-0.030914164240806508,0.019851436170070142
2023-05-22,0.02042067652808738,0.011837611950324114,0.004834297718514482,-0.008582583578878587,-0.01617323468505001,0.004837598664912126,0.011766861263689062,-0.016388014362674428,-0.012708033907372919,0.0031646905927103816,-0.01612614070423563,0.01440291332114181,-0.022136079693551355,0.0027444628542586218,-0.01785369686180427,0.0026456210791877444,0.018831033603327448,-0.010522887463776467,-0.01159402142838095,-0.0013678780368040827,0.017622324750524974,0.005275766383568753,0.019651355932413416,-0.0195473230145026,0.003202519745058248,0.0001742347118939359,-0.024815342103266986,0.02364239757205346,0.023466887583873094,0.01045509359700882,0.0025122281415052893,-0.008972579583282807,0.00786632649967337,0.012611149688302634,-0.02000172577252107,0.014272520466961962,-0.012923984673605055,-0.009628310160071487,-0.02878350730071432,-0.01856757388802503
2023-05-23,-0.00580383839873953,-0.021711129658323416,-0.021083558464256188,0.029008433473806754,-0.006407525527522521,-0.011194415287216838,0.028886109348013885,0.005403587953050291,0.0007506749948185377,-0.028007208781572517,0.009531513293368212,0.007069788910115041,0.013533442674249024,0.009851618369558038,-0.02020794625447258,-0.005121514733354718,0.0008996745765266537,-0.01452046400944735,-0.006752166869385869,-0.012451584759638265,-0.020314346764713557,-0.0068852725445849895,0.029364195887356333,0.009018039950407846,0.00990846927017545,-0.008026889170723424,0.012132219591131473,-0.02374272202152364,-0.0018667875864588727,-0.022986640212415616,-0.003594016464236753,-0.026761780715661227,-0.01528612447966744,-0.018920869882256705,0.028340406198893123,-0.017808666780588202,0.023665950006507494,-0.014162794770815189,0.015532376722453318,-0.0014786263508698482
2023-05-24,-0.01640888748966036,-0.016999003986384882,-0.009116595307358704,-0.00810226860131411,-0.00932322862965495,0.00666615885707284,0.031132829751973453,-0.017580081034414972,0.021754301157317028,0.03051828037142114,0.02043519100528635,0.0214599037611024,-0.007419552624179891,0.016704398523163393,-0.0005767392384879398,0.003215093555988733,0.009711915880896758,-0.006316550789706056,-0.017325432932361235,-0.011540826574802937,-0.011771835913985272,0.00779229267684509,0.027177380257284812,0.013857967316669464,0.023183364186838584,0.003271649752528636,-0.011323343303416129,-0.002511009739612736,-0.020258761990397504,-0.012736523654889262,-0.01233156738275668,0.01422483199413637,-0.009873871372136281,-0.006048948636361554,0.0013051688264280811,0.0070606023016561575,0.00186972632039411,0.014370354267670244,0.008540789984019035,-0.013304121878987833
2023-05-25,0.0024736183600205094,0.001372048835605831,0.0053525560777631705,-0.002992154492343534,0.000989520739863371,-0.0031950967820270158,0.008926244177986724,0.004688384319977375,-0.010098396676585906,0.015165512767794308,0.0031353811100073726,-0.043655912312209014,0.001035725094937967,0.014611927017787697,-0.009541823690846742,-0.02198321133952216,0.009103963874335373,-0.013863119195489201,-0.01088028645138181,0.007978989579338238,-0.00459212543699819,-0.0027003377583964985,0.010331185169363889,-0.0009565848789104914,0.01878598563863599,-0.03425355271781236,0.017400657216172,-0.006791340881876641,-0.010263773589006568,0.02566248207737038,-0.007513441023396662,-0.01304103001007446,-0.012335151525045596,0.019702154979793808,0.015839589229959625,0.01483733088170111,0.0012595008162801266,0.026583344815113305,-0.000647246075532905,0.01272820624750255
2023-05-26,0.0001021486192621673,-0.008481411520591132,-0.004828009172531822,-0.009080657146701884,0.018568740584577043,0.0006451348929835412,0.004693265768640998,0.003820081134223757,0.03902205975719263,0.02077286885741626,0.026686084516119743,-0.00290101196560492,-0.013999013535293372,0.006396933901802498,0.0027532891645932526,0.009534396303082497,0.024048165318003578,0.0077634111818436265,0.019368863851188464,0.0037482055657555038,0.0243595253639456,0.021163681064529646,-0.018779954399237433,-0.017362898326657588,0.004989351048077493,-0.009861752362283602,-0.014368429911896536,0.006654631674528752,-0.015451332747531181,-0.026621470579122376,-0.008765867938414147,-0.007206061505422429,-0.012608033490769256,-0.005069530666939461,-0.009726097586867464,0.010096562107305352,-0.023625399409516263,0.00850755327447383,0.004135969935748574,-0.02140675020264888
2023-05-27,-0.01569219812194181,0.0036593876849977548,-0.004887124540985473,-0.001425903518348557,0.022717741608220588,0.02527238706726457,0.01677174997781655,0.025083245952846518,0.01766585804792274,-0.005594801205172768,0.01062171223173731,-0.003026738561741896,-0.023235027251121195,-0.0015097471623479615,-0.0027149357931764884,-0.008821349196690104,0.0013317734758961266,0.009747972009640327,-0.0013251841005447788,-0.017972915204994607,0.012124982214907225,0.0028745810533876916,-0.005385974508012368,0.00212194425939634,-0.015825456722480414,0.004771985798832272,-0.022727223670720043,0.008730050229869078,-0.00918582534168948,-0.009003946992452076,-0.020294713887605554,-0.008528476663342839,0.002249475452448171,0.01861944696174332,0.0036402139406073175,-0.016299830500164293,-0.007281663657897378,-0.03152040596799495,0.013595111626589449,-0.00839414460179987
2023-05-28,-0.008105251567043639,-0.0030475385577745447,-0.0014178786822332057,0.014497274774515687,0.011757253866723957,0.017082826253880235,0.01555482897262045,0.03369103623911737,-0.0004365465293323964,0.021111815119920014,0.014175398495921941,-0.00514009988382756,0.0098556125895831,0.006077652770470218,4.74033287766789e-05,0.0020419240833048653,0.00013411917868589272,-0.005317683823456518,-0.015201501750444869,-0.0077080761267651,0.001456577414832897,-0.013621683771808895,-0.004934568117182396,-0.003419975689238282,0.013352083846108722,0.019645952814589057,0.01587607740738478,0.005968657134500446,-0.010865307935935356,0.009326224872096082,-0.0003073947894550312,-0.03392631882800816,0.0018516720802762485,0.011407244384156242,0.002171492663419135,0.009201175026903029,0.025066006377455607,0.0024936758161060793,-0.01478788193403869,0.013935029405739189
2023-05-29,-0.007624363402518763,-0.03985296999035357,-0.0360833516894503,0.01702965049609532,0.032187302976560826,0.011930539093967277,-0.0003695599459281471,0.013034863102381567,0.019190373971877336,0.01737334869325418,0.015416038608728328,0.025665561818402,-0.010425585531898785,-0.0001654953175616227,0.005487462348861395,0.001085521616069161,0.00184350151263702,0.004582329312077926,0.01933955017346435,0.010837127976182805,0.003413847934619137,-0.004151996095024885,0.0071895292545881475,-0.01040468925990932,-0.011533246320997953,-0.01800931487562517,-0.003006233668824562,-0.010581501275990926,0.011947300536642995,0.02528093664432752,0.016188187476965016,0.0013696684394800649,-0.018304320637015047,-0.019905801429744168,0.006817708410823686,0.002940025065955817,0.005341918939231291,0.017158712568036683,-0.012447309352820077,0.028640136925961342
2023-05-30,-0.0408783705165618,-0.0019397658823379527,-0.003942054744156671,0.025244472233113664,-0.013116269834625209,0.015125533622900998,-0.001069205342227517,-0.004245765616512177,0.0353221104108262,0.0170081671947862,-0.004053117191974015,0.010443866542878998,0.020149396980957416,-0.006524665707084267,-0.02516195838554016,-0.012872935057901018,-0.024182278574056994,-0.02583191702789797,0.004113073370531075,0.01727485015426697,-0.007430556638480398,-0.0047848322727976275,-0.03351044966498759,0.023610679328709732,0.0008611412822067338,0.013434558298509907,-0.004722080517373817,0.0023993112993218007,0.00019005285079517077,-0.001720884627273453,-0.0011347163027708431,0.010230123746539976,-0.020368426901905854,0.01555485875865225,-0.01441275701403831,-0.009495264042478902,0.0057458277833349804,-0.00782037186432775,-0.007275382348620395,0.008732423955775925
2023-05-31,0.018361827846261575,0.008804229990580899,-0.01814594490225141,0.0003898723389269949,-0.00263475695331818,-0.024346683612120616,-0.0055996801179880994,-0.0050547001959446135,-0.010312468217267801,-0.005365262500984284,0.0015090203888535295,0.0044950558577426265,-0.024609567781003528,-0.011940814201658219,-0.009998669058734044,0.006591350783342512,0.009067801239892686,0.001677285678879435,-0.00024304470963357801,0.0009230573741584142,-0.00900958980931789,-0.007245034673941339,0.002512559575182097,0.0033289366812390346,0.0014181747095862052,0.014498202233971788,0.0081319017882914,-0.009247764987041059,0.00249795953016433,-0.024264538945417902,0.022289783956361997,0.00821902566754599,0.005698299185448728,0.006769584567044216,-0.0020034035008453547,0.019510895467887562,0.014284009895173057,-0.010603575594673878,-0.0213463463678291,-0.0030820255100056947
2023-06-01,-0.006975067911666731,-0.006056838049292919,0.0057385358405143,0.013516125701115326,-0.01141159989313403,0.0017316936895919962,0.017651610739385586,0.001665736851400865,-0.00929697324413677,0.009366019819336385,-0.012448916961778432,-0.015391058570148972,0.0015131960135108516,-0.017301078743016226,-0.01108456452344521,0.002781102654556109,-0.01250982071308874,0.03820858898952364,-0.0073257454704645526,0.01956103544070971,0.011819715755823575,-0.0161878091097963,0.03145745248585377,-0.002244013972304876,-0.0013797939890070484,0.023503681322703553,0.008853641710380071,0.008017552605856635,-0.0012986492488845814,-0.01793738112701608,0.018584533107751804,-0.003952568016166126,-0.016267172702481198,-0.007445497779290882,-0.01525057461610584,0.015550117014473798,-0.02253157741238766,-0.005659694363461722,0.03281226091790512,0.014701234310285425
2023-06-02,-0.0034978608803459678,-0.002034845163158279,-0.004633463472236959,0.008778318802428615,-0.02625901693006046,-0.004795660733319478,0.005733373601656579,0.012836079922641037,-0.008111628086758627,-0.007034479647530621,0.022024628332995438,-0.0054994911061973985,0.0009572500014216659,0.0005774727494543087,-0.03605328844742455,0.010616556743095286,0.012943830225457463,0.021448439471619233,-0.01893960396292336,-0.02109743550819176,-0.01768039123800427,-0.0007133101387232651,0.00446335256112537,0.039926408281169196,-0.010526231958176984,0.01934702936500326,0.011938893053251605,0.02116562613762042,-0.015538862004689468,-0.0191026959941932,0.0014581485561866703,-0.03429094911117864,-0.010535620347902985,0.030692847345966626,0.007110281286681865,-0.002028237763222276,0.01456023574215759,0.02043876093133494,-0.011712687574846543,-0.01347435824359336
2023-06-03,-0.0006933219815832901,-0.000924954103150971,0.014434262190282213,-0.020691139878547714,0.014287876334169535,-0.010870644487480307,-0.018403017050632516,0.003637670457174534,-0.03468209843650811,0.02262624890353117,-0.005164184752817054,0.018448689696107624,0.01742550079987896,0.018740418091154377,-0.0005041837816422796,-0.013514832522531625,0.0010947288475953504,-0.003054379054454391,-0.010967589368091744,-0.006153596635824309,-0.020494737800023578,0.005047096902238058,0.017691699687648166,-0.02418706832528223,-0.011075769493718482,0.004302674252468237,0.028080550854877193,0.0006153662261376,-0.03409748808764811,0.003699175665459193,0.018276321219407005,0.036966952638768015,-0.012161623193377763,0.007705499172516899,0.019990416905060156,-0.003951697923966706,-0.008661043144501045,0.001677181925824425,-0.029649247927079587,-0.005501508446925764
2023-06-04,-0.0036259804803249174,0.010498017743086303,-0.009516598294416409,0.0005083371303455631,-0.01262873757482822,0.011844577849210544,-0.03377773265117418,0.00020195023008621826,-0.0008462411914208197,0.01823568640360964,-0.022199623917630657,-0.013643219132973991,-0.01453676726700402,-0.0364235275510647,-0.02108347449130335,0.012843660650419114,0.017260207724282533,-0.002974616114500572,0.008063651586902204,-8.372920011470697e-05,0.0013346561278395589,0.0011538760479351002,0.0016068914564349756,-0.011948031811452589,0.015652439627245406,0.025486656733680627,-0.0021766513876826416,0.014362941188485526,-0.007845742684034882,0.016212405112924443,0.010656085702884855,-0.01866618680129869,-0.006393713810988123,0.011961535890741356,-0.03082773727643342,-0.003836515596437782,0.0038707287989178537,-0.001025603738965902,0.02157802031444603,-0.00525777872887391
2023-06-05,-0.0179331474345332,-0.01957188033053908,0.020705900208124097,0.016738923955810878,-0.023177615134997047,0.014208915586813177,0.006729173993816867,-0.020033570080541654,0.00014069968839455841,0.010517798093228703,0.04523743156753274,-0.009494159168939137,0.029608250056870872,-0.012448565124103026,-0.008429571534488714,-0.00941176982984467,0.01086000576676045,0.0009497627532679488,0.014360632625889384,0.008941064699572497,-0.0224388893834828,-0.0039239388189368524,0.017468762759696447,0.010172720214130447,0.018649447445222744,0.00452954786019252,0.004339172737365972,0.011229614164667584,0.0016354734115282363,0.013184107335405535,0.003917978478160063,-0.011923204454881606,0.01768497634352711,0.0017205798959906919,-0.006690952930474623,0.015286861608539067,0.008582011741951816,-0.029021607642822377,0.022127528976500124,0.01704406885850793
2023-06-06,-0.008154710432308494,0.0035601957253379186,0.006065343162021002,0.0008281223450034582,-0.01597417537924283,0.007754542124072214,0.014700887453771802,0.024989051470577117,-0.019154497906177792,0.043435121107644796,-0.006643519071549479,-0.008058804218913588,-0.018521238483943755,-0.006760221109298388,0.005343033797756722,0.006411316987147463,-0.008148976134528866,0.030485707382353816,-0.008825161245110489,-0.005200707526410376,0.007579819703018742,-0.005677113696515709,-0.04644875936913981,-0.004510581748440948,0.007442570271266661,-0.005806731935482619,0.02257469285250201,0.02331124028958723,-0.00820657220214004,-0.03157458751919115,-0.022511898703863994,-0.02192136666500578,0.005318739345024448,-0.0008806998864155189,-0.00044455793468074214,-0.008986747816181319,0.0212350785376602,0.0007327603076312402,0.004805055787737567,0.004475585550440742
2023-06-07,0.013455622203828914,0.02448592707416659,0.004252265319149874,0.0054599545304886785,0.00430780957712924,0.007958670320806573,0.005536149398488807,0.01142061321458301,-0.01259507380574349,-0.01872120618509103,-0.0007922574118361166,-0.0031084954489301177,-0.008399016057178755,0.00486800954620744,0.011954478195157273,0.00733292760721321,-0.00433860835883103,0.01204107627967305,0.013312777037290656,-0.021329692188522622,0.008370274362235993,-0.021726884636657087,-0.019815646782475015,-0.01071979152886605,-0.013427806767995995,-0.025117012862587208,0.01741114756344408,-0.007658091304557441,-0.008419792101989143,-0.011117464879305372,-0.01361266637155688,-0.017618426359080924,0.003413661067707234,0.0006600896841555055,-0.008484893379927985,0.006837293348969821,0.019889780443133966,0.015017953732024199,0.0019412274813967007,0.013901996884058427
2023-06-08,-0.00971993248335987,0.006536699740992288,-0.007083432577034386,0.0010774937196398608,-0.027403155092747707,-0.004800200931460509,0.0026581479864356203,0.01116915826142689,0.015550269833517122,0.011977513320961496,0.015088844584482711,-0.011159853475343571,-0.004114654972211083,-0.008332620150879832,0.017510410113226647,0.025687793229293165,-0.007456604867590987,-8.248274345789815e-05,0.01934608468074636,-0.007466323762169104,0.016943820169697418,0.017660463356263277,-0.00817673001645611,0.004992235699997946,0.007809280167350701,-0.005237970675970647,-0.01100963373644153,0.004689673232450021,0.010966809162330211,-0.015770815168421187,-0.03744157835270517,0.0105904612770393,0.015131467389041288,0.004535319810728864,-0.010401390817951488,0.011039713126553774,-0.0075189381567594415,-0.014308654667886563,-0.012228232578843324,-0.023752716615652883
2023-06-09,0.002814552534505397,-0.0011169128574591712,0.005616001372081736,0.0019820985439365293,-0.017820794227807905,0.012335482342469393,-0.004203804070653714,0.023018610617090332,-0.0356637241774997,0.020473699110242657,0.0343190249100467,-0.01858696418420688,-0.0017070024792484569,0.013068233756364135,-0.022858226908380217,0.03836936634273969,-0.006690202269499297,-0.02310853109602557,0.008143265392835776,-0.0021044544021971917,0.03909812941593135,-0.001193663068992566,0.015070430106623543,-0.007246557903695739,0.017060773708883797,0.005796757015748012,0.005911790947804526,-0.034233225083556154,0.008754607164159779,-0.03300494192728996,0.0014680508272443356,-0.02431582912953413,0.016394864028558897,0.009747252085096574,0.0026245668797016987,-0.0007917771813983974,-0.019337720381874948,-0.012711651935618056,-0.005757094690121643,-0.003010526990207709
2023-06-10,0.00015380641995057603,-0.003909054650734552,-0.012053015115683697,0.004936586141048978,0.003612838438699638,0.01635244314397411,0.015281030616184323,-0.001970225398527789,0.008973168121522088,-0.0003517234046952665,0.011814970829864583,0.004874689736049169,-0.0031749365624618997,0.015473474662708507,-0.013227517177790568,-0.007533186999531949,-0.0007508781792823589,-0.006609139724890651,-0.01653724203424141,-0.013475968254354743,-0.009259745236336757,0.006979394996315292,0.0013736517847907142,0.0001352224338233362,-0.0013198836116521404,-0.019507677519878027,-0.014527468320141476,-0.0069178594310600715,-0.003629765796539707,-0.0011385041900566738,0.00965511964183971,0.019827569556366945,0.009561128961315155,0.016235103860650312,0.008918357100480332,0.008823788585426989,0.014723534048566661,-0.019543469578966424,-0.006351169942296264,0.00305929673007849
2023-06-11,-0.00976664174647183,-0.00782694944416459,-0.016055954984214037,-0.02399690586671674,-0.023754580793831706,0.01925816433356025,-0.013265305032755465,0.01019046606318694,0.005412837834137435,0.02440140236029552,-0.012448839107568646,-0.013537161626115303,-0.001238134281351562,0.0032281246395684726,-0.009201472208786095,-0.01207080474370542,-0.015645579420516437,-0.009056166612867395,-0.006285825314961397,-0.013823141795439229,0.032768054675609726,0.03511582542915318,0.00869374190975902,-0.01609775693371264,-0.004314307906376932,0.01811954905672604,-0.013332625219116023,-0.000665693033844409,-0.011588722061820456,-0.030690051046842096,0.03012517195212097,-0.014934403590862629,0.022716497285967665,-0.003434220562943942,0.0008426553848320975,-0.006890972502628654,0.02241054258463702,0.014701626181042057,0.0033448211414589544,0.02231097637151668
2023-06-12,0.005754559596260086,0.0034267275031906316,0.005391883869653471,0.0016814832889440292,-0.0010605257337476823,-0.005747558971622544,-0.020256954288952387,0.02570326606578737,0.010936786129949022,-0.010513912860066643,0.017009095243263894,-0.001963944842559252,-0.008133997325973055,-0.007143817562756567,0.014917410572389284,-0.010743994178485957,0.017346698571368748,0.005906477364127987,-0.0074354453687622245,0.02678181518773531,-0.036322482734529746,0.008402349473699864,-0.004557321836022813,0.005564334637915981,-0.004122449662000297,0.024997055195035235,0.003983150372116074,-0.00440067476345346,-0.013255302950288627,0.03370951651044486,-0.0010270912925119857,-0.01236174372001707,0.00024195624586228793,0.008322847038417866,0.01271570738821943,-0.008249475211060918,-0.0014936599828427352,-0.004176335576598064,-0.04029260354712443,-0.011161091022734184
2023-06-13,0.006604063327903696,0.009599515852318077,-0.02615738646332562,-0.007544316162286768,0.002304058677385739,0.00862946609272113,0.0019275882575868716,-0.0055949065012574385,-0.006815356986595838,-0.0082028900810468,0.0017122992561272152,-0.0015990783972397904,-0.0033697535210288924,0.004272331743107931,0.018163069510960507,-0.002963452999586486,0.020809468424303815,0.025870727269251676,-0.0036124068644858994,-0.0004889781797728825,0.012846560319847348,0.0029963816323570844,0.006882886464473201,-0.005394041719641722,0.0240553758759354,-0.012475630403825584,0.01101114678880328,-0.02539214181283754,0.003298429669489017,-0.01979248930982743,0.0235768604996116,0.0035395056827778265,0.01723315173397318,-0.0068200367715248855,-0.0006437226274656161,-0.0032446276376570664,-0.023184442355099494,-0.02337479895342376,0.005441292200869963,0.023732134365812115
2023-06-14,0.010482384973794808,-0.007916975926869758,0.019980012952369345,-0.003292902604757505,-0.00549419169457523,0.004484950174359865,0.015859679785645727,-0.015607832701144474,-0.017243069760886274,-0.02372565128345335,0.011159900327896414,0.011746837067440759,0.010781819792027027,-4.404744034410414e-05,0.015132368186186965,-0.01668083327035737,0.00841867639915722,-0.006671248284949843,-0.0046186267908665795,0.00028452371555527515,0.013274527734847196,-0.0008196966449762802,0.010322158451333333,-0.008193122237949848,0.011170138593414558,0.011385407879194813,0.0002238052860867997,0.023736511418148587,-0.007284873930318162,0.007079374288496754,0.0009503458443423099,0.01777157684109759,-0.015158460934184794,-0.006780655562205116,0.007765097583483191,0.0017968099119348342,0.001467452566491713,-0.005061673636054273,-0.006385211754437006,-0.010256386558604422
2023-06-15,0.0027956327156423407,0.005898833274255539,-0.033203115716054755,-0.03571034381846242,0.010337898716496569,-0.01699655686195841,0.03471289751238428,-0.006246128033096973,0.024623116909833636,0.00734346260936623,0.01948305364060532,0.0110639990331942,-0.0021720383884917334,-0.004396091774419237,0.013008274094570746,0.006530562582510993,0.021517104058803,-0.004857588300711877,-0.018159987505317655,0.011186647566173007,0.007304894133766091,-0.012080136026587376,0.016961797675278518,0.00330271054758625,0.004141355959103687,0.01392538607012584,0.015659801304076237,0.018040366891221772,-0.023805622659030606,0.003993427130633696,0.010291847848415704,0.014828505404209533,0.00073170550271957,0.0002717169449112664,-0.007020895456172294,-0.020712009499507012,0.012139908391914794,0.0018864103820136376,-0.011644689569425585,-0.0027838141600337717
2023-06-16,0.01207147030147739,-0.015987722679575933,0.009623502038739625,-0.01042513168433949,0.012999786304695168,0.02125470864592356,0.013072574778093355,-0.011669839860100773,-0.0018592635459386275,-0.02011846805473514,0.013311325313321352,0.002644958998785496,0.01057949394228688,-0.014711079791186696,-0.006367696856693542,0.019390537222145728,-0.0034071747089997055,-0.011484877882754143,-0.0031844401335794793,-0.023530205615389252,-1.6940951450577406e-05,0.01684401670145419,-0.004688527360573501,-0.011378235273574422,0.01179358753112263,0.023724776244925586,-0.0016256083516806821,0.012140170544725491,-0.004328861875336709,0.01752297875194979,-0.01385788724735108,-0.01596063436158059,-0.0016467727317046252,0.01954826454250678,-0.012839089169234775,-0.004675921223013597,0.016358324002364817,0.01004509116520036,0.01849227702928867,0.007823617338801492
2023-06-17,0.00833378993308975,-0.010777171062389297,0.0006898913795972503,-0.006922268008613125,-0.006487239479765431,0.01013436631213179,-0.012627236315301828,0.01071769010123726,0.007785899079739781,0.03349616219482847,-0.026451294168728472,-0.016212353033656517,-0.005505376202015071,0.005628888194563874,-0.002626167539441137,0.006541804561336351,-0.012483124572970686,0.02212691595429609,0.015159452213667218,-0.016113333346844047,-0.006380221355443666,0.0005137712305636928,-0.01257543795066273,0.00556621987530549,-0.03311465128202017,-0.004283099098515097,0.012636168905481466,0.0045192077703692865,0.008162586028692152,0.0056436081991321115,0.011574351667237808,0.019540325199745603,-0.008375503374247788,0.009196829042361422,-0.003212201846523864,0.000538684206339672,-0.0018655889552193889,0.012084378429553925,-0.021092143837280485,-0.0012020339758230438
2023-06-18,-0.011011018630276256,-0.0014780442592967737,0.006900691773350587,-0.012686090480699228,0.01627894862744179,0.01728478123773324,-0.002769960842727554,-0.02110801209463429,0.014262682469319105,0.015473125892837244,-0.012349190952588322,-3.404253096850123e-05,-0.009540419578176468,-0.014704891465372301,-0.015797111101591006,0.003424428465148788,-0.019349667066934962,0.009653758891896635,0.01050539214826343,0.015171926542412444,0.009428676956922214,-0.010270523926739052,-0.0036884292632777056,0.0018746166888582766,0.012173394960980992,-0.005806707226365655,0.0022910825002712657,-0.03822611365793552,-0.017691206065716746,-0.0029847040603916382,0.008157034638170463,-0.010472400235089468,0.018361793186176874,-0.009073002702215087,0.016627920520439127,0.011517699767305026,0.013440918905615988,0.0076776511806002715,0.032609503067119384,0.023428894200777955
2023-06-19,-0.021712167072649516,0.004115167787251068,0.016747340833452556,-6.961299031654094e-05,0.041537422171684046,-0.020230952994201006,-0.01744158701722985,0.019419322705934956,0.013053146356527268,0.0014477932634326608,0.002114768080427569,0.0008482641719695936,0.004612946147335045,-0.018713178280886172,0.0012433466361410639,0.007212229729279811,0.00516794377825556,0.0041222956028238306,0.0004799922837872698,-0.016413813214288586,-0.021384220764461805,0.00429433028414247,-0.004677546894358984,-0.002764878461230547,0.018286874513183424,0.01539528579888973,0.011008548132696791,-0.021730255945576923,0.006268614741071326,0.014529413949773237,-0.011739589418934862,0.014865445450400788,0.008051205782347748,0.0012425725301317607,0.03268453325241803,-0.010492656440566935,-0.005784788434440908,0.014693543464851126,0.0023768505874495914,0.0078787219328284
2023-06-20,0.011264928535094376,-0.009645342191187673,0.022266252267269603,0.010130225300040553,-0.0015295406332970982,0.006150814730703707,0.010851111571784129,0.009680949502022907,-0.014523893650363086,0.028770033790712024,0.0187994302231281,0.0015093569721566788,0.03888245739071743,-0.011092163809842275,0.02034386197202981,-0.00991332986085446,-0.015520167502658555,0.02239914873919305,0.0022511796283046486,-0.034404791528755176,0.0023806277706865503,0.009787217890549304,0.013020458650681898,0.025958731951244672,0.018498823865469808,-0.006160376426618935,0.0056710357113418566,-0.016960545436843364,-0.0020924725640699636,-0.013761962601501726,-0.008904113125209358,-0.023444101996127963,-0.03141192370455057,-0.014860680770794972,-0.008299807954933102,0.020345796155683184,0.000779116859623345,0.008311328733329154,0.019291348420885895,0.021193753620418646
2023-06-21,0.018001727022434112,0.010444444231508967,-0.03579925328254814,-0.006703306183449678,0.009494478025907914,0.0032383811605053727,-0.0004800380691782893,-0.0016518084687103282,-0.0019864081760493863,-0.0011043068621370009,0.005764610711872328,-0.007406658526335971,0.014529515811411299,0.0035069534407614123,0.011741830833140204,-0.01061721562839179,-0.005876802966989746,0.016547894390998567,0.005084488101466819,-0.025170938877950955,-0.009567016527105605,-0.006466303293422605,0.017476482507679848,-0.006803083181003616,0.027544993542163294,-0.025438814511469027,-0.02667125209782376,-0.012278165009884493,0.003196996077499616,0.0012482242941976084,0.011259326861034022,-0.02232316845804738,-0.0006365061594783992,-0.005685101227228819,-0.01774451813035859,0.006509207832128732,0.04432654598769749,0.01553222865465876,0.021636312362821146,-0.03364188717541043
2023-06-22,-0.00558308914221279,0.005750068957626765,-0.034941457703456545,-0.03465216676193257,0.016457458828554133,0.01644854986723662,0.010141218297367135,-0.008082828475900083,0.025785406562350583,-0.022545063697577833,-0.005194756233042738,0.009274055255570643,-0.006947862270920733,0.007865085972414105,-0.022627349523512016,-0.02092379005293521,0.004348410079430747,-0.011461739837002083,-0.029486845025512704,-0.004363288063746496,-0.0025053391314651214,0.0077779298025062345,0.004885936034483521,0.014118953456024203,0.029043303304369,0.0027490516549841136,0.007701242825979119,-0.02071094730733064,0.02629621453289128,-0.004057746764239947,0.0032217805041898297,0.03884154765592383,-0.0015183356828231596,0.028646086316871582,-0.018940274977772252,-0.011061227977166788,-0.022354957706649334,0.009848509761038866,-0.005237586482236168,-0.020654329692227764
2023-06-23,-0.021683117648797854,0.01925056818551239,-0.009809879752764894,0.01915253609765448,0.002146506237339321,-0.0002246483445611108,-0.0029508383255199234,0.026730691984986128,0.012041057668597912,0.015448142994533193,-0.008239731757744489,0.014416837301693885,-0.025048877180049473,0.018930080243217205,-0.0074817217286198105,-0.0019501046223566205,-0.0204805730667925,0.005386434604505781,0.012325223686928153,0.017303986157472348,0.0085766580069468,0.021974340119663125,-0.013615762999720046,0.0013817938522375796,-0.0063090220205248276,-0.01501906491970983,-0.0006550810422663782,-0.016715591969658803,0.03676198325727954,-0.012292723017626536,-0.007843316022762184,0.0013426046330099644,-0.004294049874308885,0.027711819741063015,-0.00028795798919701774,-0.01015886115173195,0.004955824828441455,0.01683131454120519,0.030471404885387025,0.010105471279017206
2023-06-24,-0.0024088608711070434,-0.004476707585792565,0.009812745700664767,0.0031151059158471186,-0.015879441450325504,-0.0038345444329482762,0.03358649968005454,0.0034356307239206477,0.005474725830143782,-0.002045053900351655,0.01634644583573559,0.012249525687361276,0.008534178096184536,0.014807593579644802,-0.007691008908022625,-0.011006491277195213,-0.011299989678799572,-0.0071030425066476235,-0.000427567940883788,-0.005306901164984527,-0.04496264270139788,0.026615038663484056,0.0222570281955964,0.012047414300204987,-0.0024891990138183554,-0.0001079484874952529,0.013098056328294224,-0.014021788139398287,-0.005304747124048815,0.00021720691346619603,0.009523501531313434,-0.002615476952754489,0.012297095992928504,0.004739924808743166,0.011780985738227473,-0.025865310212361284,-0.02945821711363539,-0.00966746406261995,-0.005462068590670081,0.0014232556100419861
2023-06-25,-0.013274913334109618,-0.023588099949143047,0.010425368003959939,-0.003328552941419293,0.04321522461110341,0.021017840866345165,-0.003515571624480057,0.00456091197539828,0.013350797627975686,0.023698280417020576,0.005946768016845967,-0.00634988851995783,-0.0014558494921328704,0.01938756866854794,-0.0018091490701650581,0.00795538985261379,0.006626558821449502,0.0013043084317307528,0.004275932796674216,-0.0027183265832628183,-0.021488330466461328,-0.019405738647251227,-0.02272673235633875,-0.03345287841420357,-0.027888120917023085,0.0008139855686017917,-0.007179367226517658,0.004495294973071426,0.03096626245640912,-0.0014307094675266507,-0.0055422190012896135,-0.02409720558163972,0.005139468474523819,0.017237177734868478,0.003195518516161529,0.00952535397791121,0.0031823576287847606,-0.012007853079217139,-0.005589245434530857,0.00909958118047992
2023-06-26,0.018906291045976045,-0.004116932637386451,-0.00398895440087961,-0.015000102207829998,0.00170448301355308,-0.003723695683531711,-0.004342031913757281,0.010747314746428094,0.0044309515229626825,-0.004869067887869446,-0.01013399746243944,0.018807020903557937,-0.013215384902653596,0.009569146227191778,0.0016433152815355388,-0.0009898681700416098,0.00295521585071681,0.009191668704345665,-0.0052832630389540985,-0.00021894608791891707,-0.010883512677708526,0.010062151984865606,-0.030663526372470242,0.0027296510064381504,-0.012416157840775207,0.015206842843616243,0.03271490301548285,-0.0021921291601379434,-0.026839239313432448,0.005641969915488539,0.020033410190154224,0.00845323166192053,0.004422333167084196,-0.02221300219299997,-0.044240755347903164,-0.013119819990293281,-0.002646824513391195,0.012525363684250113,-0.0014520516839365007,0.0021387857165576967
2023-06-27,0.016770987894958074,0.014612326171402333,-0.011009445682760098,-0.004564755953927413,-0.003502363538965251,-0.009331205071867547,0.01524685140331951,-0.031247886517874517,-0.007821194072723865,3.449021471733243e-05,-0.012000548023743403,-0.01914553488364686,-0.01760479060035231,0.01923218312213383,0.01841985972490952,0.02308229344691846,0.012194034812012313,0.019067802502890932,0.028813421750706728,-0.01833885682849791,-0.02371810620774913,0.010030782524031985,0.004296903148371537,-0.014903076041854394,0.007689098404754461,-0.003974511384890264,0.0352839056394127,-0.032480147745582756,-0.0025886142007391587,0.022671913841336745,-0.0329019649958619,0.016334573011894497,-0.018967944986933112,-0.0013401134160858936,0.013137562592310907,0.0233673039316889,0.00996601133593865,0.005009207526904763,0.016708696927643592,0.0008663233403300938
2023-06-28,0.003870863152451548,-0.015586667716949429,-0.005439972608897701,-0.012157211081723114,0.0048776643066175684,0.020103114466357572,-0.0074747748703605284,0.01253288357344037,-0.0014078088797470434,0.0027871472007852554,0.022418114776018506,-0.018767626585356433,0.0077669885666786145,0.022329126773197313,0.007795969744217776,-0.00649546211378889,-0.005358714697682189,0.004266540001265098,-0.018661621450392178,-0.02754997473003267,0.005991915061210712,-0.00935652340164317,-0.005324668279697313,0.007493819424144491,-0.029440491789363938,-0.005665868597879086,0.008169857809653897,-0.009990907007151984,0.008248343362335325,-0.03670072264081085,0.006266134933463308,0.008706366990476175,-0.016128269766550546,-0.010795803600703818,0.007420527565968138,0.013487713625782247,-0.004145788718481019,0.038638552178526124,-0.01783944693524833,0.010178743906741797
2023-06-29,0.012071076863600079,0.004480962877023237,0.012531565164239204,0.006454189943800226,-0.005410711916089968,0.0013252760415779466,0.008285733800684857,-0.0009947940217140238,-0.016485144177506537,-8.430127979125142e-05,0.0020932131677424506,0.011333732407519653,-0.008053120716777992,0.003915751700062128,-0.0022497760517029572,0.012950403834886864,-0.004958251721065485,0.0028987881730300046,-0.0009185671709146296,-0.006474167166004413,0.01796627243802463,-0.003330365011227994,-0.023390669363654457,0.01152493282941302,0.007512827378233713,0.017893868683638556,0.0043849943764235535,0.022358589064279028,0.00380677413316171,-0.002074114863398513,-0.01777571010150583,-0.0039034570317578034,-0.011544540908586245,0.009151818807027498,0.011758445092980206,-0.021217252268281576,-0.0028383900242190652,-0.000352557754860013,0.0051049475081987854,0.0007962969999124637
2023-06-30,0.0007062480192881422,0.0061483173856170525,-0.004496206996759865,0.016888331942109296,0.01713632877781081,-0.018376276747678316,-0.005793088081660689,0.011962204349081223,-0.021133079776571115,0.0057657252033826295,0.009035519950257843,-0.024920477832222565,-0.01294620222030367,-0.0167753028669193,-0.007729050243943781,0.022933505701638584,-0.029954535577773524,-0.011930991869549368,0.02056528789639035,-0.010050525136748551,-0.013196454595723528,-0.005665111934940466,0.016362524905511884,0.029821984525386033,-0.0059812169945690965,-0.017707976456393465,0.006622980525754765,-0.016269168038226704,0.009742942349101105,0.008182631532722763,-0.015789193637401958,-0.014197476581990191,-0.012678665939531703,-0.017894887798536124,-0.03263692781069396,0.009186828379757369,0.01378374817404229,-0.00610442584069972,0.011636108649048507,0.0045218056983216265
2023-07-01,-0.008030419631231633,0.0019146752438371868,-0.008307524549941903,-0.03229378913452602,0.0006345997590296956,-0.009863204557493153,0.002065351518373659,-0.011131099178396404,0.012521575075910034,-0.005420015102539319,0.033153694276617816,0.026184752637021576,-0.03232177887523515,-0.017338621074279165,0.017493002390101223,-0.01569832521480627,-0.0009925486369498698,-0.013773849889072832,-0.008615458811161643,0.006341631012820828,-0.012422765307374814,-0.0264399165641582,-0.016228757999441804,-0.010653720044012802,-0.011164983525150019,0.014656017419481355,-0.02846003661180741,-0.013091062483056913,0.012743034475322558,-0.007226751106416735,0.010728445388552329,-0.0005369510946973131,0.03113386096981531,-0.004524766124876714,0.009659654907513067,0.022628657575957056,0.013199224285860603,0.015872556947750693,-0.01601047030600256,0.010482386813262377
2023-07-02,0.0008350694708887152,-0.003315625974030149,-0.020393572054578618,0.014835611809471344,-0.00530536051365804,0.03624176833385983,0.00241321878201958,0.007571846906522609,0.0025295936570312347,0.01863508773154268,-0.028737648094650483,0.0014111351236740645,-0.006987413467893472,-0.0035311334504115276,0.011047746923482146,-0.030999231058847533,0.009372699694915462,-0.015303964280827389,-0.024438907617525176,-0.007462342317317709,0.02468844677430948,0.010754900922557572,0.010599565358212305,0.009024222806396403,-0.03596793792865903,-0.007196562805687165,0.012241318804589615,-0.009646621977113669,0.019692344080322857,-0.015976791629236032,0.002010518893088061,-0.03017750598920177,0.0005694822523714939,0.020126237936181186,0.014982642783098705,0.02285849917376575,-0.010533836290809142,-0.0012332516329779893,0.0056042458852123694,0.013374754478545572
2023-07-03,0.009755236181640764,0.009194060446038098,0.0090638782764679,0.008377298451204959,-0.0039476566610962965,-0.008570692724543305,0.026141894354870018,0.005314199592293994,-0.016239318946052277,-0.018921720042424008,-0.0042483916458560585,0.007359771583228751,-0.002427756399158483,0.02961951386137583,-0.011779020261704538,0.012011238555311216,0.0019698545075530474,0.01836625267117294,0.005577240595248813,-0.006624333624721637,-0.007310557537012369,0.005295941464175046,0.005990870939532067,-0.015697124504347716,-0.01153116673541133,0.01835455273657331,0.013703231693138949,-0.005609564650537344,-0.002805341845816816,0.015562017675854859,-0.012845881706296807,-0.0021715169545724207,0.005413174154695156,-0.012092404187512739,0.004555940855447697,0.006847344232454878,-0.00075426142054255,0.009243309432419505,-0.00023046059343914942,0.004452129966182553
2023-07-04,0.0023375047384429225,-0.01104147060543267,0.004156507047811942,0.02299247077567643,0.0024444494552007057,0.013565299479576848,0.010805671953975061,0.017466819594488515,-0.014535570067951543,0.026308522196919776,-0.005957940077404815,-0.006660460553633431,-0.0035963512335159286,-0.012943475448776982,-0.010307477834154399,-0.04128154524760525,-0.0010578809461701119,0.025961190260762906,0.02476833145126185,0.030329694863313904,0.0016726611963853448,0.01938830747296651,0.00140212639372657,0.008038514659054129,-0.004284660231230447,0.007455446288298561,0.018205122526741578,0.001415972419147049,0.011711110163955837,-0.02261632179686185,-0.0005197172786749592,0.01278354760008683,-0.004868044376019683,-0.007504861052104862,-0.013551931409780853,-0.01680483490055231,-0.008871869317185517,-0.004724461207511171,0.010172226328625859,-0.015043886584317887
2023-07-05,-0.019716712479093165,0.00421803738080306,0.016973243832380774,0.005655869376477106,0.025921614801055072,0.006594628338347402,-0.010803427036237634,-0.007397377941383997,-0.00645533045871086,-0.00893174212407332,-0.0009173188889050818,0.008205312552748338,0.015750574462025053,0.01950128469550393,0.005540468931807034,0.006511531505754651,-0.002453146340357056,0.0003897039796577444,0.010806825893187133,-0.002543319938688897,0.0022298996680677405,0.01600652820558663,-0.004566887191797989,0.0051903595001194305,-0.013097081059104234,0.0004879923966753401,-0.0006625606659025603,-0.004839476463036625,-0.03067999373645813,0.00571663875741262,-0.004979126721916739,-0.03751992301767721,-0.009245859899055303,-0.004593317699903192,0.004785291150373015,0.020922612663057737,-0.01660495928132043,0.00666330107005428,-0.01962431102751166,-0.007599286981418148
2023-07-06,0.0013204549998227719,-0.007441319909985164,-0.009230689265285188,-0.01770527711519008,0.015540233798463435,-0.010331353742349305,0.012262429907428651,0.012077069049411273,-0.039936733739951824,0.013795887920860603,-0.008262663023287488,0.0005826500636269248,-0.006398910587719625,-0.019593429581896027,0.01756584688325286,-0.01020619196441759,0.00010489384915243809,0.022360060086589043,0.00412607297268377,-0.02264051528380457,0.007633072210963442,0.010514533051136045,0.005883722754381558,0.03798774833166936,-0.01271874051497207,0.00974134124690135,0.011224477269715608,0.012295307775584515,-0.005540075080865216,-0.0015740667032533551,0.00014865020536989162,-0.012808654491226186,0.008025033800675983,-0.0010223561507960795,-0.019107962764870447,0.0132793534868196,-0.014863590879880683,0.012777316612423774,0.008569522711985833,-0.019498867048376108
2023-07-07,-0.031818640255386776,-0.013395285534353546,0.004355140574640631,0.01798242721268153,-0.00539398488155815,0.01259555187202259,-0.014478780717870343,0.0048173833065818135,-0.005775197875503648,0.02527668065911892,-0.0055525263356566035,0.00965698998668627,0.0014073112924636835,-0.007304504372082873,0.0251104875488449,-0.0013831177743569313,-0.009694321892601781,-0.014433493539029375,-0.008490384865543498,0.004611353536869473,-0.0362866551888943,0.007038968381252456,0.01751444440015391,-0.00890759925144353,0.014822551550531903,0.042168712317292446,0.008602683409944824,-0.011022348400730412,0.024440658120520712,-0.026918320419692505,-0.004174517925836086,0.0006648497065729696,-0.005657019921037976,0.003515377218175424,0.004078875411473555,-0.004503642420663102,0.005880555096026446,0.00948566952904568,0.01053500963277137,-0.002204883554545367
2023-07-08,-0.014007282527846308,-0.04070534885202505,-0.0012776409747111308,-0.004038511659447025,0.027244961515087047,-0.013842218391971582,-0.0076180764227808985,-0.02186778000706,0.0113314280342713,0.01564658333377098,-0.001141340182755231,0.003858128447378142,-0.006091544224581124,0.005812122750917444,-0.0071578038388259956,0.014405496595231536,0.030379794562103966,0.029433364090976664,-0.031340660476447846,-0.015587038652102817,-0.03959166620328581,0.006535677595566017,-0.005152055515940479,0.022983073667030715,-0.004958860927814848,0.012764433195044994,0.008320884277464169,0.01783068683150077,0.006669305349142814,-0.001963447471995519,-0.019543075080967868,0.0036147943360144946,0.015828774570155444,0.010738265891971228,0.006720278379801938,0.00040704121527841626,0.0187598330255682,-0.020187692273921153,0.008667015544314583,0.0007226175526596589
2023-07-09,-0.02912216747946345,0.014637124771470477,-0.00720916906150826,0.0006875727018765558,0.02595136006907697,-0.006780862610067372,0.011207412367088434,-0.006273047498820693,0.020581271145442184,0.00040275019128020826,-0.010246405216095157,-0.008956483191451741,0.01573395017614696,-0.009654610483891383,0.011877747814347509,-0.013159713419599964,-0.0010770817949922794,-0.01847059165748181,0.008160128673979191,0.0127197067277564,-0.008986103529548404,-0.016651744170732244,0.007513926343479601,0.013009535574908505,-0.0031920445778585898,0.0029642278368309195,0.040860566713785046,-0.0007570000217326899,-0.018870237346034564,-0.007969051174960403,-0.019967460971279664,-0.006817924199054958,0.00833261862681908,-0.03463912323348908,0.015628148333636013,0.006650297343688343,0.009386856519459894,-0.011206135670259337,0.0014962910507791065,0.015113723465999963
2023-07-10,0.029117409818710093,-0.012039490685909964,0.010233605814844445,0.008110078578380945,-0.028521114817401143,0.017701658418742296,0.015783288612752865,0.02211110251667955,-0.010168740190837909,0.016047406170128245,-0.005240401758232278,0.012215230651976524,-0.01906083537160353,-0.007264048256533203,0.02729091986854306,-0.02429228561147862,0.00401510414445818,0.020540900670685258,0.017319137298157282,0.002525448542524937,0.010359275790249494,-0.01508065361274746,0.0013716154360580975,0.015622986477758966,-0.021238925037255503,-0.009909159265677649,0.021791378947777985,-0.005216283242640682,0.026258665367403657,-0.015444755424497417,0.00443453428347412,-0.011402847732278149,0.011618079169957305,-0.018579372318682365,-0.010937076058056388,-0.021728686189353807,0.014561769933986179,0.014096128974975442,0.0066829811261436105,0.023758416141244493
2023-07-11,-0.0018275631841157712,-0.01183270366488313,0.007764137179421742,-0.009475511037340793,-0.00617099404940437,0.004521489956949442,-0.0023257742866700354,-0.018992199029458874,0.005575620871962349,0.009863627503208293,0.004416728431710426,-0.008368304383624505,0.0005812262328612985,-0.011319913501853658,0.011975786139847457,-0.021987177836967978,-0.0025398675824317455,0.010692981601636791,0.007400474280827199,-0.0059820951463761644,-0.0021104586716778353,0.011665363200735409,-0.038016948556896156,0.03758574299967296,-0.030722716447032266,-0.003289179656426823,-0.00209224160635461,-0.008528539934536809,0.01060117793008153,0.001907048564411234,0.0006307377709002547,-0.024745779413723513,-0.02202808483667902,-0.011693580036406038,0.0055962767983687225,-0.008849616765740516,-0.005738029034455767,-0.0008982306274241368,0.011530595495720304,-0.004177905176520551
2023-07-12,0.004794048848933717,-0.0034030351594000877,-0.01300560066612412,-0.0001515187924498499,-0.00625212548670308,0.01938741740442302,0.012206245342343896,0.02720557455762732,-0.02008913802154107,-0.025156721701412983,-0.011645296763304431,-0.02110201995872508,0.029088107455601902,-0.010115699825595749,0.0011611374879674,0.02108669616223484,-0.013347027248760029,-0.0005104847610241945,0.014815753407298606,-0.0049598805756040296,0.021919562281200268,-0.0038158857691247684,-0.02163392237762751,0.018797348342550774,0.005803689984554982,-0.02458468569806768,0.015390539454404936,-0.012829035933616144,0.04230885262809642,0.029362523013355134,0.0015520650827528246,0.011270508817211011,0.03922770126534568,-0.012387903609625677,-0.026587265266141507,-0.007922735210427101,0.011895922211919588,-0.0014630652442951097,-0.010521100586549738,0.004055431627663639
2023-07-13,0.017615028162944954,0.013742389825399905,0.00898187793971407,-0.009442166656189585,0.003088755990487023,0.003506879567233874,0.006643938494874263,-0.005682684556753598,0.04938786121355338,0.01995108789252813,-0.012069751905101622,-0.0003494751956990271,-0.0007579270825542764,0.021584628354469258,0.0007697359527753303,0.005205741587233286,-0.006757222548753536,-0.016172517785922897,-0.010801094900917185,0.012138779328286855,0.0010474054939999763,-0.012982395288394314,0.0004522809520650072,-0.006303523125501224,-0.009711798011742842,0.016707644643131875,-0.010198939876651053,-0.022805249516007337,0.003334418862399115,0.015522867529108371,0.014494945998970457,0.011961249506433564,0.022176199162418433,0.0006887061657521573,0.0049297403221476455,0.029511995601867798,-0.00707567387774484,0.0030873720471344575,0.018471149009798488,0.004323244614690589
2023-07-14,-0.0035329206138685365,0.016075101555544726,0.015874929583709348,0.012059906918730755,0.0026256587435888007,0.007475487372118341,0.006014136584156362,0.009923101744297096,-0.009146313054238575,-0.012736809262967812,-0.023431536605085446,-0.0034118201362059266,-0.003931051591385232,-0.002295872291403129,0.003955797870168774,0.003743421844672235,0.007273377275196764,-0.01943898171104647,-0.01041583149984964,-0.006362234880843434,0.0043310441479928585,-0.010069727362470327,0.00976062120888236,-0.001044967537864233,0.013702796558532859,0.016790057666244876,0.0004055552284105157,0.002350840168293248,0.01872718248564963,0.027478633762190525,0.0010402717925186186,-0.010210602812721717,-0.0051801409183123565,0.02255947832933437,-0.004730167726390556,0.0060441521741935785,0.01107906570405519,-0.024468869883575717,-0.007381281829408146,-0.0036103652635054375
2023-07-15,-0.003632786789380662,-0.009167014615855484,0.02055999807804946,0.002764869830135973,-0.0042910979175528365,-0.010506882660704707,-0.0108027152546727,0.028258599946923132,0.014364575291646777,0.0006696633335611122,0.011784749757015281,0.005412579670343894,0.009694273650608888,-0.013082034279086137,0.010935398774123554,-0.005232464762276288,0.03044656645151033,-0.01707613931270186,0.006809251096894056,0.007288561220914945,0.021924232803803897,-0.03897099640767482,-0.014523041431905116,-0.007476045799160495,0.0017275411479417946,-0.0006889144842478221,0.00906272750059204,-0.01922390751503277,0.015109848769192663,0.02005132221654504,0.02398167765128242,0.014953370026708646,-0.0016294298488058632,6.539078962706943e-05,-0.046855034243244886,0.013696069176604665,-0.011463941844707086,-0.012290600346903525,-0.004126476194482092,2.551704689947662e-05
2023-07-16,0.008490509651299877,-0.0007893699224797099,-0.01810790340743006,-0.010928362598483166,-0.01022322513274438,0.0013125510711155227,0.012875370271425395,0.008548878422016955,-0.006030812173606556,-0.023632655282400553,-0.019481668984589286,-0.031072754203723497,-0.001960977170716819,-0.0005413878944422409,-0.016033773846228436,0.0010015644181554,0.006811465944279336,-0.031206958972239844,0.02338900628104186,-0.011003969025690306,-0.024994465984173007,0.017621902875557236,0.018539208769393422,-0.01682103519158244,-0.015905459791689027,0.012336851602576363,-0.012836085127074197,-0.009096043950696893,0.030209948492990454,0.02038638318414928,0.007158209938985548,-0.03145978729376792,0.015508891741759536,0.025081698076377345,0.006862836193809396,0.025795270017936706,-0.0078274582063889,0.030338972445768126,-0.025994118414894272,-0.01244491180030563
2023-07-17,0.018597381341564138,-0.007321336645266312,-0.00735693417911292,0.019213103708961926,-0.005737135837141945,0.001512528589063323,-0.0046593850022942,-0.005239384349826881,-0.01562640158402416,-0.028207236040874585,0.02610572822144668,0.016751405127346138,0.019807194003089387,-0.02893019402714871,0.032613152111378475,0.019215601585360065,0.007335994889097249,0.00558453547747048,-0.0045881353307354236,0.01838577967645093,0.012495971361177216,-0.008325306646072925,-0.00266834885426746,-0.019993746162292655,-0.004384877277814031,-0.0044534526943433295,-0.0040863478458087465,0.004402423897301453,-0.015147107154181456,-0.0017901456262817464,0.005329859651713818,0.005398012554100546,0.014568776794622061,-0.006010615793173751,-0.009557385993761627,0.007439006956475867,-0.011032440585891447,-0.005285170568479174,-0.01810454384674727,9.544858653359262e-05
2023-07-18,-0.001556453739062504,-0.018154403634579562,0.0006395281977725224,-0.0054848993209846465,-0.004325769138757138,-0.018352101928155295,0.012142821627048845,0.020366366515442918,-0.011944362821272075,-0.012954233538025254,-0.016759059156658967,0.000988714938492191,-0.0007114506883555943,0.021347730391571385,0.014633279036791989,0.04182150091432371,0.013861614823777367,-0.015628668272611796,0.01029361541175716,0.003483294566062351,0.011467147327609478,0.002184456605440265,0.014536458942722137,0.007150099846107262,0.03218268090285703,-0.022290389966221808,0.007978446263077638,-0.016526721558636537,-0.008976932808310568,-0.005689403020498416,0.020581291853523583,0.003782809492145369,0.019084114578095727,-0.004451112547428677,0.001786569150852134,-0.00834628138927952,0.018900251987530155,0.0080997173617025,-0.0033504090619145203,0.012739757779077376
2023-07-19,0.022400651993564207,-0.010319140410521923,-0.011256103162727113,-0.007254013331432729,0.009875045379653714,0.004311696938258419,0.025862739933445903,0.007112488730238531,0.0059535936238708734,0.001520385514834807,0.017338143446601516,0.014999248738101137,0.012723048423091247,-0.013838554211852282,0.00892786388008976,-0.0031657448727858517,-0.002432238946146685,-2.413567984378771e-05,-0.00039340125833378333,-0.03098481874535705,0.012921921880122133,-0.006611895035737836,0.011976995634391937,0.018303246387182757,0.024512079793574563,-0.011925779865994917,0.01606348979876013,-0.0016766237585845558,-0.002245009304385956,-0.0010462392533835832,0.011438210638854118,-0.005036820975515015,-0.013519307799997349,-0.009330154341368312,-0.03215967424350828,0.00726606236460348,-0.017999070683636795,-0.019717265356618524,0.00027744974088870036,-0.012583019005468005
2023-07-20,-0.0048442028140247406,0.004999671924097745,0.010602346947216368,-0.00742515492766016,-0.014794701198088536,-0.01280570579881793,0.014857695974938929,-0.022101274630220474,0.0007740612224243475,0.0023869679443497024,-0.016750228830274463,-0.008174377607387916,-0.0021861923315841334,0.0024281515928226737,0.006200635789985141,0.01199242800170914,-0.0007520544819492364,-0.005900676085366744,-0.0068336123069829835,0.005882161979183769,-0.0033040164562710196,-0.003678962374033991,-0.0033816310356689842,0.022119640620763516,-0.001719498344521236,0.00681399054721297,0.02022714625149791,-0.0267914641759004,-0.022056019434470085,-0.02087731440995529,-0.012069874896063083,0.02692140357825081,0.02806890248008368,-0.030108078017290787,-0.014042435880244406,0.011632574983301402,0.01603872364962983,0.006543964042757967,0.007462676915215545,-0.021742889470517664
2023-07-21,-0.0002841264192754414,0.011241942761326567,0.020226207732107416,-0.013843088653186775,-0.01666067783700904,0.005688904379918151,-0.015312461653125373,0.01218726680396238,-0.013824233834017133,-0.00477730884947903,-0.020619346353844267,0.018772206342449495,-0.02491997318684255,0.0043803173915673965,0.015328169316955463,0.0022936983216181248,-0.013334818255414512,-0.025727319992347876,-0.0015672381400047403,0.017049470389969075,0.018112998648986238,-0.007421436557191019,-0.01586721323765052,-0.0013328349441212577,0.022271889796066337,-0.028171704705935975,0.0034113638058673548,-0.0013606029216218086,0.014009398081377014,0.016554115019233432,0.0002749658960315786,-0.023103608553861194,0.0024304110013913453,-0.008168475567285038,0.010915354613733472,-0.0076857674372915515,-0.038981280449494664,-0.0016700544346102296,0.01291967742067189,0.011222946922080285
2023-07-22,0.004989954322269832,-0.021778384795501322,-0.0017780326211120695,-0.0014806368857084107,0.0035424013500362436,0.010314071801429294,0.017982910223657576,-0.004863817598296308,-0.009340703609590925,0.006476256874558618,0.019456145946525828,0.0038664395196424126,0.01151670168239358,0.012489038060484393,0.000665314348134009,0.0024148266816185976,-0.012187163882584737,-0.008289458987365553,0.016788620081411392,-0.017750073353510226,-0.002641941280988383,0.03436675845647672,0.0036086962345809144,0.005823224543987541,0.00842458938135901,0.018865378287109925,0.012237795796980486,0.0026138742281911374,-0.011410794463576525,-0.023880974428106265,-0.019493388273948305,-0.024033615168614554,-0.0005942346971091325,-0.0019609307281154374,-0.005384323261193938,-0.005890322536618512,0.010495936396884153,-0.01599075583043408,0.011989074008848955,0.009901087925940516
2023-07-23,-0.008125017031577335,0.009125583040361316,-0.012729913384563578,-0.014200020926891172,-0.029861845452250253,-0.007514097434831281,0.0051172575003177595,-0.016975501343271325,0.008809229597985937,0.006712775381157729,0.013402930877000957,0.015814997146169192,-0.001716908709537313,0.00984901936677001,0.0006001037548143732,-0.0005148667897484263,-0.0014132771418372285,-0.011627266600215607,0.0029987869605458263,-0.001902475631060942,0.009237266475102156,-0.004738876095527438,0.02161118415711524,0.009946917728652738,-0.01079230300951696,0.0044641905591637655,-0.014060284240631604,-0.0009857233368893252,-0.0036124212470150974,-0.01495231448740487,-0.009330131605708565,-0.009941475470643798,-0.018717854971645805,-0.01686399277152217,-0.0026735771036096334,-0.009007974498999923,0.003946667469029418,0.03357065171306598,0.008108213079548626,-0.0036419541887187826
2023-07-24,0.0013047009581230074,-0.007650649377543622,0.0021992883141801647,-0.021719788327444284,0.00875018930045134,0.002724331335271626,-0.0055207444073439565,-0.04870586464566264,-0.018046412438374123,0.007204064366158343,0.0055828440019779785,0.008870124121138025,-0.005793719417535658,0.01120592785144927,0.00033302211515181293,-0.001621697777844692,-0.0020689957605201916,0.01398863130366874,-0.0038895204153668685,0.004228808066217371,0.012527578464600429,-0.02100118672121744,0.0036349002172027817,-0.018907872603922703,0.012815260380315482,0.003910326069703998,0.016591089238420686,-0.005137359395584667,-0.002796620230251819,-0.009085017292801286,-0.0034017019831579756,-0.02694098739686469,-0.010202644642633159,-0.007476884470271797,0.026998892167890254,-0.038486299301183816,0.014877261622201888,-0.014082452360203505,0.0034678505418910934,0.026346020874155548
2023-07-25,-0.02440132837393008,0.008926533769149448,0.020182040636981317,-0.0057078592184630645,-0.007733832679807777,-0.019243734995914554,0.009752466058972321,-0.01507185229701357,0.01740364968577497,-0.029807031822449374,0.007838769243829893,0.02714736738018127,-0.020276920821680814,-0.015031524927197407,-0.00886616152560127,0.00892281762092037,0.0023406458809379325,0.0054018751751368395,0.018676428295435196,-0.016151283215259653,0.0022686980353111997,-0.006335196366895508,0.001569503091656106,0.018460022368843056,0.013546228113275882,0.036779521367202715,-0.013033684434311675,0.010454999032683555,-0.0038393680217848115,-0.0048025987819697545,0.02418801895799593,0.008463406710698172,-0.0215921141572418,0.00023681105630224625,-0.01905277470691782,-0.0012429583917599875,0.026908500925533003,-0.0005415406077445375,-0.013180272319163768,0.004187730916083408
2023-07-26,-0.001598274002444036,0.01667820071782509,0.005512152965594217,-0.0008007563793896203,-0.037119656306339344,-0.012830995714399957,-0.022549421529262332,0.02317432684676608,0.025029066065593384,0.009663169585969213,0.009393441726231567,-0.006581669010657317,-0.027642046860199384,-0.03428522615190176,0.00658116505192158,0.015377353328016126,0.02998919935671133,-0.0026636265712818657,0.007200709513464238,-0.015413815627447845,-0.01825633838187154,-0.01052042525549575,0.0134198010578561,-0.002548532951194495,0.012586339315665277,-0.006721514165000586,0.014802630053951809,0.02136937523342641,-0.006003809599705244,0.0027134517052115124,-0.004828067583167155,-0.0046759570129747095,0.007817975507226377,-0.007654698248420504,-0.01985388005629353,0.022875101569196435,0.016935018851518085,-0.015241094087995843,-0.004540714636940757,0.005403017442582789
2023-07-27,-0.0016577887706907407,0.002977993113896727,-0.005778480393012091,0.009947055230449616,-0.0025521438562716185,-0.0027282795757688585,-0.010597674933727276,0.008500306331257118,0.013483331851530191,0.012736474973928555,-0.01072057406678009,-0.006019313502550649,-0.007937784130539652,0.0012606105265161713,0.004536377185395547,-0.007978323988622898,-0.007546102582208948,0.009495027452424233,0.0109270426799279,-0.02239309340692582,0.005685833117934785,0.03359800597413056,0.000946548405544703,-0.009490575673936965,0.03253105792153313,0.016095085076888112,-0.003766514364861024,-0.03037151670427192,0.0037668975435641654,0.0001641196875462257,-0.018424151153045163,-0.029004969013004273,-0.0076097399970239555,0.005704557800735852,0.01790649375599624,0.003192367856664294,0.015146514692816054,-0.04155759007064465,-0.00717885798018879,0.02053587230807497
2023-07-28,0.0031387885551321846,0.0003162707697936235,0.001920029001328286,0.013166802245790489,0.022415532596876963,-0.0010023785391506407,0.0018274679607781206,0.0010991253433077523,-0.0020290590132423124,0.01016910088538643,-0.011734457532153816,-0.011813981585699818,-0.001436142224735211,0.0025839573986871592,-0.013332199886453793,0.004256704919931318,0.009828609728265172,-0.016667265209330883,-0.006493043272125319,-0.01296549581102709,-0.006338151278237138,0.0006911760576945072,-0.0154030281198764,-0.027540030545304066,0.006426698522616745,0.013668252324863888,0.006273332537349146,-0.007558681759911933,0.008529816345826547,-0.010426646048027711,-0.00693597344545647,0.03435788683462569,0.003998763288922196,-0.007408037909534466,0.015056287597093477,0.005581921459133736,0.02185846765074726,-0.006612402808530968,0.0031085977035282403,-0.029858496120143258
2023-07-29,-0.005428646043021472,-0.024696290111546088,-0.0011745546696070917,0.0005211340478722899,0.027831864932038482,-0.012441680522836555,0.012696703650832456,-0.0021860478358653405,0.00598896955556715,-0.022831106402127783,-0.016016938784275955,0.000865432334519804,-0.015218447273414527,-0.00780067034222688,-0.005670460256984812,-0.022466165107986182,-0.024157486986621266,0.006705473545681434,-0.01661136690513249,0.022329381030243085,0.010696547691610629,0.0051269062527196305,0.007341989319387197,-0.01587041454410852,-0.0157890569885016,-0.02628465422806681,-0.015304884927786675,-0.003110566022584204,-0.010410099923125216,0.02274567225021232,0.0029182500480300078,-0.023897704044106436,-0.001160641782889248,-0.01360813268938463,0.017275256932544177,0.008049436117502572,-0.01756821440397625,-0.007812981808522128,-0.0063064977889453165,-0.015304120111493812
2023-07-30,0.011769138639016546,-0.0026344480751268277,-0.0038854771273398483,0.03189097359044475,0.012082336199274814,0.029567658973208667,-0.01654638427224884,0.014309595254333144,-0.00029637981270187914,-0.014111818927588813,0.0033410476890131874,0.0005945134534492597,-0.007581039793949536,6.444199044956605e-06,0.021520519137073642,0.02775345758047892,-0.01126546304276659,0.017475120512190613,-0.021861889366827238,-0.01669406785565591,0.038184911319753975,-0.003265636582971322,-0.0007538488058974927,-0.003808034301325584,0.014912221696375058,0.005316755951752206,-0.0065463470590051386,-0.03288363337011187,0.021870178583583942,0.013431613752913333,0.0004625577154686534,0.007461160047548893,-0.014107246773063901,-0.0011329243901033782,-0.0006123581077003882,0.0033110070867810927,-0.016110039192093896,-0.01605234305241722,-0.018919671698456274,0.014680600572209051
2023-07-31,0.02644347869389746,0.012881212046786427,-0.00430028361820743,-0.018081605979681413,-0.01249485434887416,-0.012577906371932145,0.014608455898433709,-0.021738405448883325,-0.0011407571555798932,-0.01161723558874415,-0.024240156491234798,-0.012444073496156172,-0.0023020683187911528,0.003474300088670475,0.006176106745010434,-0.0034091809693817363,0.015487581792782213,-0.017496321575695105,-0.01641261908862263,-0.003953929147303749,-0.0143219635186052,0.0027958813996080585,0.009311016465350092,-0.014250452174588752,-0.0027705962691498315,0.010570474018650682,-0.01618597667425585,0.0032869691550471347,-0.01516031934227768,0.0013004649153191751,0.012498861550691383,-0.0034082816203514573,-0.011851216834886012,-0.01304092339767487,-0.015505319642803342,-0.0038396078714773873,-0.007494962367826404,-0.0006714638482692454,0.005257271528788923,-0.015199866609082662
2023-08-01,0.012994977103523438,-0.009226288050632693,-0.01951935092213985,-0.002141596473378481,-0.005987677417330818,-0.009030002734621971,-0.004808053636207132,-0.0003184974575740452,-0.01786970874178318,0.00994007429119543,0.0021704806804214074,-0.01346006275791013,-0.006253323411318953,-0.016323599028655787,-0.0003094530579605665,-0.005186462798431362,-0.013270086325665658,0.007833309219458332,-0.02087534252483287,0.004981498395997654,-0.01854665382747999,-0.0004862161813932763,-0.018388423556310242,0.015633718345350066,-0.0020065672999975866,0.0013416884930902452,0.004871828123753783,-0.010740533204399433,0.019043724803594772,-0.017746942005453445,0.002161557948091115,0.0024062308168160402,-0.021726893834011954,-0.017312018504619803,0.010499883216107744,-0.0012564230159784725,0.0072405007368164485,0.014678531735532484,0.005748428891817307,-0.028885003198520828
2023-08-02,-0.0071921175288002445,-0.001153555512957446,0.017019627929339816,0.006692731540494858,-0.002789941232767502,-0.030207615304920516,-0.012293952096707788,-0.00951975445748637,-0.007941651137666358,-0.005950938523613669,0.013592809364481269,0.018665745483209276,0.007551801988452584,-0.0010635089096971593,0.010026912455775333,0.010422128730771021,0.03139472133388451,-0.005633423390091288,0.017466337542941048,0.005039930773880772,-0.002027157904325706,-0.015197842503298663,-0.0005742057587253338,-0.013639724059089055,0.02215991543731175,0.01016577586546634,-0.006848146949954868,0.004666334061626717,-0.016289562034445457,-0.029663367260898046,0.0053461299531073325,0.01981816176483001,0.03131222594386102,0.013909296470824272,-0.0019987389346634776,0.0045394244183654744,0.004151360721668036,0.02260597780751451,0.013989645530114015,-0.007322280254255374
2023-08-03,-0.02170664217967976,-0.021212618127043947,-0.009514036798584917,-0.0014235333383024902,0.008026633666041035,0.001968598983026533,0.02956697994132632,0.016522090079534323,0.011263514397920105,-0.03364128644031541,0.018882900275451985,-0.00463958331593829,-0.0003825232608870306,0.007738903390448927,0.004415144426821267,0.009803965843876064,0.0027554825613132165,-0.011645520718797077,-0.00018626576978934936,-0.0014654149605394214,0.007334460463160197,-0.014743606963841487,0.014056133489339075,0.023714106264890778,-0.018681830063257448,-0.003946315071166516,0.02565490465455807,-0.0008479408655679801,-0.015187867440015625,0.003765594664164931,-0.01859525954713844,-0.005505629393644695,-0.0015486022081032755,-0.001234322106979346,-0.008702541978050565,-0.012154913892242575,0.0036274298768249665,0.013059294545076096,-0.02327406097193418,0.019201385809339565
2023-08-04,0.006874156903989386,0.03176881888063941,0.013221026757451007,-0.019037106126625798,-0.012515315385084718,0.006404087020063688,0.038613259820213054,0.012367510581246282,0.010357845915480642,0.009996479592109822,-0.007079436662609111,0.04420472879774722,0.011692434523910673,0.01662572081633791,0.010921342234825406,-0.01699448943158948,-0.006686006148503976,-0.005504326965093146,0.019543471123848296,0.0008580557127146156,0.008758778324194274,-0.005865608699788687,0.0016531029996577884,0.028683724400438457,-0.008500952667344026,-0.015384512764012436,0.0020420781118795357,0.002565297848169976,-0.006330623224509146,0.009529180753352106,-0.010921857099615092,-0.003042045155050449,0.012720420696189156,0.0008859784058961412,0.002601718887024415,-0.0009214291298792782,0.011001100907289821,0.048862606881968966,-0.0004301653100313082,0.007068256059940903
2023-08-05,-0.015793016880756613,-0.02608392277814565,0.027632148363846257,-0.006803516515893598,0.008900310727738418,-0.00554668291075157,-0.0032776660539231097,0.002346985910200598,-0.02177522050203811,-0.00035984140164197875,0.010702498071726223,-0.027987423436995774,0.00021114997039577209,0.0026962604246196786,0.02698511912151442,-0.0038331240114264325,-0.02307791808685599,0.010925790584523217,0.004737313284566407,0.02024760930879668,-0.006990656744165663,0.0037226214218166326,-0.0014641535019663272,-0.012583078593688018,0.006090901142595133,-0.013224373255824436,-0.009092210184954227,-0.012725842228403205,-0.027081973952190017,0.015419705891409704,0.005367945223089667,-0.011269848272039008,0.0063380843480726114,0.012771954291826286,-0.015897884892863676,-0.0013844953938449832,-0.0031710388828768733,-0.00609089810355558,0.0073460830605000665,0.014995155197134739
2023-08-06,-0.01064420318515397,0.009142893966967236,-0.005796091994226147,0.017557705653538112,0.0004517037858761809,-0.003498324992021255,-0.006757737025002972,0.03606731602049785,-0.0008257683201276787,0.012018743278197037,-0.009480544920801305,0.009215585182933908,0.005294955278259855,-0.02380673407619943,0.0019098039413141701,0.00024717641641558804,0.01142334151053492,0.02898152830649008,-0.01335523883269429,0.009925006744053444,0.0016646333019364149,-0.022443482675584898,-0.020816984252690587,-0.013813826579757426,-0.013646612283077073,0.013471134720293966,-0.011538370211860046,0.008215723145305122,-0.008615237039761805,0.005580935331033838,-0.00521318265941763,0.0012826265340540664,-0.008678755338541733,0.02364312768824145,-0.01605166738179351,0.009533700292567907,0.009456841730312249,0.007990093600726573,-0.007409843091419836,-0.00236033679887425
2023-08-07,0.016678152939953787,-0.0029894393498738317,-0.005756722195828902,0.027455324809483945,0.00786225865947733,0.008506433112435378,0.024046787502559376,0.015577409322497186,-0.004075642427243779,-0.0199518690850598,-0.001371595422298285,0.005859162440451,0.014790575573782709,-0.011509616678928572,-0.008717878935323588,-0.027630978302796323,-0.013672135814698578,0.005450943043541309,0.039814347074416355,-0.0002579193754080264,-0.031623982842055955,0.0004371354151589686,0.014748363121230653,0.004564663699519699,-0.008430102954209324,0.04605375515152786,-0.012831817207719174,0.003482280917294626,0.010387937876720892,-0.0025973870009733074,-0.00020444211107872455,-0.005891651177801669,0.030866905993,-0.013742946410241133,0.0006380538221067658,0.010872154478928654,0.025647064244055075,0.00019419054090231313,-0.013860249543871807,-0.0034092320208370815
2023-08-08,-0.019790095077711442,0.016695686791245435,0.013123779959776554,-0.0203605811718401,0.0005183390257581719,-0.004860556752418315,-0.009980450841486172,-0.005077078158570763,0.009045355824814014,0.04192733286175698,0.015541031370549444,0.007015626911482303,0.006871081310214791,-0.013012910575875392,-0.00798792115825293,0.00641188959593942,-0.012652119407022334,0.0075086597127118175,0.011457533362538857,0.027422362517053232,-0.009230487588223027,0.03439013835718102,0.0017618919562658634,0.003017182493829057,0.006123656076638851,-0.03251209311426968,-0.012116869024172267,0.008195832973218367,0.006678679748666514,-0.010949433036935635,-0.02480625473043989,0.004766420347439021,0.006708175979477846,-0.019720399082579113,0.008058477942447835,0.0018621340918616234,0.009285359444039597,0.0004412301866868855,-0.028605264501455924,-0.026243913906792978
2023-08-09,-0.009871089635527783,-0.0050116274235914235,0.013020140035305603,0.021724360706832445,0.002637575521110786,0.010592853348527262,0.0025069957327473152,0.017717521972383427,0.02845571837493413,-0.0008981492958544696,-0.012628596189691317,0.013848606441681737,-0.019723596894857805,0.020066249731578556,0.01691493511498487,-0.0056664574458182675,0.00210582938059307,-0.002240853296935427,-0.0035260692508778664,0.022358915373988857,0.04101141057836362,-0.0011064200448176406,-0.010203203116907308,-0.018804505858342837,-0.002918073493883295,-0.009531725190604138,-0.003893884208677999,-0.025168560765880303,0.01183087828461304,0.00015278831739653034,-0.012692193590423381,0.010480757010313282,0.0016849311656046183,-0.004576465214290344,0.010760796100766886,-0.005158430008851751,-0.0019415543271740056,-0.023379740783500712,-0.008825597536014215,0.0030901878248636378
2023-08-10,0.00013309120631261912,0.006277829912247599,0.004243942879086356,-0.0136501924651203,0.00610299378281556,-0.004786993884251469,-0.006550668578722201,0.004512516962855376,0.013817939582638538,-0.0056020211104137446,0.020592766606817442,0.00480474251354876,0.015336734338254552,-0.010897202386302573,0.02000095238433898,-0.0034610419184484356,-0.010464995753102089,0.004833621002174389,-0.0005985795306049631,-0.005365185257636455,-0.017741803893705665,-0.011331124974220754,-0.004042010337202119,-0.0003915124921300137,0.003572569624927454,-0.007105896162658871,0.018502151515938228,-0.006054242357049029,-0.01989313977546179,0.0012799032168662149,0.013540589772671054,-0.017846967937184405,-0.003346042516482639,0.010495942672646896,0.027748657359691002,-0.002476763663846155,0.02357862992535668,0.008577919467469833,0.014394431814631757,0.020733064594122143
2023-08-11,-0.017576571570883538,-0.004161729975603261,0.010114581178821228,-0.005663711827726516,-0.0013957026324561517,-0.012773817480324608,0.017437437987260388,0.019747869671909155,0.019577767006097677,-0.007310477596827189,-0.010857942190447743,0.02863371601011924,0.014291261807285967,-0.018107133575263383,0.005780275900098327,0.006673879068662387,0.006182480267413455,-0.0033766349420876114,0.005773994060797776,0.022849950374907956,0.030757690447213774,-0.009814622783194133,0.005380498666511016,0.012545889035877127,-0.000977256436799419,0.018819401406892186,0.002199152698369389,0.003161774624489233,-0.018510491755151855,-0.007559150771187144,-0.003958853036442259,-0.012265078756048289,0.0007257354726298293,0.003685072336888308,0.002195608454961324,0.0326386211230426,0.012139029620885707,0.009875493801424055,-0.020472729915408598,-0.02412873608549581
2023-08-12,-0.019738177522760966,0.015690926743586315,-0.011289918340831982,0.023490965558097255,0.022837476492226665,-0.003979877971100125,-0.006372871004986061,-0.008260263038775927,0.013724938915569796,-0.008635732740207293,0.015430725609153756,0.013032961604307454,0.008676339095313054,-0.0019324706660568563,0.01913652737478995,-0.009808544307488799,0.021510050784282597,-0.00206897629641209,-0.0014705186905214222,0.0015593160562413022,0.006349265588576491,0.01189408969160372,-0.00626879918733181,0.012443621587325128,-0.0009767753040182963,0.011433554365047942,-0.014989656379573595,-0.0342881057283829,-0.003677823337682028,-0.01869829159347843,-0.011418625140678488,-0.020550735863059024,-0.018161756543945588,0.014956908533656553,0.0058713981091586456,0.01941478431882421,-0.0012197241721332531,-0.025152345499100625,0.008185699148103465,-0.007696137620485138
2023-08-13,0.00545632274054712,0.011595862797564912,0.0027380820143365547,-0.000751292131690625,0.026889989242896383,-0.020129238892640143,0.007518123760823161,-0.009053389317052534,0.022287477173420184,0.0015068851240699367,-0.010426880633689963,0.005886047656219603,0.01297093838210203,0.005173630323013656,0.020022270349888835,-0.008179195055886898,-0.032630085405227764,0.02456076471482847,-0.009373623743418194,0.011675308104963113,0.006480088597944394,-0.011824425222688504,0.003930973142253405,0.026880590445666746,0.012745468485409637,0.01766800015822502,-0.004962172842542219,0.002310427666978341,-0.005488218426423738,0.008057748144527992,-0.00282926139884772,0.012607653461167576,-0.0017218599521003223,0.00874480287203634,-0.0009231700921225629,0.01769736254109949,0.0012369821208404082,-0.015192234611963965,-0.013710643314014104,0.007838317258004856
2023-08-14,-0.0012587573371772953,-0.0024018722780261206,0.016132005841986187,-0.004953210184737102,-0.019362439446892657,0.012430627722944215,-0.03950929339014367,-0.019576834181736842,0.026558669531838976,-0.010893846150582837,-0.005544964356424171,0.019507304563097575,0.010170251395755364,0.008136409026437167,-0.00625596236074199,-0.0003933264260451004,-0.010384930274467092,0.006852499123781381,-0.02173527818152457,0.031006911983822338,-0.014863583918689137,-0.013535191097659922,-0.018760736780143505,0.009325555732255119,-0.016904223880775802,0.019826975157167095,-0.0006012964647590044,0.002039826638225043,-0.015457121089993774,-0.011467153330590108,-0.017177957135147727,0.003855187735219821,-0.01221228174531769,-0.005975562587681414,-0.01971252001589746,0.0027895059545777826,0.008289015934940974,-0.03307355970624149,0.0024056457083446135,0.011936884904051911
2023-08-15,0.005139719438347611,-0.006559352453021134,0.011170367505840106,0.0005457509902184844,-0.017660814109429674,0.018502235380860863,0.00295280244667825,0.025520008373550673,0.027242520729864404,0.01666589606825173,0.0208735993555562,-0.00800351135510476,-0.010504430517369514,-0.030227051083005285,0.008697639283096725,0.010910452937323165,0.012259191180217035,0.03912810467856836,0.02252205619199477,0.0028987848861862643,-0.02831622486449584,-0.003115933803421143,0.014568213070679068,-0.007001625042403592,-0.028372107663367268,-0.028127041565880685,-0.03197282865507728,0.002664371826963181,0.004781194816483952,0.028615632358430794,-0.008266364031350103,-0.007840704489503218,0.012275297821668064,-0.014472481058340531,0.0013412366037629589,0.018006616179506437,-0.0101742637736009,-0.00530044492631865,0.0120153658562808,-0.0067643333735121665
2023-08-16,0.0068838097737825045,0.011980877001036585,-0.008672435677690328,-0.014565655406014712,0.00943484976851938,0.02516006027147014,-0.012568170701652536,-0.019079906600409917,-0.003948392661547513,-0.005967057250794173,0.04027702188002056,0.018221441913233202,0.023186458681544682,-0.0193071161791279,-0.02206305599487348,0.02090008242628838,-0.0014901473843949918,-0.005594863566732876,0.021184991635702276,0.0034572931227752264,-0.013971624100086791,-0.012403851489323716,-0.004185104578775469,0.004380666356622866,0.02452830229179066,0.004356911933254529,-0.01695218649848532,0.01601006781635704,-0.016689617116748597,0.0008417064838447464,-0.009043504128137918,-0.013446118617501467,-0.0021403731509881175,0.005602612142084901,-0.010251395988054192,0.011716399226088274,-0.02844609307294144,-0.01332367526484331,0.01318690758664914,-0.008376401291268824
2023-08-17,-0.007905559132104806,-0.0308841446434565,0.00859753238513249,0.025333928907532794,0.0013601834868735936,0.017581665976287852,0.034144596666284985,0.0061936289918744745,-0.020019071421709007,0.01479130296593989,0.005572904184886044,0.007589480599487445,-0.03903086950647299,0.014417872582944233,-0.003717833682036846,0.015061342433530522,-0.024407482394018506,0.02385403241495084,0.017618181818480565,-0.026051216258649347,0.000860077744819636,-0.008921858185996525,0.01131502807282719,0.0035569251854984823,0.009974448991607255,-0.007741418890449544,-0.0026078378588958117,-0.01503323479140253,-0.014852048898768282,0.005728808344360417,-0.00971223515549572,-0.0046565660812303115,0.0004794341335694144,-0.018138227433053305,0.018493107145505755,-0.00890847054193773,-0.015397546462175546,0.0011067346191589475,0.017229065735960565,0.009721386660498777
2023-08-18,0.0015432753974209403,0.0041818615668780396,0.004147000576701709,-0.003269016847829341,0.012439156418001286,0.004304161094606478,0.004098284455598426,-0.006400819040781975,-0.012188683305584492,-0.002859838628250721,-0.018165581587345835,-0.0011315631137278287,-0.0017166150609337753,-0.011083368985225179,0.006288954311349036,-0.013436753279455529,-0.0019535116259639853,0.004055121678740796,-0.0327514877104362,0.0011494024456025255,0.006786487794173379,-0.024042904873635626,-0.009756089079023901,0.025167806381378555,0.0027161677070979356,0.011548245674451852,-5.0187349893972234e-05,0.02044587441377649,-0.008710832848288939,0.012757787064615143,-0.016402709047371185,0.018945143924549674,0.004802779508382345,0.015568686010232227,-0.00525884200716299,-0.006244176075483119,0.0062696010318856864,0.013471826167919016,0.0007182331153925373,-0.007931151045143197
2023-08-19,0.01959374616733278,0.0010136540272866908,-0.032670422352722286,-0.01461310916348416,0.0024669457005126643,-0.013884888993548528,-0.034442954186416956,0.012061408355217,0.012014148680076095,0.02549746988198912,-0.002913897200157522,0.006762276763140921,0.020590633030568486,-0.01789447984707823,0.0058114196412484016,-0.004607760460970736,0.02024573328041676,-0.0028917739498159874,0.01825463437767877,-0.03549603037411693,0.01755465212037174,0.01781693556930055,-0.012652723084484667,0.019072117882408056,0.0038388982218028785,0.0014349637036800665,-0.008196937810591784,0.008922287818350083,0.010154517418408693,-0.007082316368145998,-0.024466351371048797,0.0016751488873479115,0.024140011142458683,0.00034432883754764357,-0.018700145451931018,0.016710607987379635,0.011678605461990451,-0.012775093748250938,0.0006888322501645591,-0.014646014506900383
2023-08-20,0.018655698748154703,-0.008762697458706437,0.001258023785360463,-0.007590780596870241,0.016474386860805268,0.00199943674575809,0.005134591121521594,-0.011288465041086132,0.008472164217764712,-0.014047110594126812,0.01873620547209352,-0.008269741952757684,-0.007972454138180823,-0.003115257403263356,0.018014062813719426,-0.010280470502782845,0.0036436700603706684,0.0023888153600512742,-0.02000515818557611,-0.009485230165628451,0.016517113318226136,-0.02569372186518204,-0.001621685149756344,0.0051609237218295766,0.006181214211865264,0.011659767670729671,0.0020425402568865414,0.013174709060577001,0.011420122675954627,-0.0054623175912068,0.0035741947192327863,-0.014379773855593176,0.008169642477534518,-0.010740876220024865,0.03287027714501636,-0.010072813194250716,-0.012197220040845343,-2.5635551655717073e-05,-0.012466368584948586,5.259849603832939e-05
2023-08-21,0.0058082094581898645,0.0021843247774808094,-0.014969949255004545,-0.009208732868193861,-0.01629731473818051,-0.015488134665180713,0.004330695225020519,0.0078166030895624,-0.022058995773097275,0.013455726687051403,0.010540646054505626,-0.012174555229396873,0.007507174296463793,0.018833323655226712,-0.010552531204551947,0.004728822447699715,0.00028625096007102896,0.039566405291010576,-0.010361766339160333,-0.012412580768718085,-0.01411616565208815,0.006681184166283256,0.0006675691849027844,0.011736031250059243,-0.017905001889593427,-0.0063436072929861625,0.006843380928335377,0.009649897615699418,-0.00616977230259042,0.00026288168308069397,-6.016177750755051e-05,-0.014275872558582167,-0.0023353295941041076,0.000913649141282287,0.004071709135099381,0.006725486520492319,0.02498955946542502,-0.014622975064919039,-0.0036040490716585465,-0.009658199721360642
2023-08-22,0.022098932085777262,-0.002684895012942097,-0.004229126059480481,0.008352743414828084,0.009937802627179394,-0.028497976004587287,-0.007258943498651473,-0.00047464689121631907,-0.0031906428226372422,0.004956411560412917,-0.013052992991986834,0.014571163947648645,-0.02690925530491496,-0.015874420939763968,-0.0024667938435035835,0.020041720633358504,-0.014732660371763613,0.010357223642132807,-0.008394412271469903,-0.0127148633140419,0.007761518420901021,-0.003573493514912419,0.0021180436446937294,-0.032007145399139056,0.0020747059665427933,0.020852467917399253,-0.015463323787123829,0.014088517756329149,-0.0026856394265885684,-0.022435563382190396,-0.013230392683596864,0.015459080437907145,0.02772833097223112,-0.009886476203621644,0.022600891813410812,-0.00934806346451436,0.0028232555248829203,0.03796105846823196,0.018718885879813622,0.007213808209244258
2023-08-23,-0.0202138102269316,0.00801405246033751,0.009179427266525564,-0.013028723231212937,0.0108831015915659,0.0027273419969369565,-0.006289270619814227,0.011304282945054353,-0.0011846018430441562,-0.02848534149028022,0.003897916475370469,-0.01628970083957719,0.009516344579498664,0.00597620884660852,0.0028616726871079205,-0.0018794383880844086,-0.01326212040763688,-0.012052293792223426,-0.0014246076438264187,-0.007593287167252752,-0.010496925744482277,-0.008386377602999647,-0.026862835276933412,-0.013773886064163236,-0.019583554242000457,0.017563432962648385,0.02532556676321273,0.007435347573656475,0.018360714032531516,-0.004021065836570907,-0.001209708214096189,-0.012804783662016426,0.011773966850897747,-0.027675433290325305,0.012270463478274877,-0.006575667720643644,-0.011857562318386462,0.02110681565566024,0.022644935818010286,-0.03220555033148593
2023-08-24,0.016846988482608113,0.0336470974261876,-0.000678895453397884,-0.004542404281109962,0.002089029959064765,0.023614508775485325,-0.0019774090765100026,-0.011958322649775697,-0.0044836433484115885,0.025599870536902908,-0.007674909803254722,-0.027119249855919868,0.011594570264267077,-0.012417819496062351,-0.010738526164661807,-0.013463625738899329,-0.014633338772384938,0.04077550615893866,0.021648431253686044,0.0007303427278743771,0.012336122078899342,0.0027183180202591025,-0.013587279944154575,0.015689247287835353,0.02474038138572909,-0.010761824966691725,-0.008009945995428468,0.005397673021231246,-0.023254436290687956,-0.034347648019762575,-0.012488143472140601,-0.018629581793285714,0.004449668614673885,0.005108489181642943,0.018575802624263223,0.002732194785068195,0.01640774633980115,0.014376246255571904,0.021319558077972717,0.00185144684918602
2023-08-25,-0.014367205677436207,0.0026676003044235645,0.0025319257999349906,-0.006033178030378143,-0.020707381208997736,-0.001588032539123214,0.018491341941143945,-0.014887046496327301,0.0040106682431222795,0.010852046097566466,-0.005453090079338982,-0.0024768373761683417,0.022903164575485285,0.029350303488997125,0.004465281280128783,-0.008728403602195659,0.008620352242578233,-0.01643492920679705,0.015477936300149396,0.0018405332317731344,0.0016046649693520526,0.008490378961572047,-0.03264980098995511,0.013740384254663715,-0.004119364351558564,0.008228348905982345,0.013122926659749054,0.006509535964880473,0.013378086029733734,0.009169085077431563,-0.017117815385447998,0.02664108177114713,0.008520037832231982,-0.021710697293395358,1.4573297865999428e-05,0.0032609037018214403,-0.025233912218010864,-0.018550529761528423,-0.02723739131938162,0.004037596802253025
2023-08-26,-0.00688900697079612,0.007595757626908145,-0.0021389903848315515,0.030245400100132408,0.027741995222731367,-0.002600249070772929,-0.0073368745870239505,0.013726480845333249,0.00221413092723172,0.005197425264664024,0.0021774910614028612,0.0368935116771307,-0.00027845901620787955,-0.001591305784540053,0.005406759855851756,-0.004020692715886976,-0.004186144006910593,-0.007222768407443059,0.02911915836206372,-0.01145762051314831,-0.010226858781260973,-0.015002804360159756,-0.008830336530189218,-0.022155479769662555,0.003519167005980084,0.0008624849304009809,0.018447115610643817,0.002115406120519513,0.007098058136041391,0.00261628965940589,-0.00028215539712590624,0.023421274382398147,-1.3141670272135905e-05,-0.004467335503480295,-0.01651268290372927,-0.03268088810779896,0.005061794918277076,-0.00024785103900958267,-0.0006140245848374512,0.009914600698969609
2023-08-27,0.015456912934749946,0.0013415158462563924,-0.018114846726514065,0.013377469542121106,0.03634584131712565,-0.0013203614059564453,0.007625441307721567,-0.0019293594684502723,-0.0021296073888962745,-0.006351262891828257,-0.006465072263920504,0.0014663664278205236,0.00801803619991934,0.005509286598886441,0.005796114004419619,-0.013546937862480908,0.03128927541903212,-0.005569754280747042,-0.01119120893770922,-0.038359099632815405,0.02128949304719888,0.004398889840401673,0.018358587408532447,0.011850867505196813,0.00692284098377282,0.026582562382755137,-0.010352378984417846,0.0012689404105338596,-0.00742987704790528,0.0024419861846457004,-0.009881501644960279,-0.005501203013205357,0.0039630405908636784,0.014970889505752802,-0.010557315790070031,9.7781264278584e-05,-0.007629225340724745,0.0067968301711303705,0.021762750450193984,-0.009522668978970673
2023-08-28,-0.019348060381698368,-0.01067450214003846,-0.0023576959848442018,-0.0003303897808928591,-0.0008536342082713767,-0.007119652353958748,-0.022228924236616585,-0.01438902112391894,-0.0027660838682660657,-0.017391803043345918,0.030768714354848736,0.01065255821942499,-0.012813716301813414,0.0035349131242226207,0.003500274028064153,-0.0038578137566612253,0.009098428982881823,0.013566844288993693,0.015232483965462666,-0.004835770496783468,-0.011997995154379389,-0.024214209918972097,-0.027664271327102575,-0.0258424228783327,-0.009061165397625444,0.007358273074453083,0.014152828987427401,-0.0024961021592353637,-0.020878085136231083,0.0035943673658831287,0.0018050026452658577,0.002269926022663185,-0.0019953883407898094,0.0021521896589105625,-0.0011712488230564342,-0.015552591048862554,0.016391556137899693,-0.011293074345309559,0.0030359336718516817,-0.0018711762167242384
2023-08-29,-0.030359396151337738,0.016204013527807724,0.027714382500313564,0.00844907606740367,0.03321472628052585,0.007040370602486341,-0.02151796854347841,0.022222027171430826,-0.0022624855463807413,0.0031364978249163768,-0.02320575010431586,-0.0018633541462083417,0.039485102664296196,0.007720142801150147,-0.0012354447474909012,-0.008375827099624767,-0.013441127529732928,0.0014858061147173052,0.015133271859751175,-0.012410012531141962,-0.013441222991389142,0.01929689048254623,-0.0008870728198508359,0.001062076595342605,0.021352023356018945,-0.0007873176656559226,-0.0018171924616461263,0.03802063718903563,0.013150398402828818,-0.00484625991731538,0.006102029865132917,0.013655805243966878,0.014932472191386258,-0.0008399828980806576,-0.008302978611715693,-0.012681033880606644,0.008481180148367073,0.007987633950247864,0.020123046072867013,0.002959978995235419
2023-08-30,-0.006267769306805787,-0.020550576391313927,-0.003310533382436653,-0.016481519186510595,-0.014412299094316898,-0.02532908695225305,-0.015383323139898934,-0.021024007026392445,-0.020986745704603176,0.007435640004240886,0.009221730293065278,0.021585633248566518,-0.003215586697678982,0.005474863920259632,0.0029657977479569074,-0.009161100788514209,-0.008063791927632465,-0.022712861766986427,-0.0008544640195762927,0.002942574584440075,0.007742520258215117,-0.0003952817866248548,-0.01699624693457169,0.008552825076691282,0.007911211383067832,0.011257432019170255,-0.018087187358526546,0.03383226094651218,-0.002418478399387795,0.01921446056616022,0.021881815136457348,0.012551345429685357,-0.014341388311941601,0.012141420711482043,-0.00512417394537667,-0.02507849582292903,-0.001257254442705769,-0.009730992633839058,-0.005919341225104804,-0.0028212639916561327
2023-08-31,0.0023874239034506273,-0.010471568948687757,0.008769626012261833,0.01324804562111738,-0.028803540298141472,0.011048707938783486,0.0029621441913474005,0.023326170281170542,0.0007183581803139188,0.012756335311630958,0.02819244254136312,0.02137451274814697,-0.0010824295897766286,0.011596085783880961,0.03574560735363918,0.007087204190848784,0.006975797135065052,-0.007392797962875619,0.007944930788453968,0.006800457454416426,0.0115163460728624,-0.02725781781043356,0.03245820194544431,0.007039512794268213,0.027067910400177718,0.010475464681562767,0.005346727464285347,-0.01845016079028834,0.0016499866258940885,-0.006799956485574191,-0.008405307430324735,0.01807255237868107,-0.006797179089820159,-0.000651348936458983,-0.007901264191085838,2.2234722316159783e-05,-0.005431347758761735,-0.012953524172440277,0.018490063922693714,0.028652904060391435
2023-09-01,0.008386246867136129,-0.005371285045625953,-0.02747379337683993,-0.006963549626847244,0.010699419334019784,0.00841379838925784,0.005493923597184496,-0.009230547689591816,-0.014625733257686055,-0.01794911780808825,-0.00836567069374298,-0.004743271541559218,0.019549442427301347,-0.015785974520767524,-0.00025550734520906574,-0.02753577532057818,-0.0017346972478675402,0.007721179949808352,-0.011959209303441123,-0.014882836402669387,-0.009536984768666464,0.0031130924302020485,-0.010229388968906884,-0.00404454363870552,0.023799703603314685,0.003987270025782778,-0.007818415311508675,-0.00032093974056226246,0.005465797470066713,-0.014146526142233357,-0.01474628858280618,-0.0014939276135107066,0.0282504138869321,-0.01628165483341249,-0.017069821127699916,-0.014428850215804947,-0.01426583568328673,-0.026781769418779914,0.006566974886408965,0.003278487999204815
2023-09-02,-0.010786753146569539,0.0019085309217639903,-0.01399253795857085,0.006629914425593195,-0.023130889703102574,0.005780361861838883,0.006039299470323058,0.025850083310299914,-0.0036005916793687034,-0.01970559914074144,-0.0011636623183584789,-0.009374938621785461,0.0009270488666618813,0.007648131396471485,-0.03680932015851417,0.006538290732213315,-0.00650674175543235,0.015325354923018833,0.024537022713278164,-0.010701114217999073,0.00577577492431848,-0.012164269001223605,-0.021078116594053797,-0.027432405162685393,0.03575938444948538,-0.010295754663470947,-0.0008933613925235302,0.02225592344140903,0.01723584759574086,-0.0014639383928144352,0.01295129018633367,0.009069277905231233,-0.012558057390865265,0.002391377090358548,-0.004491465662552993,-0.010401242083944814,-0.0044023101641700105,0.023809488317218536,0.00382614051020889,0.010791920086175747
2023-09-03,-0.005172219394891087,0.011846221131731586,-0.008556824979827593,-0.0006940014157934802,0.0011290230138584127,-0.012517353410477014,-0.017355018805082497,-0.01800232185482709,0.0021002248875138,-0.023864452135171264,0.004580111649550547,-0.0146499486836461,-0.0026963755262009795,-0.010953587190755716,-0.0030363784008334413,-0.017688620045586072,0.005748857763494064,0.031925373831927346,-0.015384208045321531,0.0005625471026532442,-0.005742612604884024,0.00010394840896202833,-0.00034677066776823214,0.027406861510887198,0.013836856700150234,0.005816244826069824,0.008140689662808964,0.009415666274991633,0.005811957809619911,-0.0075971329496134134,0.0009347097816329721,0.009281165074893547,-0.008582253057670575,-0.004783100107702186,-0.0014115727788298598,0.005166149780103617,-0.01433795542267544,-0.03873203065828704,-7.356887637723986e-06,0.008966235912303843
2023-09-04,0.02160955508327778,0.008946970594808663,0.011487871461865326,0.006149661792196859,-0.011434348227276321,0.009919874494367173,0.002982386577539811,-0.02671054621971973,-0.007474506141512906,0.0028166205588481294,-0.02540020577086587,-0.0095119519884339,0.025044640839181936,-0.0153594610711845,-0.007840977792215223,-0.010603142973971818,-0.0008689330130256558,-0.0022378608788448536,0.0005275434424962398,-0.009780206888759515,-0.005970802001185209,0.028391547633388175,0.003450674788340109,0.00511953469166122,0.010212610835493414,-0.01114765809615171,-0.001181805559577342,0.04879026397934099,-0.0010565849962148614,0.017620735423435775,-0.022445587358878267,0.006215005699095753,-0.008791974220804173,0.022509592638167562,0.017072584479456632,-0.012741135384925903,0.0020841308150201876,-0.018677407303875335,-0.003294180308692543,0.014665682365161633
2023-09-05,0.0007499224354578488,0.0036203733204588674,-0.003507900090230914,-0.004649843943611072,-0.022673218497323504,-0.014293475158325736,0.010488917268689751,0.012298209654272271,0.012521983242600673,-0.002121321585113584,-0.01421836827712615,-0.026637908495879416,0.02918088533597946,0.006191413727890517,-0.010867362288354896,0.004896450227371594,-0.001419742168865144,-0.0019844048753347456,-0.0027868788488072745,0.00721788331690194,0.01974735854055604,0.014895376182088539,0.0204908549619435,-0.012912892628654702,0.0004920515635678147,0.01805786710942396,0.015846424340496816,0.024143233841889645,0.03244054018771911,0.000748661918364915,0.011866114521275404,-0.013660011066919227,-0.006553069502194354,0.0049548071240044685,0.006746562378607228,-0.00229804010953959,-0.02008331765462531,0.017423344676736698,-0.013491132303320982,-0.026708220103477984
2023-09-06,-0.004998978175035576,0.001060601469411733,0.004535567685858397,-0.000905983754763741,-0.010675401603940383,0.03835347182822808,0.0022536395577712107,0.004459690587648656,0.01675678613573187,0.0067135371881571065,0.03699546733979212,0.0016512973570837156,-0.006776685759359354,0.014814112580921414,0.014854838244180471,0.019429294967840998,0.026927027168305508,0.01090172730968251,-0.03556629641166041,-0.016093677918378586,0.007303874510103132,-0.002890527638011899,-0.025937840849081586,0.01045311436953887,0.0005841135279796911,0.013277085981691056,0.003184475182778729,-0.01880382578536749,0.013657217515959087,-0.005632758936873372,0.02971822729763877,-0.008273007369458378,-0.015573287523775455,-0.005203689733168334,-0.01584923287865901,0.023822999785982686,0.011739594431156943,-0.0015791084820351202,-0.018584659793971385,0.0025852288404126338
2023-09-07,0.02972784704523659,-0.02215442377288734,0.029995985412303833,-0.0009744870639789259,-0.0190115254679356,0.014940490154130213,-0.004316344160021914,-0.005922026869254353,-9.552345670220299e-05,0.007464323934609281,-0.008468097055124628,-0.00398211057167042,0.019793633497973525,-0.008076043983406804,-0.001606198592963288,-0.006299035043716655,-0.009624107928108363,-0.001504436500265109,0.006986051840468938,0.012343957901612825,-0.004046480378873526,-0.01862455560635556,-0.015172651339104865,0.005513451133939735,-0.0048550977103595135,0.004156701296923663,0.004928884211037458,0.03335824936857511,0.019564434592854167,0.007905256080102268,-0.007096803872298408,0.008859214715459689,0.0011443154209795528,0.02637048823777798,0.01651244617299554,-0.005719748002933995,0.010433354242395545,-0.017481779919010954,-0.012750857134514085,-0.010705690424507138
2023-09-08,0.021256565947535788,-0.014634551185555764,-0.012043624184406942,0.024570031890993566,-0.008194925554854942,0.013531463024884293,0.002281266054885764,0.006479792202317737,0.002318747721184889,0.010866646180731493,0.02067236424948164,0.004910596668314903,0.011461232841328625,0.023360982202991088,-0.012815284690318816,0.001070722924498055,0.003364616537977487,0.0262684995200346,0.005614942590614716,0.005675447631012583,-0.03630819767619067,-0.0007113496316169898,-0.0014487403948751291,0.015524942399824111,0.011377181023895424,-0.04107757192560946,-0.004695556561496218,0.010859063874463469,0.01028603354383834,-0.005464152301036897,-0.00871570402546413,-0.030979618179356273,-0.004223159172327212,0.008089057752216385,0.0012176253024149338,0.013365669510568938,0.0016101022713470696,-0.017965041296509224,0.00298546344255844,-0.005708533952864204
2023-09-09,-0.0194057170083816,-0.020410184881609533,0.019729800694990546,-0.009312989649617024,-0.006459630305569097,0.0027148494799838396,-0.019589915373443945,-0.02004364031086562,0.014810234114734398,0.024161966871542546,0.0043735786592620386,-0.015506934535436709,-0.014493313860196306,0.01717474661981294,-0.0007064256164888245,-0.000872177539583455,-0.005488992073152753,0.01810617254148123,0.014031062352406753,0.006797120428686682,-0.006757821229717671,0.0046019755510781826,-0.03506480549520453,-0.0029913780378959887,-0.004061572778473967,-0.023431016633136643,-0.005578711774959473,-0.006783660536666368,0.016892806620796733,0.008909489381838652,0.0055834225908916926,0.022734540763846064,0.017519169783508114,-0.0004215841738644113,0.017276117627592475,-0.0018389242252854414,0.017651268038831217,0.009361661248248406,0.01996281742075857,0.011406172763854036
2023-09-10,0.02141012262481136,-0.017720882372182,0.006016681177427773,-0.0026306499543903234,0.019869512257402702,-0.011711434205953407,0.0049644650854742,-0.007656410966615073,-0.006912623942885776,0.011219708139960649,0.015075563104666132,-0.02977833126753388,0.013549780238528746,-0.018591068290328146,-0.015011807901737959,0.003186442330634272,-0.012987845679402572,0.029147231177650883,-0.0028822468554901815,-0.0008373542528818988,-0.004909068845430149,0.021867834640326433,0.024909588972760483,0.014084215178793212,-0.005363830174092149,0.0036825323674392328,0.014814230487951994,0.004820354262680546,-0.00023071636682752274,0.005990482175338582,-0.01184670572038756,-0.004238424218296368,-0.0070538285083896375,0.004802883538148596,-0.010064953973697137,0.014510381540742807,0.012186934827909925,-0.01414989336061836,-0.0023338260448991896,0.0011467457730684214
2023-09-11,-0.005494420678470153,-0.006571113555081725,0.024761478632672824,-0.023690628287279657,0.00046736313732901745,-0.016528033749675073,0.03652010532047177,-0.000887635308523849,0.005736797920227986,-0.013991458111905804,0.01144291714493684,-0.04151862958660855,0.008542655687485065,-0.0029501299099224604,-0.008998480178953914,0.0016697975356417735,0.010894436520131704,-0.01535452503318337,0.005977618704301149,0.008833973344477178,-0.004514906592325984,-0.015801450586015026,0.013884565788671005,0.0034848172636862116,-0.013042382219051752,-0.01875932200974669,0.003890442665041223,-0.0016864241237449064,0.02716118435916139,0.008462236937700943,-0.008284196751504934,-0.026138077244863615,0.001276694073679053,-0.013784368402446491,0.0063244880100372,0.006293479094689006,0.005844491509982437,0.04246496019208414,0.010014709604165478,0.013551592981758901
2023-09-12,0.008797840170520486,0.0039409159888509175,0.015218433971019149,-0.006937339154126473,0.01218954516275683,0.014055881494999017,-0.006613627283691288,-0.003318775778362368,0.036676336996521806,-0.0002569324138727701,-0.017456755303482233,-0.011789131130418204,0.01893811657469862,0.020586401669911714,-0.008049922147940598,0.014564424842414641,0.012134634355069928,0.003685128595448278,-0.005030245957825858,0.007276591081888845,0.007427634725555373,0.032009041869322,0.005293909929884103,0.006958827190022726,-0.005558976718770118,-0.0053714602062801525,0.006973625383492301,0.005483776043617914,-0.009152442761929912,0.01856275252388742,0.016282304078643173,-0.02752382173054727,-0.004207208199231368,0.02415282125476058,-0.008848426098417975,-0.00770014966147416,-0.008258919336415385,0.0045079325881551575,-0.0018189623886912224,-0.02515387192361384
2023-09-13,-0.02249784464758236,8.66625180182766e-05,0.010081283037161267,-0.0036765421245780945,0.008275626829670441,0.021167819830212178,-0.003513840281705883,-0.007548304283389359,0.00031786784334575776,-0.02598156199744326,-0.0313373953623727,0.01595562642458071,-0.010478323069671194,-0.009154603740682913,0.006934490635463735,-0.0017736352771356026,0.012878363890844846,0.005114938971724135,-0.019197074366741916,-0.00850021947215314,-0.003877978167732918,0.0021158291895245008,0.01611758806353781,-0.013253737794353213,0.027169976361352172,-0.002454017237907148,-0.004347099680748288,0.036595661920763585,-0.023517683277647597,0.008691331934817081,-0.045915656646006484,0.004825557607599066,-0.008818996769568361,0.014430181278171224,-0.027550775543401424,0.021305783281127044,-0.0018486518774960704,-0.011637215946471434,0.008193718338854369,0.006179879983076087
2023-09-14,0.023285221410130955,-0.030135362101643044,0.021960246873520255,-0.0018159342489412812,0.01297473481521899,-0.002958266877014353,0.001781293671099823,-0.03834696645930308,-0.0011562048739926672,-0.01180208488953593,0.022187398552385072,0.008775876238756293,-0.004236108695413339,0.040992784931821624,0.00869331162281066,0.04506206341435548,-0.012259136229314172,0.01686925771998699,0.004404508864093113,-0.026798816911991274,0.009480871833606741,-0.007684693994275512,-0.021613678311151862,0.012570422622237924,-0.001933478669495775,-0.016739197780601508,0.011023703533036095,-0.0026246031845695078,-0.006096500049611393,0.017506723780774273,0.02348417709058389,-0.014303172759405996,-0.005922187439031872,0.014759018606029238,0.0009377038914540261,0.013075868665329352,-0.011986641549653393,-0.016574710079908565,0.008691511029433408,0.012001372875715989
2023-09-15,-0.0019270240917610934,-0.01662629961400069,-2.0644163427634382e-05,0.03447250498679255,0.014286901487022424,0.009577841059730433,-0.003980150236028426,-0.00046628011472422677,-0.005566771474236716,0.011295548506685094,-0.006083931453888259,0.01062625874699502,-0.013006659046735924,-0.019058014871046382,0.010060332612392876,-0.019054057044170476,0.014196502147874211,-0.012813854764503724,0.01890041043647557,0.0230039737248669,0.005798660416743729,0.016719088569922307,0.0011031060463097722,-0.003473542210338506,0.015897623128547738,0.005356623126546991,-0.00910672159752544,-0.009088050453886257,-0.0038860840603300085,-0.025364049024110644,0.008731356483675805,0.017184332586251395,-0.009775700514854135,-0.0154898250398041,-0.023924800781697775,0.00150509408640867,0.018596996454985255,0.01606313171786228,0.010712420166445476,-0.0081577051681553
2023-09-16,0.011507048716382825,0.015641890781572167,-0.0007027174807181713,0.012030577510173638,0.003425305173443535,0.011190580953465321,-0.02436828354920808,-0.006430640666064098,0.008594595708339973,-0.01874308608042942,-0.01129034894310247,0.012958539045042421,-0.01369257907077766,0.013247385667584391,-0.008123035412444435,0.011409900911446018,0.010280611405101633,-0.0035746002881651725,-0.012039168333071606,-0.008273202631479513,0.024395978973036664,0.012608572662810647,-0.002186476859239112,0.018092253303151132,0.0036623459843489045,0.008269690705477936,-0.008947875181974792,-0.01728498142591978,0.009325701747601235,-0.010022256953114981,0.005153716340939718,-0.029283339015610494,0.015387868112597583,0.004842481379049069,-0.0010167290270770713,-0.0122089556094976,-0.009820197648979682,-0.008232486615637455,-0.0043089992747484315,-0.018029320898688004
2023-09-17,-0.005803202414863675,-0.024371354628140437,0.0047257347871425045,-0.010833134311689143,-0.002287852729258854,-0.009420750714872722,0.006562817722013899,0.004097693615492222,0.007571155948711685,0.017285784781601258,0.011033732793592436,-0.008002905808099382,-0.015036608769007405,-0.022193793145436385,0.023082018019373287,0.007441400979927026,0.0007739187276722479,0.013174220345207549,-0.020875213601775338,-0.008787649055738042,0.01765258707265428,0.004924029438636356,0.005998069630045099,0.019880915094746484,0.005608261885563426,0.009899760887861344,0.005525657759306869,-0.01689528761517542,0.007381865778646352,0.014861624168543796,0.025652297659420027,-0.007650507419638885,0.00021557018239074557,0.012896471154120256,-0.02518559905133353,-0.002697675943410184,-0.010751302125247567,0.01970428058184695,0.005833335159834455,0.0032979495314340236
2023-09-18,0.012988629675833722,-0.00853328438637803,-0.005211883660391383,0.02354576777860838,-0.006701547619935841,-0.008548076812808543,-0.001475169581432859,-0.015641646033680782,-0.024717369263931876,-0.014748783707771943,0.010487473380182974,0.03213791309744623,-0.015313058070008004,-0.005423153369373159,-0.006563235783727691,-0.012846506948972915,0.007455706743219517,-0.015997505163347345,-0.01375864853428507,-0.039404934884726156,-0.013823036958954461,0.005045395530605292,0.00508583522916504,-0.005249469388220464,-0.0006798278951255596,0.0126369229492047,-0.014768678560361632,-0.014444921092390425,-0.04193330656147199,0.009219186646549455,0.01568562911356939,-0.0222553151969661,0.019018948157598935,-0.012277474028044482,-0.0056307713850557335,0.010694018115184183,-0.0035890467241611415,-0.0020350678705597235,0.008958468350732515,-0.000271969511156308
2023-09-19,-0.008073876715166036,-0.006044591665362432,0.02362458351604249,-0.020786554104179567,-0.0065945824381432455,0.003166557849719222,-0.0022737610515405028,-0.026372743535973443,-0.0047535392916724754,0.008231215117762345,0.018512400538570773,-0.0235225618083998,0.004708310305375014,-0.03102967403079273,-0.01900270096810501,-0.008413262099210278,0.007675152805339947,0.024789927923029524,0.03710939167493648,0.010857742244707192,-0.005536267436230029,-0.016029406728906088,0.0205831555019519,0.025136936953180717,-0.009906363212998684,-0.0044049793664929695,0.015960539587399385,-0.0010133548404171644,0.011203730507463563,-0.003405456802958813,-0.01139450480486265,0.006845286282165358,0.0031587125510766307,-0.020735900178612755,0.027558136412491042,0.014890835452261423,0.009257590474686238,0.012702919309641944,0.014872793098679234,0.0033361313961638548
2023-09-20,-0.011190768667399943,0.032976324105387776,-0.034925747666641714,-0.018368812189790033,0.02538287401567823,0.012258174420805457,0.01238153751496484,-0.011636472144299012,0.007697509365369722,0.021612314786951192,0.006849894763609346,0.00860700503582742,-0.013569396698782866,-0.0010168985990643173,-0.016535339277493698,-0.03185733086777489,-0.019697446818271642,-0.01945351056493225,0.008065335486526309,0.010881870895606972,0.004106519427340923,-0.00608631144041674,0.007416956645286774,-0.02212233058304571,-0.011635354224564529,-0.00033054904918942843,0.02397844683348794,0.006652276662107203,0.04069319045631038,-0.023912279842738592,-0.021596684785145412,0.015818779607710595,0.015525272830575068,0.012490284214315167,0.02783202652903541,0.004864795033872615,-0.013498283757831835,0.0020011070904802147,0.011603786808406015,-0.029280829965465504
2023-09-21,-0.0005799813483684214,0.024409904167028797,-0.022424895042229928,-0.0022131818944441262,0.022156317181314947,0.009434560928711835,-0.000934525484187976,0.008346580447305229,0.003925222581832548,0.002346059733567412,-0.004213838113755353,-0.000377035505386158,-0.024883682629231397,0.00430911491256282,0.0029284116971794115,0.005431194065011066,-0.006625877234464674,0.0020045114540263084,0.02262282684936241,0.0014701173683950293,-0.0019287818087202696,-0.016773622776027907,-0.0036483842518180367,-0.007208829987043197,-0.0014690818178876492,-0.011755702490374307,0.005470270295244375,0.001867363454657745,0.023295823734427835,0.004291097937142422,0.014160708716134923,-0.014162642198593443,0.01581012431620606,-0.00789411862896166,0.00020143687651262706,-0.024523517641047304,0.004706449950169148,-0.00012356219525250873,-0.013803268698495252,0.000950305576408187
2023-09-22,-0.008622192490478334,0.02487822391977807,0.0030935399913457947,0.0030921105447145798,-0.016089751087180724,0.012259084696893924,0.033664528379217275,0.0022321054723807624,-0.012808433229316778,-0.0025723581015072634,-0.006897355884609498,-0.000577048721528309,-0.0122883275022376,-0.015268667230298193,-0.024176210140430622,-0.017437494116324097,-0.008744575846786319,-0.009745842085882238,-0.0020052167802106628,0.00884424019418715,0.022449845178412243,0.017724465530398994,0.009037655879018246,-0.027433403562949453,-0.009092922521949442,0.019511691303901547,-0.0030148149278532675,0.017802786757841863,0.015953097928186805,-0.013348907291979456,0.009384416547225919,0.009410069500812966,-0.014563846494470631,-0.005981948538167444,-1.2517941980422567e-07,0.018145247127107585,-0.014390054038657776,0.023602311462336177,-0.018592799134472777,0.0025252023275236716
2023-09-23,0.010808060857273271,-0.006561013952757032,0.028944435814036003,-0.00415592403858733,0.02844354830652212,0.02877926440064332,0.017402650853252363,-0.004543176381664477,-0.020506291206702765,0.03088681730445396,0.008360891021520888,0.004858176273723992,-0.004925069693683778,0.009700414771583796,-0.0065632216815163895,0.005509182322332077,-0.0037655462369414997,0.008611528104635367,-0.010286488082238993,-0.020730575022380075,-0.0048755132152349875,-0.00315160593592025,0.008924759312028876,0.003514156601924653,-0.008443341077623494,-0.001940440672767111,0.00612586306459543,-0.010441615340916184,0.005137262588753131,-0.019221089750366148,0.021934818703789657,0.011640062199324569,0.004775158776784966,0.02814506415718875,-0.000238805479213892,0.015236591787874544,0.01766086117668727,-0.013455924583330742,-0.009726551218210654,-0.0013550343620008483
2023-09-24,-0.01799962858719445,-0.012017486601778742,0.008963302322297015,0.013577564735293002,0.014726035835258168,-0.0016768499343246018,0.013017938781411923,0.019452071735012823,-0.006593247151444178,0.01633200061228878,0.007764688008540735,-0.0037853990350661996,0.007030344052992037,-0.0084537676633393,0.0007993547142291505,0.0009057612066872267,-0.03152548478289876,-0.006323565841492384,0.01660498160537067,-0.0027382651502788507,0.021719137362064277,0.015627050037564563,-0.005042994325747625,0.013834734293851972,0.0033503776540404905,0.03421055938702334,-0.007990443148132437,0.011305389218115832,-0.007791342126823038,0.007096714719034414,0.016365259117422853,0.01668263155498655,0.021005002967962694,-0.029788649471579977,0.020137330764848846,0.00813530037119299,-0.0027190254874925523,0.023377315159981243,0.002775308818927851,-0.019556851503237525
2023-09-25,0.001853678933976697,0.03035227718943384,0.021038349303830684,0.022600731488502803,-0.005563587880916227,-0.0025357217406481534,0.015955723374604148,0.01324233062142861,-0.012910593015627947,-0.009222438781965115,0.011174604657974554,0.012559724000419385,0.01078692060651484,0.012378541757688249,0.010464479641220817,-0.006179165208635569,0.004046836807174459,0.009311848464702338,0.0030767136831511516,0.025191308250983705,-0.001500059283557668,0.005923809628305235,0.010149219567943102,0.012070114383238647,-0.0017215052471725666,0.005852204404662605,0.0013012095852868444,0.010763516502251023,-0.0007488876439374975,-0.02370969788900088,-0.010233634556285691,0.02431462501976256,-0.010759899428360942,5.8323286148955975e-06,0.011101305661484196,-0.018071983215663782,0.04064886481337939,0.0050094946869114285,-0.0016315578493542263,-0.008259653516172106
2023-09-26,0.0010481010107320807,-0.006923570588642312,0.011888301361513079,-0.004308395407432317,-0.0019042500761575938,-0.014343328887765027,0.012300499520613505,-0.03167640502840012,0.04838509692398708,0.00481090775715815,-0.010317900600506923,0.008209240789069273,0.017337711535201313,0.01063927813361573,-0.0010841014016317178,-0.0015762554359161993,0.0097428080535701,-0.014982553363346897,0.03382923379223235,-0.0007345122805999681,0.0186462955430008,0.0018596600955133092,0.014359867663196734,-0.015484261623447355,-0.014813803189027912,0.016854119420426354,0.013912657426771035,0.03121885209165755,0.02112172824045155,-0.01248089332933349,0.015075721108760773,-0.00019828457939306322,-0.035666338488883544,-0.009401350423173662,-0.029808726021900444,0.015784741798387656,-0.007830096819487929,0.009331666760303468,-0.025886258274576857,-0.015175352290857962
2023-09-27,-0.014222046763776698,-0.021029786522795205,-0.01720583606865528,0.023767128149684118,-0.00635863303284449,-0.0005546672684615711,0.0015007683614186031,-0.009109677734685543,-0.018843422848616103,-0.022093517121921015,0.0012331432086809173,0.010148573118802929,-0.021489358464999494,-0.004036457967374936,0.006245916913848673,-0.018458040637267373,0.007623849876311078,0.010437329500442401,-0.017006664441394294,-0.0082517470440267,0.0077124090331352375,0.007378384374150768,-0.004992604668132618,0.009660223451987398,-0.017808359690889813,0.00929814738964577,0.01663411320654883,-0.004724049932312046,0.009779467012190552,-0.008204939769409654,0.012758143936073963,0.03320685408545573,-0.011123102236533348,0.0037354172741350627,-0.005794500971410639,-0.0007874961931982406,0.0521532532498797,-0.027159526535338666,0.005683267206117228,-0.01260772305715057
2023-09-28,0.003197045323349198,-0.016796091268505505,-0.012218195541051882,-0.014676686272808647,-0.008236312919340774,-7.783596570792059e-05,-0.009263218753340501,-0.02952232740978927,0.01289857278803589,-0.006102151902900716,-0.010482272912081599,0.01692097263221391,-0.016375158775969744,-0.014261745560510193,0.0012556845269801114,0.004929100575147767,-0.026995047583224484,-0.026687033349140094,-0.008358032238116344,-0.0020930112678976417,-0.014877593036485353,-0.018817447233176986,-0.03341613623893363,0.03506753461696845,-0.006509595536242646,-0.001590471956728437,0.0009849793769644692,0.01609262722507422,0.0037667634590125387,-0.0011038913512774924,-0.01467315653423535,0.0008380466957498202,-0.01135750911761037,-0.009462883420716687,-0.019352148330703426,-0.011196673730165384,0.01460516637080605,-0.010423317674911737,0.0008374234240658681,0.02986917362562256
2023-09-29,-0.011417006810538767,0.005154752647827483,-0.004212875305545252,0.013834570870511074,-0.00018126302724230344,-0.007428971181084855,-0.009217879913790314,-0.021512215127140678,-0.006372505280791417,-0.021523910823837023,0.01611817876066341,0.01115276016404009,-0.007256397689091237,0.0008991041360240964,-0.003895488589136234,-0.01664404410803126,-0.012323574726008838,-0.009555456035104009,0.01190138556655501,-0.011069386326926922,-0.01909493412788359,-0.012437369382257476,-0.004453280694620027,0.001274628899824258,-0.008835367228615658,0.00896768912877766,0.03539938363179964,-0.007620742424473279,0.0134258441658203,-0.008805885903293943,0.015074956434722004,0.007068600861390464,0.009218648674495851,-0.00898111650037448,-0.01455947466583425,0.020628620917871668,-0.0050537520107254656,0.010236460429043755,-0.00206531681121772,-0.000785887180802505
2023-09-30,-0.008093882019290235,-0.006027052348447411,0.022395785415943857,-0.006379177004353847,0.010635002407302785,0.014255918311099597,-0.0006616029468922999,-0.0027082955722280287,0.004943680310832827,0.017427328200776047,-0.0017886980070293923,-0.001653334329660026,0.015269824661781142,-0.016200266374972735,0.0021933773627282544,-0.005113342643457365,0.005291693569293675,-0.019799445943719737,0.0026410275407791122,0.00822135473226309,0.0263797296886261,-0.01612917561379758,0.010625903783626942,-0.052517951497274694,-0.018839146550768505,0.0018747435754407017,0.0011903664041827003,-0.023572797881151755,-0.010357034381967698,0.011973554678786835,-0.019585436091786774,-0.013262990213313838,0.0053293274867322275,0.02378180389721696,0.003977647496659794,-0.0066416582646232885,0.0003672053832264934,-0.006302898815334763,0.005557238742150496,-0.008437178043100395
2023-10-01,0.024366069835769003,-0.0007311818141484358,-0.008984485037319826,-0.009681477277081373,-0.020831357430907277,-0.02943827059567162,0.003106805674987012,0.029442893339538364,-0.00887905016645943,-0.0015760337106053889,-0.01583703563440507,0.025718292862241122,-0.0170439859339778,0.01298442389342746,0.0429172209237266,0.03764037246758475,-0.012180346443291587,-0.009427668574314055,0.024237318246119764,-0.01703018974585684,0.02608183369459917,-0.012618791400507026,0.029479471160265024,0.023947363629023725,-0.02389282191915907,-0.0389799729793399,-0.003036344785029047,-0.010772510121877691,-0.0007057987459035246,-0.00049287596559983,-0.01833862452226484,0.005620651409482976,-0.002003292550561515,0.014067595177282198,0.005711006020948407,0.01561538862944809,-0.0037234827066645808,-0.006464902634110139,-0.0008668010830048391,0.0014353353984451582
2023-10-02,-0.0075927149815525116,-0.015103353077936454,0.024765209370121794,0.002157194809912724,0.0028309661964330095,-0.020013421050440326,-0.00753465231905715,-0.006838342899575403,0.004677744458170104,-0.020390668397718584,0.004671867519032508,0.005414688811238914,-0.00030818972886337433,0.011027059902072285,-0.006874048027467831,0.004120324181691941,-0.0002585297028359232,-0.007982306315632041,-0.004695410883989946,0.012917430656843922,-0.018142682178036492,0.003986414578284963,0.014551742830008988,-0.028831144577249432,0.015059185966833286,-0.016842616373785566,0.024063999443436988,-0.00130177868077526,0.014397579739916459,-0.014665425438276461,0.003686654422167331,0.01572846136064505,-0.027248182706167336,-0.012500500307950538,-0.017984170893584218,0.00832596290589871,-0.00899770774272516,0.0015018402517131368,-0.004405341472655625,0.00016575428241852634
2023-10-03,-0.007389506746274404,0.0325686096427332,0.0019120211760643947,-0.01633013522486706,-0.020520213276204454,-0.006371901453542739,0.00656463640449032,-0.021177815367360273,-0.00721571303592947,0.0047955851853773625,0.005510427821511763,0.002390849178233977,-0.0014838170044440863,-0.013244872177331937,-0.011527678788537336,0.025198402889660732,0.007887992240018283,0.010749717043385214,0.016081916796994444,0.01675490862934691,-0.0008366997883991673,-0.011072400310284126,0.006383789860711642,-0.007349781362134301,-0.00029656372600853954,-0.012011828446424441,-0.0033401548271374724,0.0018982707257713953,0.027095800099391592,-0.016655191679520214,-0.0055336807812994635,-0.016513549523942423,0.014182828801693198,0.006689823120319169,-0.015405105789565998,-0.0016278779760153872,-0.022323195771700954,-0.001970407543059096,0.0020451827224931282,-0.01614223851550242
2023-10-04,0.007396287405195014,0.0028687746245966957,-0.0038027992412588726,0.004328420396120398,0.020002992521899413,-0.0025962038303699217,0.016670042719929726,0.006630195031963108,-0.01595757426427425,0.028172673301180607,-0.008801584344689346,0.00826735845883434,0.0058943208885128655,-0.0020723434857258553,0.002608378024558201,-0.009269954171855048,0.024229016934750682,-0.006285295655181931,-0.015648280575672913,-0.0025134996830910544,-0.020684147574646053,-0.017487686884666096,0.025113945975373277,-0.007123894045101567,-0.024948003152699558,-0.0006706611627130569,-0.008592321064967231,-9.157401015524771e-05,0.014157937524693907,-0.02010979522478907,0.012077864354467688,0.0089009005741775,0.012566305838423022,0.0072301557620897995,0.020806633951162733,0.015987586995731124,-0.015503253680525977,0.014659157705179435,-0.016811314995167626,0.012078771471965821
2023-10-05,0.006296090292204588,-0.015047986647301765,0.005906718740333395,-0.0033578651945101855,-0.004644505454338022,-0.024360256505094602,0.015528615569211314,0.003265232429773088,0.032607925458841586,0.00648640684924077,0.011311889767542417,-0.009516998833389544,0.019835864551310898,0.0035584764345273027,-0.011975595367497321,-0.008273185029130683,0.009131917333174488,-0.0018246534390756867,0.010250840507067564,-0.014013585488721333,0.01715022517861491,-0.027359407418869122,-0.009439773428960636,-0.0006194558712400646,0.006735961563752526,-0.008169883205183182,-0.007173006944259704,-0.021387127578761513,0.018301227350628124,-0.0018665757946483576,0.012092583385469466,-0.0006126043232515853,0.00962227093026707,0.01013061931721888,0.005234782455012165,-0.0041089161469903285,-0.02224165227490869,-0.013507419865478845,-0.011765460384212141,0.002454602436104224
2023-10-06,0.005398615417439521,0.019723441936302398,-0.006240212713451007,-0.0017251246518610631,0.02060634446804099,0.0073043523595364875,5.766254705501581e-05,0.023616356988947568,-0.01080354989517604,0.005590274872002084,0.021300208765602777,-0.04325304957982575,0.003178498507500414,-0.004550420520609468,-0.027698532877636576,0.03141363257762154,-0.039170360893793214,0.013368857900313197,-0.01344831525066803,-0.006538006049965241,-0.007333403087421092,0.017507996051819942,0.009860380756692067,0.037696555960355406,0.004275016734340499,-0.015045979967130476,-0.013084723377143778,-0.011058233435067235,0.01074167483827775,0.014428579195693625,-0.006681658530688391,0.02721752720929807,-0.009105347874060636,0.01258410841280717,-0.010077901464262465,-0.007492480777808225,0.02711221997883232,-0.0002954033259309921,-0.0025877057462587744,0.002887660336842967
2023-10-07,-0.010681889140640229,0.04674499082341608,0.0161861988848092,0.006906575574033277,0.01475193697676583,-0.010455225778475262,0.0015541443484664431,0.005263262310701875,0.005650980644322776,-0.01859197806803142,0.016383305552317123,-0.0006489308122211072,-0.007272248724228141,0.0029490192027622716,0.007911684045940044,-0.007099923990080036,0.0009388241604818784,0.0021525440297001765,-0.014331116926569118,-0.002955704347174303,0.010445783694646176,-0.006446477884840577,-0.002458422322484914,0.025205903862138727,-0.011831595873593592,0.006149255828849199,-0.01717259240211544,-0.004378551828351096,0.01643024516436927,0.02537929494707549,-0.007079883320368793,-0.019543383697618735,-0.014078825885564989,0.017464295153484882,0.005691807421434585,0.014808257177611474,0.017732477448297097,0.003293198496137883,-0.00594584187458269,-0.011493465982853491
2023-10-08,0.0029762831857950297,0.0069719049331907895,8.910500136905658e-05,0.005177098806581657,0.03496015443994587,0.006607302152640335,-0.008111455867316828,0.0060295360501716,2.457028697048201e-05,-0.006471017710498014,-0.0013392335242185273,-0.026850365581193112,-0.03312895931464199,0.011242661724882471,-0.016575391685279425,-0.0020716322674130985,-0.0035370141080161483,0.009137309639351549,3.2955871630901176e-05,-0.041156001303143855,-0.0005122542156763348,-0.006020958824956693,0.013086392149742743,0.0006806160708083387,-0.002234974254371332,-0.03341297102964995,-0.024343183339212555,-0.024448936401497052,0.015750648714543992,0.013901933263417966,0.01655168002935128,-0.008075109574383378,-0.03535025645944239,-0.01120194164020278,-0.012510162659596293,-0.0054275927461221035,0.020707037267428983,-0.006364324973577907,0.014638859947274239,0.0015178434633402787
2023-10-09,-0.0006415539378435658,0.009187751986628506,0.012616871018184778,-0.0013254484787741617,0.020469140644448807,-0.012241726789203324,0.019458857078837113,0.021183193396600828,0.0034607004822226495,0.005584516393160523,0.010785317350144976,0.000413115340895246,-0.002494598695022464,0.012896370054191596,-0.006853785633345363,0.008948956109051161,0.018078625906403332,0.016477168291006625,-0.004464765048746931,0.0010471240992953987,-0.01010425467724686,-0.00010962006991969953,0.019022719203060656,-0.01662063228843518,0.0026216062260385558,0.005910312610422644,-0.013357905676154413,0.024124894966297265,-0.004135091428988031,0.014301191882540334,-0.02343418316287651,0.017125591647845495,0.03441570038266365,0.019716157188949656,0.0006665807810599983,0.018331718413629846,0.0008366685619250481,-0.013808502057597693,-0.0399227356187217,0.03018414037081904
2023-10-10,0.01912696883172823,-0.015938433903604127,-0.005609885837827965,0.004718887428051703,0.0012082186753034298,0.002959525413381932,0.005658059838285514,0.013624483671181747,-0.0008022598134120238,0.002663069452548385,0.012154561953994098,-0.00409540411555704,0.015358383841034402,-0.014658898072466798,-0.012144121945674026,-0.007645978167381686,-0.019023667254811513,-0.003481458791859709,0.0029106658657679627,-0.006638785169173144,0.027867673655670087,0.002178970240653084,0.0031416300199220803,-0.0015237701593292384,0.012742602106302169,-0.022839643303333015,-0.028048192472856143,-0.028829767423968047,-0.001677312950429305,0.008614978194915376,-0.010747762930765382,-0.0028880712999863455,0.01944786546327794,0.0072378243090601545,-0.01740486024378331,-0.01250479080338945,0.0250875374305131,-0.008282808612925083,0.009204249841623657,0.014895683604739455
2023-10-11,-0.0014711589466269819,0.010749530077159885,0.015015656745405141,0.02123201736194027,0.008794474441082126,0.0006648695324742636,0.009574799806643058,0.0157573308913386,-0.010587887507071306,-0.010526007464968337,0.014552397813935225,-0.005641555660011319,-0.0036235405022237506,-0.029935870095296968,0.020800029792334473,-0.032917024804712806,0.005548352926176142,0.006634689407944459,0.0198164227177434,0.02793137487110962,0.001266644002268761,0.009264584198415757,0.024097217107742777,0.0008747700202465836,0.027895403765968194,0.0017774873167717459,0.011621456056593895,0.021081572632306717,0.01305492149657659,0.02077735755721448,-0.009525436345718365,-0.01694659864868159,0.007872021691973864,-0.008490520915845592,-0.019344145508530558,-0.015285139042556111,0.023883972657479293,-0.007321289511267891,-0.00817278353574375,0.01180849399461958
2023-10-12,-0.00666263731311424,0.01447823889582364,-0.005559598763754645,0.019225538519411924,0.0026753119872331274,0.020726689535722074,3.660598905940197e-06,0.0003359493689350272,-0.022594840186850856,-0.017219068230955367,0.006982048126017252,0.014757970732113442,0.021630689794523726,-0.0017469081922404637,0.01554271473363256,-0.003538903155473089,-0.006601396228444358,-0.010747044297377013,-0.011621053000327695,-0.02489615108143389,0.01106957147663448,0.006452946658676583,0.020430957295694576,0.005829526764954636,-0.009340647442086389,0.0061591711466865585,0.002572814826800686,0.017356606025900646,0.007679170807529317,0.01593815009545369,-0.019348204961291145,-0.014731794492142451,-0.0017587161079653467,0.0021105520077310913,0.011863825670856702,0.011134667191299373,-0.016092870307315085,-0.0039482916947906205,0.012020517121607295,0.023215055758230085
2023-10-13,-0.006128442666990452,-0.034753268086799176,-0.020344972650837647,0.007529256707064672,-0.0006556642697553156,-0.004155416769374148,0.003941210993290988,-0.0022465657526608306,-0.0028142622619543437,0.0330610029052437,-0.0020511745805118506,-0.007684661921350344,-0.007395797953638044,0.013410427074728943,-0.028601973791334404,-0.007061117191936844,0.012184202688818955,-0.009500201528324483,0.01419580874919256,-0.031116528700845747,-0.01999693770625585,0.007930487235995981,0.02325861679994457,-0.006730135359199347,0.013160442996688466,-0.014465726640755553,-0.017056895451900856,-0.024858253031852184,0.010539428083031203,0.026691716460846296,-0.027250878457978436,-0.003293621773709238,0.003302039264616161,-0.011828664006304904,0.014181573911435147,0.019891977677418078,0.023776195703009553,0.00074759258048952,-0.011863714243665792,0.01048683728009521
2023-10-14,-0.004970197669940729,-0.0017962446078327106,0.0001323711560329518,-0.0006968620278747656,0.020887509757276067,0.00882320133461061,-0.011675175602980375,-0.00272169424915231,-0.012929420973410525,0.01339088001584485,0.012517937952300585,-0.0333126869003608,9.957614050681488e-05,-0.022739888019766473,0.015275240873676134,0.007989773560994236,0.028053219787430025,-0.017821516299209104,0.009757831961740543,0.0013961522378750845,0.004777727713742089,0.010901067232469079,-0.022102608046419052,-0.0027475275814277393,-0.01654452949785908,-9.648103437940464e-05,-0.004384943822654716,-0.005587432827057152,0.0028932726859965535,0.018635893370921454,0.009583282670580688,0.0238790890028289,0.029585008765108847,-0.011756460843606039,0.010158376835742243,-0.004601671908402738,-0.045865776490310955,0.002992397738458014,-0.015527217307817927,-0.02516116997913023
2023-10-15,0.022620520296241193,0.0038095250923874864,0.03698619709348012,-0.008518181673582426,-0.008647234092370396,0.028440533350811304,-0.004962334203786282,0.013320834822892568,0.01088976434156316,-0.0036935976525548898,0.03202427268361554,0.0027639082522712497,-0.012288018961097947,0.013142396691446932,-0.005712606776174899,-0.0011306907366924665,-0.055873848217977765,0.012880806702408761,-0.025265130644774925,0.009522178183490038,0.013066903085911288,-0.016317706274150964,-0.02146955185453594,0.011036677762330856,-0.0044713351702067704,0.011575525538953978,-0.01525610280158679,0.008591566198079416,-0.03448676643033428,-0.03284815161409632,0.023861602224178283,0.022353915245999056,0.012843194812450248,0.005148566574642403,-0.00840860041822586,-0.013001387891605713,-0.016370765432321414,-0.027902106823226795,0.003147734660607194,-0.0031563158189004473
2023-10-16,-0.013501763427462506,-0.00066788306958855,0.004752945196477027,-0.009623891090597032,-0.017041895671530576,0.004162024570717743,0.0236994813766246,-0.002020039867086951,0.008642671186335339,-0.0024460758074070083,-0.017005592270461556,0.006014916359942073,0.010292344571122708,0.022904579723610402,-0.004964823118370869,0.007998248519124706,-0.0009741915046628212,-0.030666026762868257,-0.011354658824004367,-0.014695368426408768,0.007843435155520342,-0.012087063981139666,0.015907600872034328,-0.01611697497430045,0.0069818107443996216,-0.003630441840612599,-0.01983280068354239,0.0065022302407918686,-0.0008521862870794524,0.016833342711190438,0.018672045235166794,-0.016955839662490306,-0.016744816237903366,-0.004172844868970753,-0.019219586206763124,0.018351789637601885,0.005299588109437909,0.01831295258556862,-0.011017541604086979,0.002249898538873702
2023-10-17,0.01167614559191277,0.0048043933814020424,0.014489020006604405,-0.020456927223954546,-0.03004273252146809,0.015121377873104358,-0.008756852884233135,0.010749134650731228,0.013323774437217783,-0.013329543884940776,0.004829213719715095,0.0007995309829466146,0.008833178378314424,-0.008515940718967592,-0.01897039537508285,-0.0005227460735360778,-0.02128728500841029,-0.029318103567352923,0.003582185322859319,-0.004152403103944227,0.015758242742313043,-0.011951185485566595,-0.013334010255064813,0.007958080626236878,-0.016945890998672494,0.030689711115900735,-0.011237926306501477,0.03375321987727206,0.015388206008245451,-0.004973978839419579,-0.01276116037444663,0.001696339850949232,0.025022287607828018,0.028180847414344817,-0.0012068956596574892,0.010926984437236732,0.014251447163352398,0.014030422652069927,0.01898788289214064,0.000392062978453221
2023-10-18,-0.0004891968807538439,-0.004408090070154176,-0.010474710719862033,0.013822127813995591,-0.02614658060442998,-0.0013322718765928303,0.0027314687969246755,0.028196259930184396,-0.00043121548084589076,0.004865796385858781,0.005502763566895996,0.014863459965341986,0.019546727849908782,-0.0197446705114243,-0.012963412417253859,0.02228527763383862,-0.010412243608602573,0.0012628332727938588,-0.00607180274306547,0.014912884869877371,0.0073594594457605,0.013517608682083727,0.002026656124548851,0.025065345006059985,0.009992201152115139,-0.015156578628055445,0.004234462251063713,-0.006299486816887384,-0.02975153262900849,0.0035435210888792785,-0.015063048416242106,0.019294423768599155,0.04264240628523613,0.00791694401467512,-0.016504263148425097,0.021532121913861918,0.0064878354920720836,0.021217342385478986,-0.00368626265044845,-0.02608461800090121
2023-10-19,0.002779405367276506,0.015339051313089897,0.002041249381095672,0.010145776312900147,-0.0063985891840966595,0.008331564358941619,-0.01237448193529408,-0.005781772999672486,0.00911215780525095,0.007901067855161963,0.013191310328004864,-0.013155832586406029,0.013005158891346801,0.01922607278094775,0.018646730599011504,-0.01117916388063365,0.007993119570166556,0.003118484218488167,0.0021571008864505886,0.013666978677864292,-0.009838840552347286,0.006159040003308015,0.002491309215531286,0.03456268074075066,-0.014296735793311957,-0.010419076902429837,0.007842237787952898,0.0060885261979803425,-0.011715359463871682,0.013057069758128193,0.0008375438067786937,0.008522927496217688,-0.01204278931933398,0.020641157840430344,-0.00013742967073129147,0.01480146884758802,-0.01445759073102192,-0.005496266850339673,0.020141089003709173,3.0967610524111914e-05
2023-10-20,0.008246453914370042,0.009313300637398813,0.009466391933603413,0.005497090691300244,-0.016537765471275563,-0.006491476171177119,-0.0029099836315040198,-0.0001495006646037106,0.004143545406711193,-0.008066362939662234,0.007854848204377379,0.016864689077720114,0.0018858206375472223,0.005668702926523812,-0.01178176826419786,-0.0417706785520107,0.0046853842727396615,-0.011095183516830889,0.008472870799639461,-0.021312312051933242,-0.007767720553289753,0.001779869998945443,-0.03128684786900996,-0.006285756617401389,-0.01721763959176709,-0.0055544032319194865,0.0006171079994507861,-0.01603560767221711,-0.005736312537218484,-0.006648485013322991,0.01347959954527045,-0.009629372936307928,0.0003167551520395698,-0.014309702928970857,-0.004268488054039617,0.0037804022243036074,-0.022704480647881598,-0.0037712598143931236,0.01609084216811435,0.01109576755578664
2023-10-21,0.01867647419927731,-0.022119041588891282,0.0004811855736516848,-0.0011358348918370854,0.017196658934066814,-0.027560384303339527,-0.009024643118708233,0.004876743618414425,-0.0357578355868712,0.007370633818240697,0.0015813162270245206,-0.009180312988105744,0.023160697172632652,0.008211797747606223,-0.02276817813704698,0.011763501051578754,0.0018705540325965264,-0.00892725692701435,-0.012948944904607266,-0.002323978855641637,0.01518388817911119,0.005438815751704218,-0.011259475580328353,0.0006310711302135163,0.0006925617321666821,-0.007524624214068699,-0.0008516358376442872,0.002152704431654235,-0.007701921149491335,0.00617193653996265,-0.005397050880665324,-0.007692174156826411,0.013406237779333896,-0.010546054956375207,0.01405311561188157,-0.007405330611849257,-0.004074551678769512,0.010460876432533881,0.005908958177168267,0.0011905367712023397
2023-10-22,0.0018088377967549263,0.004470141842480482,-0.010777402537673628,-0.01789827495655111,0.003457548482747441,0.006223641951953221,0.0071719515516436485,0.013281925544459198,0.013238058526244137,-0.023545906883787666,0.002415447492875219,-0.0012739917752118725,-0.0033314019194026936,-0.022869746314022495,0.00956574217746545,0.007217434576306386,0.001448404560115806,-0.008078358052279102,0.0016505718348777735,-0.01692465443296145,-0.0060540343517715735,-0.012709170445070002,-0.013989203732269558,0.033107153232870494,0.004897856631350792,0.010986176864076413,-0.01178559656418153,0.010075553367662521,-0.028453720742027944,-0.0013605833321808285,0.020988696015184705,0.02422239101449361,-0.011002468238274884,-0.00016473382157055272,0.02673594056006643,-0.02839891708885487,0.003634596020262357,0.005737145914819802,-0.008829642356351067,0.009849144767732696
2023-10-23,-0.004180790090057975,0.002675496359184143,0.03188862570292933,0.005923571717102184,0.015829027660903695,-0.0015422569442979915,0.021294471617644008,0.014769051532749624,-0.019383871790075516,-0.0037006618218140947,0.012474949379759162,-0.0191800489759452,0.0093566375735482,0.011035856400061973,-0.004381580045679954,-0.011949389486261734,0.011370854554614484,0.01071605752563654,0.01779830502533595,-0.006321623901318704,-0.0005429817431506822,0.021893786967036106,0.013239442248832008,-0.004717117331612333,0.02068827336809336,-0.009198102313998528,0.006360610518452506,-0.010541855973095685,-0.011138926476263775,0.004610767278976538,-0.014347796356855015,0.00020044782195717596,-0.011962627406636861,-0.021421938725866414,-0.012930727495320907,-0.015613325056640925,0.00243235032718638,0.02988240166775626,0.01570696790329993,-0.0021428447048431228
2023-10-24,0.0035433392924778813,-0.014376226601143665,-0.007898774108204344,-0.01898541658915827,-0.020492989928960842,0.005802637786772261,0.011071839968689,-0.011516882721027369,0.017666938492629007,-0.0012713713684249241,0.009258017348296331,-0.0022014032425541822,0.013942988680548659,-0.006090003819446117,-0.008586870726638624,-0.0052158630180552425,-0.014377641768368166,0.0005326512191005746,-0.007540767603769396,0.013221566317114885,-0.026412085911856946,-0.005770984444889923,-0.016688111225251333,0.007735215454915739,0.02013871628561184,-0.008705794148243622,-0.002568082612002494,0.02088783940201755,-0.024676973846166156,-0.012393913857746451,-0.010572405138908957,-0.002711634350912128,0.018846428626430684,-0.024943733353147823,-0.003295830925280461,0.0071686349691151546,0.010758805151962501,-0.000721184137111495,-0.01652434161059191,-0.0011052781868873052
2023-10-25,0.002465956436249335,-0.007036334003976056,-0.0006131256568254963,-0.004340967861828219,-0.006384756398288118,-0.024814864699211542,-0.007428315659617017,-0.0003037160644541355,0.00170898344801861,-0.015670825946845955,0.007007371193201276,-0.0282694707815287,-0.009832007285070898,0.00990583941869261,-0.016860613614512344,0.012533508908847085,-0.017134034877514973,0.0037094633545851404,-0.008642902434938723,0.013142597068983106,0.008677622879823753,-0.02504977932959607,0.037055524123686304,-0.016733453691810504,-0.007499428321235433,0.00590817704845808,-0.02763917802379396,0.001122817568611879,-0.0005590646038415375,-0.01230823523445185,0.0047890104525596805,0.01279941911440309,-0.009043262203931266,0.011947242461940025,0.015913424852827568,-0.0012540661047840374,0.009807674750299733,0.012418560665555231,-0.01507842995432228,-0.02136242335156307
2023-10-26,0.01596308726582312,-0.016723716617139336,-0.013163427641256527,0.012450674388287949,0.019279203040867304,-0.009460982695938166,0.005021058287506241,0.019231254070973078,0.014096225356819859,-0.005914090561455289,-0.005666587696951355,0.013446521208390612,-0.003460798518179415,0.006248769848795856,0.007551611728336136,-0.003431220660884174,0.02066126349251435,-0.0013799610780840816,0.01465838750490552,0.003945935290646884,-0.008053080683522671,0.015352486603014536,-0.026342222558470744,-0.026451353703103236,-0.019461256060084583,0.0028224853205127847,-0.01765593168017736,-0.012835843742173982,-0.039546960181880926,0.0054558801241841055,0.010819176101290288,-0.02872429744039641,-0.01661271402241859,0.023566299651901025,-0.025037016443741962,0.007749617582543179,-0.009834110807472388,-0.0034476851130106705,0.016524584865624994,-0.02690859343720929
2023-10-27,-0.01669802333227549,-0.015629475897539026,0.004564397657979278,0.012152688279324546,0.001044463669814138,-0.03003716743649925,-0.001625240793201259,-0.023323444137976865,-0.024313417392044005,-0.00749146859468857,-0.018740084187724288,-0.010466398389280951,0.0035088199397038983,-0.019821140002081884,-0.006850429563634514,0.013036639928576234,-0.0021863419486238527,0.0022274051979277627,0.025202909983923834,0.002471541378519361,-0.013124175764624976,0.019253488462991748,0.005062959088847109,0.008417692225888165,0.012098379377111331,-0.02127521023552097,-0.0011948901402775195,-0.005692920761298657,-0.006313813559076694,-0.005379574287821121,0.000881491962103965,-0.00705052815955891,-0.00031915662735995025,0.0012964332636148973,0.04285833803646053,-0.02012233782777164,0.0035601039839236754,-0.008033950835058779,0.020065671189890194,0.011850856530453282
2023-10-28,-0.006835718385962459,0.03755855008541394,0.03144974714235796,-0.01830566102851654,-0.029901299779667656,0.020850333019345028,-0.003274617576408618,-0.0046863096377867935,-0.005332177764923736,-0.004434838943630372,-0.02854327292346694,0.026167283040873797,0.013966264911673732,-0.0036198683405203953,0.0019263710031090615,-0.023740379845887078,0.018941967501657993,0.012981588074460159,0.01470632587955558,0.005108437166397235,0.019865332158486286,-0.01869596235477745,-0.04505926727399268,0.010280235034346816,0.00039857003496635517,-0.00612175688201852,-0.005728612190618017,-0.0007565134564341853,0.012295289195154054,-0.003845025213732771,-0.010502108374570985,0.014425715011122822,-0.019346019045639783,0.0002891162863175902,0.009012893587212736,0.011769126956461007,0.012238102162695129,-0.005288397789839031,-0.010410817151842394,0.01767589669718375
2023-10-29,-0.0017265324334904682,-0.005519506546027524,-0.028012723116350214,0.008948417208168557,0.004573871888631155,0.007146054900706109,0.002520372108392053,0.019942182992923333,0.008612758129076234,-0.009980081094409085,-0.01281307354076996,-0.010965639986481864,0.023189796527545693,-0.007234471969147317,0.0016025784837156367,0.0018321991825100228,-0.006167228829607702,-0.005024715201497701,0.0018684611451265608,0.012618063639572087,0.006800061311388234,0.008145522372721248,-0.006780759356901445,0.0028236630906953546,0.026477002320373266,-0.00803282957058383,-0.01791792107799584,-0.013696610553824769,-0.025534660974815177,0.00701460295678699,0.010920764073071994,-0.002610805280083312,-0.01732160294340386,-0.01001790202763025,0.009149601802876424,0.004800217416489328,-0.018460325247185803,0.02354315422463837,0.0025354757666652674,0.00983305370633497
2023-10-30,0.017317969983589147,-0.009037371289405861,0.003238699250926369,-0.005265305647380475,-0.0007456524043789007,-0.004795957295367479,0.009328952919732323,0.010460361489202803,0.005816357944604507,-0.02969107801856195,0.008863054729658131,-0.017178325250150103,0.0072887784428909055,0.00607572264740075,0.02768219063593721,0.0014182627112394462,0.0028165338636666993,0.028534933414445206,0.011143815067288164,-0.008325276334889845,0.011135258430313127,0.005306812592991464,0.018211172129624215,-0.020043334392111024,0.01037083126744621,0.003005271776970646,0.005449381061818014,0.005188999676228144,0.005078377209132658,0.0018902469389674413,-0.0002604126606091001,0.00289510630411245,-0.014782686571503608,0.019941428964135775,-0.024030580873934854,-0.0026304152341478215,-0.020441307362910686,-0.018316874849930692,-0.01875114775141088,0.003034648640445743
2023-10-31,0.003945795530677608,0.006637279043989298,-0.003193059763906293,-0.023200912136451497,-0.01716314768512317,-0.015985658349445014,0.03915794702875493,-0.006652843845805152,-0.02547824802220754,0.009778104392497393,0.011715484125150442,0.006929399610242125,-0.01936566452665549,-0.0121183635938086,-0.017373444509302862,0.020956316890259598,0.038065263103211795,0.005248615260691671,0.011874240578053646,0.01402989170065413,0.011444030690879512,0.02169855669683716,-0.005267802562829212,0.012669105680376738,-0.00338827103337752,-0.0064048461632413185,-0.0034932524211025878,-0.004965845266576318,-0.00866653733435162,-0.017996724731346243,-0.007446946802010362,0.007827037160799341,-0.009629443560192925,-0.012049309579967384,0.01651835049072679,0.012049741731935137,0.0009607013600182511,-0.004925716919561075,-0.00869234362335057,-0.0242962289642092
2023-11-01,0.008208542325947024,0.003822042004573723,0.01622346744139351,0.004374273505345057,0.02909500857594047,-0.003329427750187286,-0.0008627033700588642,0.00651632678498263,-0.006204478827904399,0.017109700822810617,0.0010256009419792591,-0.005402096911002045,-0.0050745509346416025,-0.017633113514853412,0.011642439055739886,-0.0036220217139205572,0.006232191759685693,-0.021300404713732665,0.01346789919709531,-0.005058484512537912,0.043418088432768495,-0.0050597697939853865,0.019369165889838457,0.0008833477744162628,-0.012962912879912494,-0.005918049874054828,-0.01872670307945718,0.001335077899607008,-9.058013859009886e-05,-0.0036227997549101057,0.02356675660493702,0.0011724227209346607,0.008547577711744732,0.0341726067443516,-0.011596820403657225,-0.01361619120418803,-0.0020638473421498455,0.008207680661847709,0.04116813958228538,0.008305760994518335
2023-11-02,0.022667180313745577,0.0196872860019479,0.004410892675253941,-0.0018691872728098208,0.010081313496410413,-0.009908372030225486,0.009046797160579184,0.008615479002951927,0.017952575292343828,-0.011812253973478879,0.0065248305053628095,0.0044440483187362,-0.008068296606428636,-0.016763401091859493,-0.015482673279325954,0.022258403132430847,0.017186519893302783,0.028382014553674586,-0.027569459061708296,0.014252506270703794,-0.012216257472913463,0.017927605965640952,0.014075114548605923,-0.0030126097420625983,0.020332028621415647,-0.0038393326785955413,0.00921209649672339,-0.015301853499746797,0.012689037226177402,-0.004897072127559111,-0.011670523713231,0.014612319786796633,0.014699914325899956,0.002203659636623137,-0.008189619915693102,-0.021972454705464155,-0.00887711017333148,-0.016752518068159725,0.018193950035719445,-0.007575030404054571
2023-11-03,-0.014759097572684558,0.015009137347373127,0.011058935261962109,0.031809210944353246,-0.014926806796122752,0.019065373957751826,0.019563829904499907,-0.01080511489780417,-0.003790155462258069,-0.0015993924016166768,-0.009175917876228503,-0.008739804177624964,-0.005035128535958564,-0.010643158041260491,0.010158247845050743,-0.005779103484658455,-0.01604399578538535,-0.017119515393904855,0.0029223042332528417,0.0058426442630618875,-0.009280838572805046,-0.01195519649017591,0.015278926616360898,-0.013666486423204817,0.015215520484277049,0.0386668870878667,0.0011496156472874967,0.0005089268101301003,0.008969682676032759,0.009436054787614478,-0.0033490537873776816,-0.026095600208716763,-0.003512206379467859,-0.002695993632520376,0.02855842599290159,-0.020522439839874968,0.020018092982155827,0.02877848758501482,-0.013581338356370834,0.0002237817091144405
2023-11-04,-0.0035226302905481195,0.002452343449773929,0.007030689303764836,0.004588722024468148,-0.03573730858992554,-0.01034410944045675,0.005329636963386206,0.0036666059423318144,0.007135681042356795,0.01096504909992636,-0.0025404215341106127,-0.005891946507074435,-0.0007181653956421124,-0.013958763277817608,0.0016214013722831372,0.022660366310962576,0.021125189583076253,-0.0021965497421511347,-0.0029774790078650084,-0.02223442139804923,0.004076356400806439,0.007569598256306077,0.0055402466968311435,0.0022084345065059192,0.0019090935814120615,-0.007593166058696622,0.00156645340527952,-0.0058455068224172735,0.024384380620489293,-0.01387862283170904,-0.008964406018482907,-0.007741962732020947,-0.002422768164727128,0.013643141367378602,0.021377404301225526,0.0025724051824418358,-0.00018114255656299265,0.004296475861226648,0.006300443179285785,-0.0241220636235339
2023-11-05,-0.01154452495684101,0.015027629074311023,-0.001636553304761936,-0.009402468433109988,-0.013296238360925425,0.0036680919406370262,0.0034882661656072864,-0.0019293811682242765,-0.008783879612548322,-0.004175634355839621,0.009313426450866826,0.019624144322892317,-0.014400445778805908,0.00590366279876158,0.020801087752947547,0.014615477461763166,-0.012578382557834776,0.017779209030917217,0.02327110270954258,-0.0038520900035532543,-0.0029735092053409925,0.0029476959579910643,0.0034777979960871515,0.0021480068102351355,0.016619708927362035,0.017847186010209726,0.010333701402399222,-0.02248898535998498,0.009923682575316001,0.01969743249787174,0.00156976872294874,0.0027977202582541243,-0.004110725461114292,-0.0038964970902371676,-0.024933921020593983,0.0011681468886568197,-0.0007659555973043265,-0.014791731064580177,0.027523826295284923,0.01693768967503913
2023-11-06,-0.0024020226997982803,0.04022530928976716,-0.01104496690978707,-0.015038964365850949,-0.0070200089566109375,-0.013540478377029612,-0.018283420913771102,0.01354763901772644,-0.014798228762003754,0.038336470818714045,0.022833415124219554,0.01859194364131416,0.00584527887945754,0.011517657329087504,0.0049875198806338845,-0.023283429587165762,-0.021821975944831148,-0.002516188095555533,0.00023307958770302136,-0.02437100140731148,-0.028163155441806125,-0.014136565814366023,-0.008413967955803799,-0.019522215917071022,-0.01809187441889972,-0.03109661332970505,0.00569006935339674,-0.019805444340629117,-0.03318794332341594,-0.014026023197667931,0.01984806571771688,-0.011773310939278863,0.011438754551208111,-0.010920395562289156,0.028491070263907754,0.0052246837331221836,-0.0051853014192465175,-0.0008438922399939472,0.012705934681870713,0.00696651488763296
2023-11-07,-0.019404505468215306,-0.020466253596214144,0.025182266099023687,-0.032843989434658105,-0.001823209660273863,-0.01099488481685746,0.00437614192905742,0.026740897617277184,0.016024335701953284,-0.0174451223841765,0.02045300965751403,-0.011776352336314721,0.011385743431920892,-0.012156913515114528,0.003300171034100034,0.0034886948140734468,-0.006170490178322923,0.012720622948496085,0.012951419755353097,0.0023050698948820004,-8.363381240150908e-05,-0.003083422451494025,-0.01902218201445532,-0.0015475114731117985,0.036659189680870806,0.029827223803715493,-0.028123848399379203,0.03291594176413688,0.0074553212081441105,0.007104762775609527,-0.007302633447184943,0.00944876550230021,0.027780823483644704,-0.010279486477228489,-0.027694759157048558,-0.02684153207856294,-0.02112410158325945,0.024009714041152035,-0.025524930322298404,0.027188491136933793
2023-11-08,-0.008427827359353494,-0.020111048688581875,0.007607769583196719,0.01255795049823817,0.0012984549019313014,-0.016562618027657492,-0.003731942132273272,-0.019749134863089265,0.013999583187291775,0.007991200704054914,0.01975815209458768,0.02379545779450398,0.00564905913082097,0.03004562683568421,0.01417645563878966,0.0031689413990746954,0.009309622843569326,0.0062611492236976166,0.0034714644259360647,0.025844936019955828,-0.0070729786249434795,0.020096114024659086,0.005571242437522607,-0.017642440961569465,-0.01798485590208207,-0.0009667090802269768,0.024149379770089772,0.010086848452598766,-0.0018729990329002422,-0.007791683501851084,0.015009785876356466,-0.01371209963986785,0.014971152389900717,0.011756769491257552,-0.006524020882540536,0.0030334692768259775,0.0013696591862845423,0.021816443974140353,0.005715074497752907,-0.011569568900930506
2023-11-09,-0.004000811399993786,-0.02654357002846758,0.010044777322540355,-0.004535622528047425,0.0023273539772725956,0.002237544294521764,-0.035407958759608955,-0.0052377552485326166,-0.015870855563475422,0.012814925084425157,0.01867632876321869,-0.0124380519545732,0.005357848607707352,0.015112561238854112,-0.01477384884613994,0.013316662695393599,0.015756068496734492,-0.004621464072435091,0.009006677175715653,-0.007987763722501859,-0.020180739482854065,-0.00018803674166188635,0.011998684551587499,0.00847205185591479,0.009921373766067889,-0.013883380775657346,0.022688253386729983,0.014992291493666732,-0.0039874834041878394,0.016386583634141676,0.020997749403708892,-0.03722398570196984,-0.014286226066162973,0.004463747969306063,0.010608667091581227,0.017210794552405314,-0.006553001337742484,-0.02217252745941978,0.0024533874697526973,0.018284107190121034
2023-11-10,-0.000982228435852529,0.0008040422435625859,-0.0056932720984936,-0.005096931092135637,0.006837260888702018,-0.012992875170381328,0.007845222729004182,-0.010333301838796346,-0.02410625532815679,0.02320345803636617,-0.009413642181201635,-0.003179632080405817,-0.013326112007883563,0.029587188627444125,-0.012698414682262231,0.016971841572170163,0.0006330252723270145,0.0022328867162012957,-0.0002243522359960952,-0.01231756086871248,0.00515326915315859,0.00589030014687226,0.024600445507708638,0.011595341151558936,0.0035627274982227815,-0.005192541778926703,-0.010361391902492226,-0.005311181909410705,0.016589270816648988,0.008738861471724577,0.007946915544515439,-0.014005902058847634,0.009852763174760387,-0.004492206430211825,-0.021479499339811043,-0.0024114346738639894,0.01271886527899227,0.0004665270376194064,-0.0038505301434699217,0.022446198986367665
2023-11-11,-0.0032170038016062353,-0.016974641289117798,-0.01764965449185322,-0.010195584223843437,0.0010471270396462395,-0.00477258158351445,0.0012581939266803482,-0.008120896875483128,-0.0036718439791621643,0.00030001540641164104,-0.0008750453406708102,0.009100802682991327,0.030716419604703886,0.01638385395928043,-0.012072733334265479,-0.01816501691032507,-0.003633769325963787,0.004531285078342193,-0.01649755799886213,0.00957992224318899,0.011197971542753735,0.015923806940387693,-0.0047136707118985675,0.0013154833688446032,0.03707757881616722,-0.0034212525275341683,-0.016365791938453722,0.0071017474351254255,0.0041950939631267585,-0.010000043085145262,-0.0053020497620049414,0.005574349679290351,-0.0090587379599317,-0.01669065668778277,-0.013960068263200846,0.0061144555248194895,-0.01647781455056034,-0.00012534407442486124,0.013986284178216155,-0.004367901658502217
2023-11-12,0.006412303825413461,-0.012848891171749756,0.008476698954996314,0.004735289421332415,0.026107398310632204,0.0046729497400858876,0.004496358662536859,0.0030333897069509982,-0.0281408819079368,0.013942564890612016,-0.02708620149624927,-0.015851492881501155,0.008271598764079575,0.01842222749845457,-0.031221794473601495,-0.02690697079712376,-0.0060247274694075256,-0.0025457571300368906,-0.0008809449385366408,0.019147413726002004,-0.03470179823939041,0.0015399019345462026,0.0036732885872131737,-0.0023629043127243294,0.018814689308016403,-0.0013994481786758146,-0.003532087696507744,-0.012840302413559055,0.005140392238313004,0.0039200936418004925,0.0067488710551798885,0.009884825555320192,-0.028071671311964343,-0.011479424729754046,0.004373859867838794,0.00039427839521375465,-0.02788208972211383,-0.022314271072190996,-0.0017678170772102804,0.0017579214120669936
2023-11-13,0.0022007153285936412,0.0024539593035574378,0.03503173642074754,-0.007812375406436532,-0.02051763905731465,0.013153877044618612,-0.0046722020938625,0.011783703264062311,0.015282930580352277,-0.003427318731202158,0.01635604883532911,0.004801368884513348,0.009109032955818677,-0.020703945183166518,-0.00292086646968221,-0.022321400784442585,0.014963587046095786,-0.0005278644505304954,-0.01578563821762954,-0.01937825956690777,0.006873984898363045,-9.040691928375428e-05,-0.00860401974492315,-0.007417010543943571,0.0037666782895543014,0.006232389301974032,-0.012888691512649764,0.006383491609133115,-0.017127205786281165,0.007019659721519021,-0.021970499471557867,0.0020994344872988617,-0.002296373177246806,0.006959796918000659,0.034435789303930486,0.004179970866295424,-0.02198959842928213,-0.011733668265417352,0.019326761910959143,0.007696589573577762
2023-11-14,-0.014079635928304182,-0.0077612772344644015,-0.011757522678907463,-0.0027923974434841447,0.02209282231833595,-0.003559092100374438,0.003472576767887591,-0.0038949675182522792,-0.018209190226794434,-0.005425265882259734,0.007424040038677849,-0.01712493206866106,0.0001594641274297297,-0.0053143452804001595,-0.01341677078601321,0.024773257291933512,0.002551467470369498,0.010273517740661351,-0.023258524678352967,0.004286137816122753,0.010013125511594544,0.02527345328129086,-0.012392990134256567,-0.028072942167300264,0.01415396666248867,-0.0053556357879910345,-0.0024067962792502715,0.01204146422366445,0.00561402009900645,0.030299909788619944,0.01023390294964904,0.03076040840265304,0.0002996461413050425,-0.006268222497489019,0.018651378043505522,-0.017378774376154926,-0.010606524658355041,-0.014795430290916664,0.0067925298881401815,0.025819521300637943
2023-11-15,-0.011199094216180703,-0.015503880750308625,0.002557046784325128,0.01757808981213007,0.02243596039037671,-0.0005136616995088056,-0.001174341441440841,0.0055189924990783675,-0.0012372825287630712,0.0008275138693258354,0.004372769937781398,-0.024300345662845335,-0.014259418809039965,0.01829988716808233,-0.004621303162742731,0.014599127806362452,-0.003236013550632565,-0.012910656716472957,-0.01990968881712254,-0.025495536031129747,0.00719709689566198,0.01139213070079237,-0.0217006850375042,-0.004946246669567609,-0.009678042363594059,0.016829734029627917,0.002557206365009157,0.01936536662962551,0.009683293636645662,-0.0019905969138385216,0.009047374514428327,0.011225442885032936,0.00016984492197078368,-0.028482358704580976,-0.0026831653747694567,0.0012002687035995066,-0.008928437770127017,0.022661343372211463,0.01667079873930617,-0.00138243529641467
2023-11-16,0.01366108507194034,-0.0032108753454370754,0.003208142317487815,0.020279801001766178,-0.0009698897371474065,0.016212899525037114,-0.016009710703046014,-0.007286813346623164,-0.003518214847945974,0.0031620800385098826,0.014119914953801426,-0.004409141930130291,-0.001422308635938767,0.003874055675128127,-0.02419314149700978,0.017331602097505158,0.009996821190155096,0.0019344760803155453,-0.014782003515030482,0.015740656421419027,0.0159965726177917,-0.02143603365570309,0.03060740115948053,-0.0112507100855432,-0.00684683727280821,0.0036592648889820847,0.007493240799349942,-0.01511500930513157,-0.0006450617004830207,-0.016158353512762808,-0.024900816604709337,-0.017981808222159643,0.007450842584650456,0.019882575475014992,0.005281833941130314,0.005146013876107771,-0.0020566675090049748,-0.011546534456941534,-0.017144296010392617,-0.0032932900872257656
2023-11-17,0.0014740657594800323,0.034205941262476,0.009633059642589875,-0.020675110293516232,-0.02258491965248841,0.018474198228266764,0.028276934081127567,0.0017771469187062325,-0.005267971123473082,0.011243052699824663,-0.010026771457667363,-0.005386357642900897,0.012248005132751505,0.0035808972021909493,-0.012004157629404176,0.021983062239944364,-0.009146345267293807,-0.039467453034877385,0.006905147356654699,0.004642412207017464,0.011123439202825406,0.010846690957483616,-0.0011572814576016324,-0.02003109882454342,0.005482844689975503,0.007282029180988763,0.014448270023671616,0.013366343635882467,0.0021978120143244734,-0.002506202351846613,0.004969119078795072,-0.010996752738982561,-0.0004338790960622961,0.004906427785758746,0.006005466622396028,-0.02518599543993672,0.004181173351009259,0.0231776819446085,-0.004169516330509222,0.0024192082274833845
2023-11-18,-0.02869774822457416,0.02123306857654854,0.003151329934544347,0.0140179588377724,-0.014602028685159989,-0.00386827878247824,0.015704369590456773,-0.003683663264361142,0.015779873452738603,-0.03705502706956557,-0.021365509777806133,0.001924102475496999,0.007082100200530664,-0.008354059835488974,0.018390442813851823,-0.002243799882967967,-0.006887176422093936,-0.02420146244506754,-0.004557150352099103,-0.02840369195093446,-0.035204821307261734,0.03471036016067746,0.013964138074040702,0.014748918636696714,0.005376155461135301,0.014313358732541729,0.010165969147614336,0.015697976784930675,-0.006529119181666114,-0.006416710333207572,-0.010065667973792563,-0.002717944261099365,0.014880258902842705,-0.036427986808837354,0.0016266991082775411,-0.0037979992496024587,-0.03665545808030874,0.026647691114470424,-0.00520955617284834,-0.0072849905656954365
2023-11-19,-0.03423611148336518,-0.017597817269783045,-0.004988626775532979,0.010709678538764983,-0.008526126228377694,0.010564491539102251,0.010887483418276818,-0.008490003376560034,-0.005480189922738616,0.01079642734947039,-0.010518447773335984,-0.019870827464068062,0.011902380069763003,0.006371170388153208,-0.010831121399230157,0.036868383559310776,0.015215233903991179,-0.007041133360816175,-0.01123139812001666,0.009450524700270435,-0.020797480296449927,-0.005808221202047183,-0.0037736498903238086,-0.0052454759565501476,-0.02064959796234303,0.021690096699632663,-0.010529818991534481,-0.0038063866501428273,0.02247573784560452,0.008582265577931068,0.00020591453770588716,0.026606118539947834,-0.01677427091644809,-0.011843854430407207,-0.00024279092516446663,-0.001574243645980924,-0.014696761704251753,-0.011551386921785726,0.017569343167446398,0.018243113546523703
2023-11-20,-0.02682294309760954,0.01217307108971312,0.024328599294714388,0.020220536195785423,-0.025408075301154014,0.007678826835098882,-0.010511459960780966,-0.008626738517817555,-0.021514428706329698,-0.01198784221924183,-0.0008261833594190937,0.016632060216426985,-0.0058825568917557705,-0.03323922685312138,0.02584793904003926,-0.014390178285273825,0.0013372277960529797,-0.004582999605142425,0.03374768156416358,0.014439485120418519,0.008179406459131441,0.010820850152077722,0.00016785961764026458,-0.012902154493896405,-0.02334003800690253,-0.001652048459395488,0.006745895045735414,0.0016795887671126166,0.004141420945399033,0.022673709268070767,0.01096297236163426,0.004940781568684979,-0.021510852323284698,-0.019152588509880917,-0.01847230075362879,-0.008644126103768622,-0.02198268097305405,-0.00591208031971607,0.011630479270397013,0.015769622683870294
2023-11-21,-0.01584906880787665,0.0009905586810152033,0.013234723204597593,-0.029698113972974356,0.0008582075273565486,0.015205165326714454,-0.005699784291996007,0.012819242055718294,-0.04252145945034154,-0.005319307301247045,0.00785483546632984,-0.009737546878137755,-0.02825392714350664,0.009905189822184524,0.012153095969255637,0.028567807774837806,-0.014882484907593342,0.01476059939511996,0.0006856515175855617,0.01515372196667876,0.003731992706887786,-0.01327252962759191,0.011997838934878123,0.026822030638587714,-0.02492775544327755,0.007917385696242254,0.010879119834314485,-0.019403861051430823,-0.0018587165633869697,-0.005757190270375103,-0.016295919207017572,0.01345164960454296,-0.017374351682336982,-0.003034263405638792,0.01933188310487123,0.007556179836147047,0.0007593723516729868,0.01687202523968781,0.01432259475122537,0.001492740858559112
2023-11-22,-0.018166556728639174,-0.0005119247612604969,0.007931590806460123,0.006605393083792972,-0.020495864285483733,-0.032330495325178794,-0.005316850046695593,-0.012190029641136246,0.002856472295908463,-0.0012711165938670038,-0.010696843009800772,-0.01587001101894031,0.0004800575670584035,-0.010078557992366982,0.003971548006227787,0.01654932103078697,-0.004907955996718311,0.00023664090733418065,-0.003648719149045431,-0.017759917956546828,0.008656117839942317,-0.031643620397175935,-0.012225027138107886,0.018670163351644817,-0.031654553587614195,-0.00424261793861273,-0.0033361527316350904,-0.004315501835031288,-0.0005058681793824438,-0.0035636691856943624,-0.004512310008105801,0.023006314079985924,-0.0224073902631695,0.011261788717475539,-0.0001868711151608558,0.004708569011591786,-0.006216816102416516,-0.01817504259065836,0.017942074320318944,-0.020491221264135488
2023-11-23,-0.04626666659488689,0.005204061587002441,0.012263726441804184,-0.004330884919373,-0.020428109723071006,0.004203759048029499,0.019694786025349978,-0.005510750754487972,-0.012817132449560228,0.007466753505691606,0.015841546188433142,0.009790079867495749,-0.012260749809335596,0.022123378902795015,0.024795590862164055,-0.011936341511279838,0.039245464717782584,0.005981009505226431,-0.0025487384864940625,0.011636937243306937,-0.020360757444987762,-0.0010251508054562027,-0.026679756825786414,0.02623873975016411,0.03952032885818272,0.002970286187210712,0.031685237598085315,0.02301475854416677,0.013248686974733144,-0.02489300530555931,-0.022324723661060066,0.011509994967445479,0.026359810931264983,-0.008561941733565413,-0.004327295247602662,0.01002124946052619,0.0026070137890297166,-0.0037294261913897414,-0.03123683925690824,-0.009186086781395602
2023-11-24,0.002476852826562009,-0.00758484096790437,0.016063174953734705,-0.02113658080865038,0.00844819282951171,-0.0008864757373608426,-0.021894363704739603,0.012938278462058117,-0.003879143084805826,-0.023660754959224525,0.006399841688405241,0.019975538810131997,-0.02913882866095248,-0.014660245791842287,0.0013462437859511006,0.0011637685104273505,0.015904971419198048,0.0024670733941885704,-0.014276627862174747,-0.011805675309999304,0.013634772459494088,-0.012225671310384602,-0.02953732193218727,-0.010109600864742203,0.0073254201339421,0.011794541947685798,0.02138941970818441,0.008801820217216249,0.006337450137599324,-0.010336026742383602,0.03441988960995556,0.0063092844669358165,0.018167002188006702,0.00680234067646826,0.02044801706184187,-0.002298237741017002,-0.005957314350827948,-0.007010711248674931,0.023598178316503328,-0.01929254645536725
2023-11-25,0.01262944622828536,0.0033278729099589536,-0.004659476674766853,-0.024776867070594833,-0.0017758340689030161,-0.030442909106013296,-0.013348881787153951,-0.01008711913676808,-0.004245388393192186,0.017109598993473918,-0.004480388909175308,0.002829419603768361,0.02791458400170101,0.01955855722261925,0.017379772681926448,0.019141252723405545,-0.0002781650146598902,0.01396667659561108,0.007651253259728232,0.030840110708154924,0.009660853114186742,0.0019759181104114917,0.004771849000499534,0.022725497639472174,-0.005285105833534287,0.009059631126863293,0.013595122235615995,0.02270523246166185,0.01844851251320815,-0.00590264801744904,0.008728734076855421,0.00042711287982818145,-0.02136779499644328,0.0177482018687612,0.016269767713784782,0.017009091177292775,-0.006183433801148769,-0.022994112149991794,-0.01248543036954424,-0.0037017376082194545
2023-11-26,0.028790487017247318,-0.01016179347353422,-0.01795079165014393,0.017202328874709516,0.012370713642305357,-0.008932310652323753,-0.021676468788809806,0.00010445888907666454,-0.0055374082285045405,-0.010423297073355967,0.0046287855617711884,-0.0034912564664787856,0.018567501524016126,0.027670896377283444,0.006736635580643224,0.01495396628051311,-0.020606736616130147,0.011995609857366805,0.008483839679713015,0.0003485133438121095,0.005218510623268341,0.03972184870991356,0.018495507195195736,-0.00524152157104066,-0.0033687584261444382,-0.017318692230869705,0.015716001989075228,-0.021574627098989087,-0.0075254529621521515,0.010771304105076658,-0.006035033317002298,0.00969826898143093,-0.0010493807817006317,-0.0031176802470414483,0.013997616034603071,-0.013558230004453829,0.0012025005411194411,-0.0002291338643702072,-0.004040743603062476,0.009429166165228446
2023-11-27,-0.00919422754084209,-0.015539239816566533,-0.027527262196416363,0.0018823919661732876,-0.02167630397353864,-0.002743217056784848,-0.0016034914823379164,0.0019082094890796226,0.0034469858232120234,-0.020339412004710348,0.009467610836978729,-0.005827636859460535,-0.0059263904755469405,0.012753608212057309,-0.013531431878220345,-0.0160108662413402,-0.02286115855383939,-0.000752281885826434,-0.01707510012392188,0.001759683066248956,-0.003654448405570203,-0.012263475183006531,0.016282484934969046,0.0008016864299733938,0.03391595115270821,-0.009941959787634014,0.01862056583185265,-0.007131931710866249,-0.00748717222779512,0.0018653279186410792,-0.010367479390015233,0.005580180356726519,0.0073298497671771615,-0.008552449769508615,-0.007615305374169571,0.0026527776030102423,-0.022737001353007946,-0.03308232906980419,0.04250292911978026,0.004109948108781155
2023-11-28,-0.010407359308520651,0.003895759442698505,0.0022634612044211085,-0.0015205605020027248,0.007890724662750924,-0.004255247942788833,0.02512791890035198,0.027995968889600067,0.00017700792106171455,0.0067967118672986465,0.0036314074276690388,-0.0073113342958168615,0.013041586147402874,-0.02166357376613658,-0.013929518691371594,0.003927351041107642,0.0028670380156811544,0.029575285269031738,-0.019502633128712855,0.028678782809325377,-0.01652239348567822,0.0021588514055019556,-0.021189693259119628,0.015498153306897904,0.0059116864280542615,-0.0023235566060553392,0.007525511876463446,-0.0001651322969409483,0.0004311988360645264,0.0054709903243731935,-0.008923955268654426,-0.0059431191177583345,0.021323994538867914,-0.025340585861954364,0.009813959431044487,-0.019487318407512003,0.0013357736612981384,0.014101930777882712,-0.006642301776597664,-0.00396323137435119
2023-11-29,0.001554252924571599,0.02435864499290157,-0.00771955085845852,0.007252807636920383,0.019947135499153532,-0.0010684345935482384,-0.005067016628021077,0.021431961279606133,-0.003660041510608988,0.008686686026922248,0.006438188090757161,0.015223367592550482,0.01163635804963181,-0.012677785201920169,-0.014582941928502343,-0.022495225521765957,-0.006748706627844646,0.0023092365091820872,0.008285578398563337,-0.006417231710284339,0.022258978885905962,0.018135320351253342,0.001747178126240911,-0.019359206589643744,-0.007095260494541081,0.012888478174883027,0.024692833086251937,0.01214149204599929,0.012700383704555611,0.017928309877413215,-0.004240864959982991,-0.00938597700579571,0.0240316485371296,0.005710509584308311,-0.005756725766911662,0.0006382722530845564,-0.02051178142656246,0.028907984498756624,0.02713504382565031,0.02742872384842173
2023-11-30,0.02006313129612734,0.02200587835179847,0.0011599853319095193,0.016643915810540946,-0.005332934704425862,0.015394240373077598,-0.0036033470593002767,-0.018874096881584743,0.00925009765197424,0.01498309282216516,-0.006449378030607734,0.015629901859976394,0.012779875744786947,0.0032001036249857985,-0.010405230225625244,0.0022259847587975216,0.0209666528464214,0.025962178456821267,0.004585257947798176,-0.0026837209948049547,0.0017879270827985106,0.025953438172780667,-0.013555131145704448,-0.006999362101174867,-0.004834669278294214,-0.01393092229403016,0.007351073278749405,0.008123507786814874,-0.0007508119525913657,-0.004122364984674373,-0.02417713357966888,0.00030004376368347047,-0.0019006427644464629,-0.0021520630473175566,0.0024993664674287856,-0.02707305761927383,-0.004999226637136702,-0.010148865945027978,0.005635798232193996,0.029412758331589437
2023-12-01,0.018025127849721774,0.024919168822375833,0.020510192645338366,-0.015612088753087668,-0.02035907700739014,0.020159460042862367,-0.025200569057931565,0.010201768853485385,-0.005030900362766967,-0.01165700015968803,-0.00818682649328294,0.033460542330390516,-0.002305150356297534,0.024482064714043458,-0.011961188967628196,0.010254302110873338,0.020170076849106197,0.020169479806863278,-0.02046407476577581,-0.012750142565486101,-0.006985000717774421,-0.00910357464285815,0.01763316651990541,-0.022705841333815147,-0.015565786837403256,-0.014640686904322266,0.0254886001623319,0.006000534823577616,-0.03918959509119279,-0.012800036595165648,0.022795035757906482,-0.03484576409430916,-0.015811188694267647,-0.020577015999438564,0.008533356815367174,-0.0011739503139424144,0.014925446757459214,-0.009302591023051535,0.013966780331789925,0.032986477455187714
2023-12-02,0.0006532154971265353,0.005622588159966057,0.002645741879123195,0.006311490968668114,0.01321836693705516,0.0007169428710875878,0.012146519423283703,0.0037678262705296596,0.022190370642592886,0.012272400571451477,-0.006313138929712622,-0.02515465846850646,0.004695125928363457,-0.03551598233871587,0.001571957033447463,0.00474345520915608,0.028143174847972328,0.0002434346689426755,0.004023574398440323,-0.0017107280041077618,0.0061558441462530675,-0.005616247723427531,-0.002026437570480953,0.013006722099814858,-0.001739877494809727,-0.00873787958426379,-0.015828261643193228,-0.01902508866972752,-0.014083334902187088,-0.0008522155372115516,-0.006964506865686011,-0.023761336438454364,-0.016141439753143375,-0.000966882673279586,0.007644634381114231,-0.009747136842671663,-0.009818658038803073,-0.04452826267152565,0.0003892872121123572,-0.006503437513712542
2023-12-03,-0.012700388900640609,0.009052120559070493,0.004069388623298284,-0.006209898045327011,-0.019828732767965256,0.001737342930941163,0.021065251324871276,0.02816269441976018,0.002990127690988114,-0.028700242949979027,-0.0024802756238990085,-0.009696411235148495,0.014805405524348624,0.023203822609999116,-0.0030017773008249875,0.016783805038469674,-0.002038829457670382,-0.0011688503091208129,0.0006601664756610993,-0.013945999365288352,0.024430593549936704,0.005926733790022516,0.02290237452885528,0.010616553990552701,0.005391294225494,0.012969108731796608,0.003659347106033071,0.0050716229157174615,0.016652403005669326,-0.004187464347410488,0.019748154811888324,-0.017777313732040022,-0.001400303119147514,-0.0259141656276738,0.011263563598100908,0.029032098095440613,-0.013323827994835329,0.012663783683557327,0.010030449360568974,0.004889768504146436
2023-12-04,0.008592146353241481,0.005111638290979367,0.011405725319075773,-0.020834259052372905,0.002838572736002293,-0.009874475830103046,0.014833497440151354,-0.012849025228207418,0.00761050142259519,0.0025339301520599725,-0.01583254269865988,0.009605111613329925,0.02817140364463887,0.015205939294057256,-0.008579441179578044,0.0011336595040126263,-0.009735874006986086,0.010366537118474298,-0.01695683261027855,0.018099717892727834,-0.029281514632001657,-0.0134191242290928,0.01898047398755059,0.012751432257049326,-0.013159162865600307,0.01739510424079625,0.01899121747585649,-0.021670184983463806,0.01682025949867483,-0.009160019598828305,-0.013807789558505763,0.03522090316835132,0.010944448946761057,0.015182615778520673,-0.0010850477919531845,-7.455546392471702e-05,0.00614217445931352,-0.008613355168815917,0.010078399827118044,-0.0016558970008838493
2023-12-05,-0.004068406649122655,0.004768633247063765,-0.00680075325653645,0.013838164641209317,-0.010748277846381547,0.0007134611478630061,-0.010728701540794581,-0.011755399478620627,0.021748892278681604,-0.013353588579791933,0.035225118009824544,0.003835836103645809,-0.011625979089643636,0.019180580643266967,0.018886378621447743,0.004448620190670974,-0.006030503292394794,0.02205226218820142,-0.005640261604498804,-0.01816481478053314,-0.009450254060984885,-0.008771827816979523,-0.0024044391942133958,0.017469506039609426,0.016962532756170327,0.0006059255406412847,0.03409453699280847,0.027013741704574677,0.0010474239646489076,0.028945575107426572,0.010137648751782682,0.011182975911163432,0.03231969165067589,-0.0070119209903983255,0.0038798819870760927,-0.003049083070453383,0.018281850041692485,-0.0185584869423939,0.0015407714258633422,-0.009030893476500034
2023-12-06,-0.01386183006100971,-0.005369573190980529,-0.00986778941917047,-0.004630331402562547,-0.0036711659774259363,-0.009003263507504035,-0.004396190514001249,-0.009317533479461768,-0.0209295000823341,-0.012287679867319773,0.01589746825816367,-0.012900638229522855,0.013198032008384666,-0.005952748336283708,0.011455833777268172,0.0036800706970000277,-0.02054444075502872,0.008650468074308635,-0.010071721409069019,0.010695780195613557,0.007282190218035858,0.028734070716710018,0.010857585292999737,0.007796241652362231,0.0014779817357389446,-0.0065612464252560905,-0.020608413011812637,-0.00203621626896526,0.00952947808635448,-0.01499484207900523,0.01806102667008037,0.002497759873595031,0.0010287789267384344,-0.0025299888266172663,0.03192488821767089,0.01863956502964228,-0.03908428362066343,-0.00795585319313567,-0.003866149835337619,-0.007063535641444376
2023-12-07,0.012338687536702964,-0.013773556955045955,-0.01377211950496916,-0.0053388396622405625,0.008012229157819687,-0.009707786213601835,-0.01365536686815835,0.008579191172851674,-0.009537422616166875,-0.008835430719565135,-0.003751232151795987,-0.0036225837560970053,0.03333560354560641,0.005109674142032915,0.02366375028151398,0.0006638806486763763,-0.010005006323382176,-0.008349098520134322,-0.0064124472756108275,0.007508945726711614,-0.004442427230116891,0.00955611024331333,-0.005953700125428988,-0.004593049519158947,0.008258652580070367,-0.0019528434121506189,-0.003192187654213941,-0.014152305175283954,0.021497563449601128,-0.02299599449057899,-0.011251063485961818,-0.003420831290010884,-0.001491025025774639,-0.017609876312479948,-0.005896161147392345,0.003911872894817787,0.001407179979237058,-0.018096333628502298,-0.026205703173637313,-0.010089636402939027
2023-12-08,-0.004395967269268058,-0.004477022716713595,-0.014039742726214978,-0.005543034880787499,0.018178376125858955,-0.0035486192294330895,0.014786550109748347,-0.02387753627730219,-0.000638378290289483,0.012612492550096359,0.012081573813384481,-0.014509442959612016,0.005433057535937107,0.0030737219525037857,0.001611310129611274,-0.015416119163668026,-0.014504019539947266,-0.017851019806279945,-0.0014423024419799465,0.0008419270752168908,0.008514365029669053,-0.007003040616262193,0.0018269532900859417,0.024114919695044132,0.0011052446791405541,0.00113469896649527,0.03275798253717459,0.01297206775112162,-0.03250407307305313,0.0011912639379682544,-0.02395371366632695,-0.010077090570806265,-0.02116769931830894,0.025006075462440835,-0.010626318782222368,0.024842887820262536,-0.001090888313539804,-0.008732411557936247,0.0034551086010029624,0.015364144537059933
2023-12-09,-0.005783056248674182,0.014972771697038145,0.003946372529070201,-0.007119704269309952,-0.021877470479422994,-0.003682464475811283,-0.018929454364578817,-0.021482744851530903,0.0008639227032001878,0.016534420441297284,-0.018204850326668184,-0.0016770183469895978,-0.03869302435666377,-0.008786269577776411,-0.0020246638510075686,-0.003947741632090785,0.03923381121401638,0.013861437265766632,0.019047622217518337,-0.004602428855193665,0.009220825374435804,-0.005442401747019812,-0.01580008501394855,-0.014857688915999666,0.007942598201374825,-0.014033277781041834,0.0014923313331568694,-0.0016136907789293105,-0.008218852549967022,0.010637214621501473,0.006019263696534518,0.02059755234596121,-0.00044927412627940734,0.036304884805759,-0.008062559718994885,0.011641618664563754,-0.016672543421567806,0.009823367880409942,0.011327170677628555,0.0016592872264781116
2023-12-10,0.006946427095995302,-0.014188971376483504,-0.008375958211416056,0.008910080972540398,-0.007514918989095301,0.0008707818357200514,0.008021540092863627,-0.004703254276104428,0.002519750202159103,0.007351181442406093,0.017850241111684033,-0.0069217848293765625,-0.013900249843547484,0.006674388248489947,0.018656561683211902,0.0023221260847934326,0.018749750884747732,-0.009673217005141366,-0.010500770597071834,0.02371607154275938,0.013824097807040378,0.006080441140504059,-0.012394887367164343,0.012203795918327159,0.02491460072042191,-0.019586691801036414,-0.015377534894620314,-0.017045236768022366,0.024420833638864364,0.0164356119381109,-0.014011682085394734,0.006574616488849895,0.0029283037840864296,0.001328845117313405,0.00017956656287652505,0.020249569502309574,-0.018241124260835365,-0.0006186214812593203,-0.00882078529891743,-0.006374935754659845
2023-12-11,-0.01221867108596749,-0.013811278977305604,0.0007444156085707951,0.016422968731266474,0.0036634676308176274,-6.593979693192572e-05,-0.0139609397838842,0.030004653114477888,-0.006530470196196066,0.002557490187451072,0.009286407746400785,0.006055649935418406,0.010458574834598198,-0.006821092362218239,-0.018063017939385265,0.0010804935102303463,-0.020288632530296037,0.008806914010093142,-0.00699826594511962,-0.011335755748825624,0.03458556355884825,-0.0061220400523842415,-0.008733332425751932,-0.0022600947531896103,-0.0024909480007433843,-0.024969251151926292,-0.010975558253755832,-0.01776530609850968,0.022907656061604484,-0.011024563113199342,0.005557052472988981,-0.012787964538338473,0.008158304581804263,0.0073942992336444285,0.001865232585388953,0.0034027632270828933,0.012765365044308901,0.002685307755060446,0.0011190741180567457,0.006251140464197034
2023-12-12,-0.022599901796448295,0.0033284288793165805,0.005001281839341291,-0.004651575462616572,0.01892326291956821,0.007035602579146776,0.02088954342464787,-0.02886713108024317,-0.022312954610220332,-0.04153469910513198,0.01928471333949649,-0.02779674399008059,-0.03786564305697177,0.0032676113372705944,0.008013781731251394,-0.008679123600494968,-0.007113025396378165,0.012332172537381397,-0.00163933130373915,0.00242500900256144,0.03874829235732134,0.005179717551844003,0.020381429487665956,-0.005590784672616601,0.012317514766263207,0.005131882546892995,-0.006848742627081957,0.014498184854615036,0.00795659286371614,-0.00602289537899015,0.0029607161114077302,-0.020899602889252293,-0.014351722703033871,0.011727145641583376,-0.0012949464174622383,0.004283982702183683,0.008556600397738052,-0.0008211486782900475,-0.023817774151123444,-0.0008323273357589312
2023-12-13,0.0009319956445014085,0.004231934367441372,-0.0032246942954007236,-0.010224016301735028,-0.000885255739772915,-0.006261202073767253,0.009579780001738699,-0.0011933225869652346,0.0008625539691656877,0.0032408972529847325,-0.008692470868682776,-0.028689034212292183,-0.010451419811703099,-0.0018851035827277696,-0.008049790232724034,-0.010460799154436918,0.005687326273564034,0.010072355037362651,-0.02223536157696768,0.003919783238011668,0.011543606235473635,0.023157249042941523,-0.004034984270018301,-0.025663305395004332,-0.030284772089587637,0.03113977446125739,-0.008409855822531077,-0.023430723314087614,-0.020009615354618364,-0.00694318831156409,0.024650176831339427,0.02823029328759297,0.006569995767386021,-0.004007274118771923,0.0164092886479386,0.02421637533781257,-0.016151141962455335,0.017248606790212413,-0.004895668083888194,-0.003541041828987988
2023-12-14,0.008500289179092171,-0.0067567045669599726,-0.00023344839733411866,0.0008278801219602869,0.008843066963655262,-0.0001273652243991922,0.030379643372684267,0.02753468138829716,0.02521338368312419,0.0048390966030071245,0.02367142075510899,0.017122922947275156,-0.010664308978246193,0.011599759640167713,0.005388217331727644,-0.006732344709403282,-0.010338522666485625,-0.004178369530720299,0.04067263347362952,0.01069447507152257,0.006306574946669776,-0.005571225528035087,0.02389618462028104,0.0034028776182592592,-0.008466270085014991,0.025413306354724254,0.00772654734416223,-0.012742889292512915,-0.0026513759871402416,0.004451639748948763,-0.013470083950631193,0.017969332664229,0.009746833865857797,0.03955103824386524,-0.015165340729135657,0.007845641363749566,-0.0036138208701364687,-0.017495931070633783,0.010252280009120169,0.017794944963812856
2023-12-15,0.016116021857353988,0.011944499280716853,-0.016797217409102533,-0.009788574605461857,-0.014545967169304294,0.005069470471392001,-0.004390912441083448,0.017507656180610478,0.0027790010438559338,0.011147402368105987,0.005273051137996634,0.0018680881890067674,-0.02276771076431052,-0.007182914683111035,-0.004862146551426307,0.02099018989467727,-0.02414663388067011,-0.003946514808398119,-0.002217056961098705,0.0025118500687727,0.009958843296732457,-0.018736369102389485,-0.01312475558908156,-0.001565066952753413,-0.01968395489861158,-0.0266410559781391,-0.06200693073797077,0.0021433993988235703,0.0025354757942196706,-0.006258276412562725,0.0015447210407147367,0.006721825656762305,0.012600658418816784,0.010601534238200773,0.0037019218525027103,0.008148779284567986,0.02028116510113088,0.003206673587892839,-0.005946609159582349,0.003982125902551108
2023-12-16,0.009497192723311797,0.005746395329529256,0.008778151700448964,0.001441396991168737,0.03144749702540198,-0.008721605682772788,-0.003754094681952439,-0.020541569841926104,-0.004013762168804497,0.014445565516669008,0.02419823716458898,-0.0063702088406433766,0.0008982512017643401,0.008444994317053261,-0.013616481296017818,0.017563331337289663,0.0059040425069231475,-0.00781873000028713,0.012025791335297159,-0.013076731981521138,-8.418440140438429e-05,-0.015219380848691406,0.003963145660075261,0.02196186547640373,-0.01813976273675013,0.0018215446026651834,-0.014193620115180014,-0.022195768159441236,-0.016494426335570377,0.014759496311191084,-0.0033690704885435845,0.017208244709370827,0.015018559513885314,-0.0018544010618754985,0.022817011072833265,0.006076368659917331,-0.006613469037190395,-0.019172552239019112,0.011253101003986916,0.011720161274336926
2023-12-17,0.00654313594906282,0.009913507033184374,0.007782551667500899,-0.008677075974532976,-0.004111326846058536,0.014197467136779496,-0.004035903506769498,-0.027651842957559014,0.01674985236891937,0.02000667351198512,-0.006056875647038655,0.01475526148540614,-0.006757754371745464,-0.016053261738017927,0.010784353167204438,-0.00881152167738465,-0.0034531919628080017,-0.0009075706022651426,0.008581114887160218,-0.034449805544018754,0.025014566281648297,0.009200502728604539,0.00605628407687811,0.031869708164656785,0.012387953906183314,-0.02363222084174144,-0.01645098639961475,-0.016022125728824138,0.0031213956739958915,0.005352709339681516,-0.011764913601686529,-0.021143535143708068,0.0009951514734047556,-0.01893441195315913,0.0204892509147108,-0.0042578825406471375,0.0028472849111318833,0.010567143644593368,-0.006665454325317828,-0.006764410457017657
2023-12-18,-0.0170992630091425,0.0011315151171845921,0.015765579949675444,0.029241203891170617,0.015691062323300427,-0.005907632877087883,-0.0001805793206712304,0.016063386209816326,0.0376471194629076,0.011739363236043238,0.003484057888816747,0.002029916923874278,0.005072068171265064,-0.021154951156729034,-0.003983464110600016,-0.03538678272622251,0.0013407379326417625,0.007301471365294078,0.003057786578500383,-0.004999863922997847,0.018045736200389757,0.02003049448411395,-0.013434765234438423,0.02555585189922992,-0.013699677609235536,-0.006507024430389051,-0.03151613667978146,0.030870103608868375,-0.014591259471552303,0.010141004849488947,0.009762382620182029,-0.002829769865574597,-0.011624651638141277,0.017882904888693655,0.007976609782277579,-0.004684293202636294,0.002211559349874874,-0.0012305237798574148,0.02308460472342699,0.001916349667168789
2023-12-19,0.04173723866244167,-0.00922966506616553,-0.004276627315399028,-0.0020862561974668526,0.02315166164544249,0.005998686581410782,0.002661080187203181,-0.001542388591103745,0.0048544426351025596,-0.011100429696515136,-0.0016392330750310178,0.0015458368044426157,-0.011457742264491073,0.019652424549274995,-0.004229559069716992,-0.016718617475067945,-0.021368304776648004,-0.018036047815650942,0.016048243093852263,-0.023562971479858655,0.005594759959395011,0.010716873236480247,-0.0065928439395741955,-0.015625383562171087,-0.00706140222900194,0.007961140492804736,0.01222113002510286,0.01059557278770421,-0.005384434500651012,0.0014421235821895566,0.013033539800272703,0.00016965960483990912,-0.016547393869530216,-0.004998353175551671,-0.010432251622873425,-0.01825557556992521,-0.023267861640950793,0.0245686549275908,-0.007055742552219885,0.015568502643356966
2023-12-20,-0.028100987717210073,-0.002300466462007464,-0.020920616509563457,-0.005035145934671824,0.007822369886946916,0.008503213809255707,0.01564373759599084,-0.009977623048726136,-0.015443350253372543,-0.006912383805072669,-0.02270151775449939,-0.0010598033838478882,-0.01131635429779093,-0.024480608184031073,0.015404260853659538,0.0007009565104509805,0.0014253257622412275,-0.0003647534611999468,-0.002143457638638601,-0.019188754251066142,0.0020169763623159994,0.020408533067906583,0.010218743813743615,0.007467266219125716,0.02377437202892872,0.0011841889690936591,0.00786196223484859,-0.003958689126876172,-0.0022046557913155706,0.016709281958367666,0.006795283693412925,-0.008142340471205592,0.0041828334753365014,-0.004516022501538439,0.01090635692565527,-0.023993348893066514,0.000523720987647111,-0.004293307192527671,-0.007567184480322052,0.02031329044418137
2023-12-21,0.040584019528215866,-0.017943675485012158,0.007774771779748221,0.0066395807694800656,-0.018559974978523366,-0.01780271621669637,-0.005567033344807459,0.004951101901007157,-0.002360801924189718,2.324759609383635e-05,0.014792566450433682,0.0027623000063434202,0.012860548318608488,0.031001857387387925,-0.010437482326929742,0.010749471020814095,-0.012940591374053387,-0.011563121746721118,0.02191043547088252,-0.02466161460526096,-0.004900324634127278,0.001380423217312725,-0.019385480946460417,0.016096153239003468,0.0014905159543961966,-9.066256845824188e-06,-0.018357216014657937,0.014525440182056825,-0.0020151522034019473,-0.003296562615254831,0.010094488785309962,-0.020325433926041397,0.029094824830407606,0.0016837970368034575,0.0028464381436426873,-0.013923074989875243,-0.005628220104568461,0.0004618836714236122,-0.00601519554980267,0.008036412517806573
2023-12-22,-0.027398124263399718,0.0005395616735446796,0.0047538928817916805,-0.020477279387856862,0.005251986091624599,-0.0035937851981578616,-0.009997730076316706,0.007193627054143342,0.01684728119070944,0.009183847864243314,-0.034026244171891665,-0.008173811994310668,0.005635444643614205,-0.022545119176601004,-0.013396251497990591,0.021268423450670388,-0.013102149886894857,-0.03871361911044725,0.011420289501391685,-0.0011812562074583917,0.02466829973596532,0.003515082665809572,-0.011633165099759781,-0.007001445532604737,0.01153661688286888,-9.04488271560943e-05,-0.006930830194075878,0.041246743142756795,0.010958148903886075,0.002359164435470951,0.0004576690938617268,-0.00853771343434336,-0.001308297577535756,-0.00032044210722879864,0.002881182086435845,0.0069066929945117185,0.0016614758761948232,0.013167943954871048,0.019211988980545634,-0.018523894682881268
2023-12-23,0.010378038179213902,-0.014549810634064195,0.012468440625004672,-0.012666123553541879,0.003839661022676197,-0.003666544510815837,0.0011989020562092735,-1.2933576001745344e-05,0.007320498550874702,0.010104681442858535,-0.0023614154154777732,0.00731898871698664,-0.018543090537531174,-0.031131912795447032,-0.0008505745785244666,-0.0009167723194575404,-0.014004366538717783,-0.01648530041551369,0.0018622510204188935,-0.013003022086193588,-0.014160086292035865,0.002829045459289023,0.008835435160138481,-0.02117699586995698,-0.021622339996375608,0.00011702996606704786,0.0015098277947167276,-0.0017442324287095107,-0.007719186278463786,-0.014453496533856018,-0.02115196750804128,0.009456598743134842,0.014099313717653607,0.0006967163075553491,0.009104385616577722,0.0010955777295732583,-0.014033108932761409,0.021301932238639416,-0.01517010614184925,0.009379305038304692
2023-12-24,0.006369671584054409,-0.0024276742646314607,0.007823126673175777,-0.00642451171580183,-0.012013046775914393,0.03246946445940602,-0.005255884309026201,0.005788179156908534,-0.0015153396352411922,0.010822240834297727,0.026604406203474602,-0.0020970016892155417,0.011474882226761147,0.006234621917233748,0.01714155101473211,0.0012948660000794746,-0.00830664513848605,-0.02452190186704677,0.01327912746642036,-0.01745209908574102,-0.0038273583986596364,-0.00034162873976132627,-0.02896025309020776,-0.024657286298761807,0.009271835657102387,-0.020685961546683607,0.0054923166059635785,0.009079724028879506,0.010632486603547939,0.016084465165398347,0.0170949026123,-0.013086142889175147,-0.02552837570680614,0.0013758812756289032,0.020601756875687823,0.007508266883701684,0.014565022736047853,-0.016004079822251705,0.02894430878390037,0.022909040860826294
2023-12-25,0.03274371397269543,0.010103190186577347,-0.018430446478646702,-0.0021359965489338908,-0.0017874636035912143,0.01792369416156572,0.000801875370284417,-0.00344295338060034,-6.257317423315548e-05,0.002284239869234448,-0.01624843592354226,0.011280183129992905,0.003771996226979513,-0.0056440866098153575,-0.008593197485830598,-0.005847450083608246,0.014175532844154896,0.0038656125028242645,0.011793513125461666,0.011063495577130086,0.0010971531009530443,-0.0008569257621806681,0.012246474742179032,0.018847030879409636,0.024562067409675842,0.0009605746115675679,-0.011541184182286878,0.0148334318598383,-0.010561818991665903,-0.028210297934266992,0.02181269253663878,0.018491928899024148,0.002141735591844194,0.01011642097845901,-0.001315795336924223,-0.02197208310687903,0.015468792433583843,0.0015262104188748097,-0.0002953416976393541,0.03173457764707385
2023-12-26,-0.002713843823291188,-0.006798361502962362,0.025579491403128533,0.0011173617736511892,-0.00819617961049322,-0.012421925143140554,0.012049694358274505,0.014450431997087204,-0.00651247925944853,-0.013679422657658402,0.012254406727923495,0.01700644791227383,-0.011638639035317344,-0.004346129837316066,-7.339166395927018e-05,-0.019058220352851395,0.020134700596883954,0.019543550615832857,-0.029960019560472163,-0.029072154062105893,-0.014182621916957343,-0.030648268750741666,-0.0017844758439988602,0.009560011987757466,0.011511431497628934,-0.012605941961530073,-0.015242772139481359,-0.008464090911549586,0.02779953035316425,0.005582433701473049,-0.01976021769014558,0.0053044248837199,-0.03450948508190078,0.01253213324336473,0.010106716654398946,0.0029008270338200795,-0.013734668002008774,0.015157040181273578,-0.014497722440656289,-0.023436365877575367
2023-12-27,-0.0020543762641716265,-0.003998996623682671,-0.00905895337407751,-0.006453363214437572,0.016945981324415386,0.00663008236264365,-0.020248293276390144,0.01745325278406909,-0.011121259127351318,-0.012078800641542292,0.004513293171446631,-0.005314425989198658,0.016464285297799194,-0.012001231771890376,0.002803200049276907,-0.008370631205964381,-0.01090540383878762,0.01843300575642026,-0.009709754366515656,-0.011498215342129891,-0.020526389729713344,0.025565648840096388,0.003829792538594477,-0.004044266552292692,-0.024601893242101203,0.009973025769117398,0.006703425827757174,0.009088496955285696,-0.012342844792423854,-0.0020244458233323005,-0.010403160969997001,0.008230910493240786,0.005153574822066095,0.0007885289905677632,0.02204057892330037,-0.0022750505901207993,-0.01115830461787198,-0.004475147993377015,0.023313089423329457,-0.015119063150404486
2023-12-28,-0.03175380522225815,-0.0077551759002704185,-0.010380794048529384,0.005667400235373788,0.011860217131491529,0.0040138627378884795,-0.009402374521601654,0.022112350107388858,-0.003891804443551232,-0.003874667691576427,0.0039030156599961317,-0.02355635406044995,0.003979770077812564,-0.015505009845149575,-0.020305628500596366,-0.0035340395935274196,0.008857356936971601,0.025250953248778383,0.0048043560932870665,0.0024645119699350745,0.01824831790961497,-0.015488696539017677,-0.006382922784905265,-0.02438194390681492,0.01254374420598999,-0.019369280713718753,-0.013079567627128034,-0.00025971440390292725,-0.003615146266166869,0.0056181954954896,0.0027833053153492856,-0.009645041527717462,0.010840488930954191,7.567189110257999e-05,-0.0028158533870067458,-0.01730860877754631,0.015288151258460206,-0.0037941443301365584,-0.006831147215180482,-0.03895657512238866
2023-12-29,0.014268432768360314,0.024445900576654838,-0.0006862169944459348,-0.02543383116269272,-0.012643427507163124,0.0006955063800736949,9.308321172310356e-05,-0.004279545697226196,0.020819680026625948,0.01536573712449647,0.015337490735468582,0.006153256858359227,-0.008810189539408342,-0.013377603122767026,-0.0025727519039813636,0.0053359279845675706,-0.007170374695206715,0.008810484994218264,0.009278560285315823,0.023030502723891504,0.023873740936280766,0.007187226805245131,0.02441247882841305,-0.005882476148889813,0.011969829810848214,0.008720937173033466,-0.00980828572496011,0.009007978932729843,0.005933135378599045,0.027461919221340232,0.010274972016582893,-0.007652796755016766,-0.0037607424215342447,-0.00633324074531051,-0.02975775719144763,-0.010494912459014872,0.007259541352802901,0.028866624777756943,-0.0035958702205944114,-0.004069884552020172
2023-12-30,-0.001652008706923322,-0.00023674777259496353,-0.03894840751528063,0.005887457968556872,0.007032138145748093,-0.0007095294319729901,-0.0022655044503855745,-0.008330574685050758,0.0030861600468272674,0.01365390754695066,-0.010417123359919466,0.005698897349497911,0.0021397554308485167,0.008437286348026181,-0.0020091278386708796,-0.021477401065455013,-0.004610483070642839,0.019904111142896735,-0.004519737093467259,-0.010421219568173738,-0.017297762390794398,-0.002459671531049311,-0.02004562223574411,0.0037827722126933506,-0.011907430147107706,-0.0018485585306530807,0.010347804308257151,0.003202645268222722,0.00822297149409766,-0.014491944195101534,-0.0007034071214353569,0.012182646977127063,0.003873872335954004,0.036852937925364086,-0.03529961862085378,0.012268941975281592,-0.0016058411308963782,0.01106629813903888,-0.007441385562575738,-0.00046148847042200476
2023-12-31,-0.01133542565495572,0.008782344703547763,-0.004511060692516529,0.0022890320409334705,-0.02437231121940367,-0.004381384569317337,-0.006395584843444831,0.0034531692729066117,0.016442089398645308,0.01413674559998214,0.0033264450271155007,0.022894533676147345,0.007061682887014085,0.016945032725633982,-0.03370983197134311,-0.0028514088262298035,-0.0007315590737390167,-0.00967040122689689,0.010033638044935605,0.020773531747930365,0.014793214613683292,-0.00910049386681494,0.007975897281073126,-0.008528020500163054,0.003784375718434066,0.021721926071855687,0.015517859028241978,-0.013092461882448222,0.002907341137102378,0.0005783827558414713,0.020456432381179116,0.0049349460652464705,0.01516086112867416,0.01095036103207715,0.01608184169726099,0.006027218554338704,0.0026376683430728363,0.029335271782043724,-0.01561337954524784,-0.002339915110040901
2024-01-01,-0.003477507270018424,0.006702344902314297,-0.008153095947508262,0.018193856187185557,0.009432772091390753,-0.014825439517490649,-4.2496328627517825e-05,-0.014671422360307178,-0.011813785727684677,-0.004792251873106069,0.023225278289292654,-0.0031842359660145835,0.024382634030543686,0.01410030104914463,0.016955949942079447,-0.002752059888369587,-0.01554991909859605,0.022648196661045904,-0.007347222629234502,-0.00483456482388772,0.011130385434251617,0.009014377226288495,-0.002566419048514518,0.015718334329788496,0.026877510349521284,0.019194307021821823,-0.011455304243288668,-0.007910387437888132,-0.007162657267150745,0.004005811160643296,-0.018382959269036128,0.004064227458662973,0.02458759912097146,-0.01246436721008091,-0.0008743567877577355,0.004401663412841188,0.02479671995293705,-0.023135763142720915,-0.031230877968141786,0.009352622773745066
2024-01-02,0.003239036717225604,0.0074297545032982765,0.004995934082733902,0.01941584236534341,-0.005294726669639703,-0.006816205369096938,0.028901692827728646,-0.009658714077211325,0.032778685431247165,0.013566916672845555,-0.012929349242805825,0.017060571139139426,0.007973506724036808,-0.001079448031826457,0.027456772210762138,-0.0028324247152737713,0.005652091588604904,-0.007911189949999299,0.019648408913058694,-0.008570449105442001,0.0009874557988388325,0.006104398344937487,-0.0013403274987941497,0.002027598799244635,-0.014279471050427376,0.0026994624792717184,-0.022549925137167987,0.018539017692807132,-0.012370139986472491,-0.01128929172281657,-0.004854000394378751,0.021961581813069925,0.013364336494536187,0.02628539573737123,-0.0003647862324509997,0.002051568834997348,0.009480610412998887,0.028028340064138058,-0.0004930435735221303,-0.03290583484199096
2024-01-03,0.04174113742838961,0.00708498429592928,0.001724655301829367,0.020530684081801275,0.01594496614391957,0.009163412724643119,-0.019582038433922134,-0.0035302442797075207,-0.001527670966831336,-0.006114694886990067,-0.01569818188718533,0.0003835816083950364,0.011701244858810965,-0.018102721265194924,0.01968881524722582,0.02187513406915975,-0.001047938737993996,-0.018041359229579418,0.006970496134099736,-0.013853684062745834,-0.011695983254170757,-0.006197542057970325,0.02751859745865829,0.008468755268102243,0.00963769054573198,-0.007182250953483602,-0.0026299285162153722,0.01829818157960461,-0.012870393049124997,0.00010146741248748411,-0.029674658508853178,0.018477827499708565,-0.002304896356747871,0.0003522433775184091,-0.008326199960288484,-0.016453404826852043,0.02180078365580375,0.0019853304007729352,-0.003434192952219812,0.01168907382154006
2024-01-04,-0.004396336805211036,0.016707263218693407,0.007187144163622183,0.011995046538741724,0.007878747654595937,0.019417955185779868,-0.0017016720617071012,-0.006743362492260015,0.027702059289371698,-0.003679975896620683,-0.010167853436008721,-0.0035221221819814303,0.004611012574995334,-0.017355022317654054,0.02072965197375543,-0.0009703298050343155,0.0288031146153479,-0.007236236481336093,0.007617235949131482,0.017122281446259893,0.02065497031721669,0.0018553842047582,-0.017797432001542775,-0.023835717599798238,0.010270804524510556,-0.0020203405681023445,-0.013701169163215243,-0.00400425891362525,0.007424841786257101,0.009433914595498331,0.008403490238467547,0.012495887293196041,0.012762352517910351,0.020248693913736456,-0.0013650905233813118,-0.00095958084878535,-0.003243560583919709,0.009840654545375669,-0.003128157090405117,-0.016069565122212547
2024-01-05,-0.001038190790623415,-0.018115923534978998,-0.009139612310860096,-0.024933650004638357,0.02531327173501702,0.007065421621645095,0.012956165271379964,0.004018689300308489,0.0030913497377314295,0.012206061120576114,-0.0042246337953213645,-0.02258004293862054,-0.008973014012884311,0.007930381832887589,0.00038300414626917575,0.01134549002266624,0.003370170511762509,0.0018529916065438646,0.009658788094220966,0.002225203984625175,0.015315324220648689,-0.0034614041333528513,-0.014782799253151664,-0.006742092848115085,0.014375608588156109,0.016250851663731393,0.007213167793131799,-0.004932103374824175,-0.026236055128986004,0.008806536517187725,-0.006745891339969359,-0.026124642341836517,-0.015479163748923271,0.014493332915933766,-0.012496481638783538,0.007140418613990222,-0.007469803445208638,0.030831544595622307,0.014571257972786852,-0.0022576536675645454
2024-01-06,0.001471825209691891,-0.0017930298760072123,0.01148342487365038,0.025111656834905578,-0.003324648150301974,0.005369320877044432,0.0027392524774452476,-0.0075710583501535575,-0.006945083072850567,0.010589513235093028,-0.029964659082854235,0.024438249825383795,0.030091100689829283,0.017128698841433556,0.012220207192399518,-0.02051824148932644,-0.000691160571980083,0.009189776451698533,0.002566966656473347,0.03345885641803195,0.0017674918858181258,-0.010150361222650029,-0.006556593306118307,-0.009828358275460544,-0.0016575506896899413,0.01950483702239821,-0.0024997381776021856,0.02254920960597979,-0.023241971305328745,-0.005478943351812494,-0.0012710137043162144,-0.0016298392650259245,0.021816026687365677,0.01696043296493283,0.002359460759291226,0.0003711469532861265,-0.013960841182521702,-0.04270712354551391,0.014504453065197967,0.012248784461221874
2024-01-07,0.009059328177802174,-0.013128565797552345,-0.008403520142235452,0.016165886609427582,0.007563201095959583,0.01891358176658298,-0.015022718873400343,0.016184875776652265,-0.01359047838042028,0.016174015695288712,0.021396789739525184,0.00425983549670852,0.018836249509065952,0.02476382967397721,-0.01745063403845804,0.01780960538303391,-0.027898407265223867,-0.0058555777199708805,0.003796507765273261,0.015233473334248309,-0.0014886072253864247,-0.013881712221376727,-0.02571281223270627,-0.0032232435053031264,-0.001719662046823459,-0.003379634967306673,-0.01749630286868332,0.012407942566618596,0.0002801339363865964,-0.010036180124813953,-3.110336872572941e-05,-0.01648882063064042,0.006577825760145628,0.02011113347847658,0.008834185779985102,0.01131786673526134,-0.012581114505661704,-0.019871101516127938,0.00781000060954944,-0.01657701038770148
2024-01-08,0.011023313065182712,0.024231329183318346,0.012593929220747245,0.013352753856042043,-0.0297634201213956,0.005332127781990867,0.0030369091839577617,-0.007396631160977836,0.004021544522794872,-0.028230218559783662,0.004848205273332842,-0.010156826993688499,-0.006051758718560217,0.02232362936074788,0.007187394430175565,-0.011854212226665991,-0.012818798706132981,0.0032338891025654754,-0.003279201927334078,-0.0032218862406844543,5.997393762346249e-05,-0.005686871643070711,0.04676378314181806,0.006772899526669974,-0.0039222793305451215,0.00793008185741785,0.011390602588967218,0.001082993805843572,0.00099718304141384,-0.0179328723604245,0.007638332259103249,-0.011492871694678818,0.005536834177449717,-0.007557234517907449,-0.019304486053536,-0.010943172854229626,0.005576431209364914,0.01136534608933151,0.015385711681580427,0.002021279120297209
2024-01-09,-0.020143307211203762,-0.018090045511148435,-0.028218450201989907,-0.021809638926814784,0.025951877875876644,0.0031219356817551217,-0.013584960545792977,0.0071938080209931025,-0.0020220766558523315,-0.004593186205766764,0.018484749230377823,0.02456183598905222,-0.012368375623264044,0.011720417069735306,-0.0016352212517415682,-0.011890645901641957,0.006225810186415355,-0.0241598226438178,-0.0284680710549714,-0.00872744351415035,-0.034379046781301506,0.030933072656015,0.0014221177377878877,0.001594337069235444,0.0008538777603661189,0.013781350448222545,0.016947893728979802,-0.02303040246181764,0.016217607675804317,0.017808577959491895,0.003246684833972995,0.0014270359420806315,0.023666086621515637,0.020581993747632813,0.0032211956574973674,-0.026904999625448102,-0.0026898766122054455,0.004442714176800798,-0.013873745032650058,-0.007125130944908376
2024-01-10,-0.025597939005103508,0.021240634033289425,-0.00766126127796111,-0.01865070792704828,-0.006642768504549342,0.009151105991113236,-0.00954706511331156,0.0015251979547328172,0.0018366642280791582,-0.010777717718150179,0.015314645453925494,0.022102500478209837,0.015725540239732036,0.004397975401459713,0.011531929093977608,0.009894113181153366,-0.02080910150192288,0.025779928979210255,-0.027883484537718103,0.007122154383675822,0.019520987553084578,0.012281577949847623,-0.022584254661623983,0.00014542097128473878,0.014037191566299536,-0.011211964785281688,-0.008194710038928424,-0.002634802870485012,-0.007278228965917229,0.016507026734447035,0.012483727169749458,0.027014602547475296,-0.004141466459563944,0.001662716160500918,-0.002620822323052596,-0.007570768080225165,0.0027825467251467325,0.029340252194544166,0.003660933352656889,-0.00219048644259493
2024-01-11,0.018483293201183942,0.0009637871804171706,0.018747373207562375,0.0018834737069761986,0.004322828506189009,0.010200642734906248,0.006869111406650606,-0.005709129887970206,0.008326895319987912,-0.010052919483445262,0.015382389885673895,-0.002918638010712131,-0.004119882937670339,0.022210790041906497,0.00625391193808454,0.0031683502443552703,0.005848592519077543,0.010465699693422476,-0.012931468493466687,-0.017339849232549814,-0.005246409610843321,0.002811935941341441,0.011348273763355218,-0.005944421216059677,-0.017249186612730723,-0.019355153646393643,-0.0023225872026896217,-0.015881201271216408,-0.010538711995881774,0.013114263770235536,-0.010440915357478838,-0.022898736256923173,0.025647891994195735,0.022425942502200855,0.00011389809657265496,0.020811526762444858,-0.023836904680723248,0.0102686419297643,-0.01525587900149573,0.010579363338767883
2024-01-12,-0.009791508489845873,0.008485930731044432,0.02608171507578526,0.01739017005999604,0.024636718031024858,-0.009306831357219983,0.014076987608533086,-0.012954113819745296,-0.020527168578150012,-0.014842717362920844,-0.0116112556217132,0.0052876038012296955,0.017192521521160183,0.0030391440786380944,-0.010126480031083506,-0.0018092157172546201,-0.002487821647069555,0.0009678035414393216,0.011549974555295097,-0.013813028092008387,0.008967251407969954,0.010062853570390563,0.03611601909503248,0.006300999066915046,-0.010674501202455824,-0.000543203107251347,-0.04649165444798805,-0.019744587438873775,0.007649231521532676,-0.007087516664341535,-0.004041560213642381,-0.0036706228771922664,-0.010015371183389604,0.005236892265133583,0.008599449228304164,0.020985824057590956,0.00513374201198542,-0.003362595665549665,-0.02284891462111056,-0.02163036874113588
2024-01-13,-0.011062120230878695,0.007120408466971441,-0.0035131731342552173,0.007920197241941434,0.005130401711207459,-0.022109362439761582,-0.006920072115268282,-0.013160721176159802,0.0038570819414296496,0.0312511727314645,-0.03870758125636288,0.004777059676944424,-0.004135429885667799,-0.01203463996258184,-0.006774477122780157,0.006389041913519931,0.0016445878433356635,-0.01443117468316862,0.004401230045933719,-0.03778562389070788,-0.008923223552872376,0.01001678430374231,0.006389508874491504,-0.00836284843220359,0.02399625470825356,-0.02663634374145758,-0.011143155127661885,-0.017527900309509223,0.029183750901790637,0.0005647946820174118,0.03979879717630111,0.00029904984221611035,0.006871752043234555,0.005032556801670644,-0.0022631865930077422,0.01865111920334564,0.014292777403100703,0.007400284114377662,-0.021677823394382303,0.005476882035506248
2024-01-14,-0.014473109418877849,-0.013624092544024436,0.022072084157622237,0.029023312580658687,0.015720289222104944,-0.01549217989519278,0.010494838046613456,-0.009814301918973952,-0.0038495610940576055,-0.001421700431338288,-0.022063713668523385,0.012394585164471462,-0.027179533946543738,-0.012798514942364362,0.003986763852302448,0.005905741634764674,-0.0021716309105501777,0.013309070892698569,0.03115763394448087,0.0026195597953494873,-0.006052949700900338,0.0019028486110070912,-0.039943107186302104,0.01114230500307399,0.010460647572091959,0.029619862712479638,-0.0144591094685116,-0.023312194820379717,0.005598328277579561,-0.004498762585514241,-0.008566460381444919,-0.02583677040450394,0.008209225451016237,0.029145543977270254,-0.00628575381949451,-0.0008730378448994656,0.00456337307774423,-0.01658075306817491,0.012842272527394049,-0.014402582554040267
2024-01-15,0.0017592306999372244,-0.00880829800529061,-0.0021528430428636794,-0.0035965107690614996,0.02292494463404639,0.008351946590697403,0.020252412563697735,0.015733187789924094,-0.010706839351740624,0.011123176602591801,-0.0015908631139440257,-0.008157185217383001,0.005661490427329188,0.003217320532713084,0.0015822281243699913,0.0025740475721119857,0.03574844943973205,0.01117996851904149,-0.02027444188957937,0.010991454803265866,-0.0075828376456682015,0.003935200183929286,-0.0012197400834761988,0.00234185455400097,0.014269975909564503,0.02062861869227182,4.166420837466232e-05,0.0007643484729270835,-0.007382530255350907,-0.0007854341515657274,0.009773616927353243,-0.016004466853757587,0.005302454113560787,-0.013741177312415679,-0.0075976821838794496,0.008877001823124533,0.001391452953226001,-0.010170792756029003,0.0037269914793551517,-0.006056880896850541
2024-01-16,-0.00171972894968179,0.006063438967042154,-0.010679084826707864,0.0014961667628113652,0.0016989235905587883,-0.001772604395960433,-0.001733445699650634,-0.011561168833188225,0.01662706003982933,0.011942038752052478,-0.003034810573171768,0.007388492870703464,0.02160219290843095,-0.019589653754655753,-0.006512471969792313,0.029921527521516545,0.002441623229595398,-0.01038349052526242,0.029168597864923394,-0.00671456034467784,-0.02447643347690716,0.010712496946094847,-0.03139460541950867,0.03249985693586753,-0.001832643833358803,-0.013142319722658955,0.0027028457443461123,-0.006579436363510112,0.0057192209361460414,-0.03647001175077124,0.03097578677519578,0.0013786489602101509,-0.009676755637225053,-0.01200104200718668,0.012682487830150746,0.014499149378122456,0.018195954332763855,0.021809459825553934,-0.016959048640267,-0.027948873337758966
2024-01-17,0.00013182383157828137,-0.0019924476434987656,-0.004350558382251483,-0.011824639599477459,0.01540112648884191,-0.0051629937384930075,0.018020737516291487,0.005372876895973114,0.016842756213320747,0.013085289796827304,0.004767387827665922,0.015348399373273954,-0.02402413253409547,-0.009217047201396513,-0.01776041448880637,0.009207386343713438,-0.007207098044617643,-0.009097597004251792,-0.0021361295659690816,-0.0051259261755559424,0.015610766471028284,0.012001421746556145,-0.019791249965115606,-0.012098454973162531,-0.011339833434033879,0.015018375574883412,-0.02029238605854525,0.008851452745549528,0.027730410293951978,-0.020626714907814803,-0.008597530407152018,0.005047196830162,0.007415894182658388,0.0020184338885425625,-0.006166499534811687,0.011608560827704005,0.0017909110004855466,-0.011979829875793501,-0.01946065958006537,-0.03614276695951379
2024-01-18,-0.007341082181151235,0.005717359660578819,0.0022490628996281,0.012038797692895564,-0.012272079759960492,-0.018342780394532906,-0.01804721936324639,0.004395236170622619,-0.006412432826775007,-0.0004430782109176959,-0.0005570950390361667,0.026109053717011905,-0.007538445296172088,-0.0022470066829987046,-0.021028970619627246,0.009617318713833428,0.00806121573721003,-0.01273566799283964,-0.0049490520215764115,0.027352792111530015,0.002086633269693326,0.004553962475649173,0.0352714982780848,-0.012513926470236197,-0.012996928450861138,0.00091070013819247,-0.007772299991644109,-0.0002514075076118895,-0.011663043445906232,-0.008537505059587579,-0.006841449115247816,-0.02442224235721161,0.009082533929804924,-0.006920801735215854,0.010328983051492603,0.012579838510578908,0.0066662959166501265,-0.008575161028245595,4.8876355897864616e-05,0.01071850652158438
2024-01-19,-0.030805312395161336,0.006429288616515387,0.006464987891382994,-0.012396412051293673,-0.0086031163789289,-0.0006701194760716817,0.005344918789688317,0.010559423068774105,0.021232105278668777,-0.023357775607210373,0.019771951897966208,0.0004858246095663635,0.019971196585534253,-0.003492142357374961,-0.004677895644376692,-0.010703625208048172,-0.0002702692184574862,0.011854672043195747,0.03248259401235941,0.007504327208316466,0.010054236259341535,-0.005432384376297363,-0.026673062212333065,-0.0001871234520708367,-0.001266604617508745,-0.003986823241419935,0.0031549595784076713,0.0005499690730348281,0.012564154069636149,-0.008167029867995891,-0.030948321511015293,-0.013485861583376002,-0.007446652724186889,0.002376163013857076,-0.026073595577725206,0.002339625953105292,-0.010719259131228448,-0.0033331702826071346,0.04886249066682841,0.016135357373100706
2024-01-20,-0.016620314059214155,-0.0018499297449214337,0.006713935421748909,-0.009614848449228651,0.0008072170645692198,-0.005023332220196401,-0.01594787795485914,0.005891894352937896,-0.012368727904588653,0.0035505881259848154,0.0027815141764086135,0.03424558769782295,-0.017051510032644403,-0.02010549008616514,0.0040158427662718345,-0.016191437525833415,0.0015811503572693544,0.0013402569778766214,0.003004673251423825,-0.014183273495031014,-6.132958507477405e-05,-0.015477441077809375,0.0053076908777383545,-0.005159519059925325,-0.0037568755472158475,0.004689065009679165,-0.015828336431094433,0.003698695599109276,-0.01005814121375061,-0.02280426044913339,-0.010126791224320648,0.015353939487976864,0.01691639004806033,0.010356104410304209,0.0076797422656558825,-0.005547148570871727,0.010290037690776925,9.061781782597039e-05,-0.022283486149700073,-0.014560884749029454
2024-01-21,0.013971544790271828,-0.034643769789954884,-0.005174722981828278,0.029400427239460826,-0.0016483308030030503,0.004996226456162734,-0.022676736054413636,0.0029465283758385702,0.015317822248696529,0.004138268413418229,0.00838268870230167,0.02166585083698944,0.004493400660875007,0.0016050361521500263,0.022796707655993433,-0.013087763278848185,0.004821591934976969,-0.015854913238323467,0.02510481000393534,0.022967601132809243,-0.0033245455909970503,-0.025102389106888588,0.007154981193366052,0.016854459461957516,-0.0055252057978616015,0.008544522379237215,-0.023550814227974563,0.002390371233022501,-0.00477505280350232,-0.004340538165060394,-0.005573078669692585,0.0011961539949832847,-0.0037572719177898484,-0.002595194236095374,-0.014080252296468707,-0.0010988126923679817,0.011422921430709315,-0.00924073716529325,0.010761796649530522,-0.015129084728224409
2024-01-22,0.006747827126157877,-0.00244209740615557,0.026565077864283013,-0.011628309608376054,0.02124617001849195,0.014406190120270551,0.009050818724631184,0.029588604550449454,-0.021441677675691318,-0.02178377692289109,0.01157182561616802,-0.013436099526704735,-0.005520367320722013,-0.004772248565639379,-0.005758134255194856,-0.022377877021321848,-0.004611769692560814,0.0063356921043065065,-0.003158956622007009,0.014734220492389843,-0.0008777594109398727,-0.006914210386236623,0.004341987587801136,-0.002804525568313788,-0.004006110116374953,0.00441850450070678,0.015345401725488445,-0.018582765528812547,0.01316769315073298,0.011888840147891726,0.018205024126243616,-0.01521277948559406,-0.02130020588573746,0.00378473886905141,-0.012396918971726779,0.012737343389189325,0.01381113628250412,0.0065233356464015815,0.010809478802761563,-0.009646530696210059
2024-01-23,0.004718827312772568,0.010031240660513306,0.02176427258267966,-0.018972895910207642,-0.009176035606156612,-0.014940873819179475,0.0013025942217524725,-0.01066887896373979,0.017405851083366435,-0.008810779046997957,-0.002401447393977972,-0.00040127269961945204,-0.011729313154506158,0.007905452503151321,0.01701074979128212,-0.029093698459377235,-0.009162044357606553,-0.005529950118961071,-0.0016358716160521452,0.02291211696894355,0.002333660468252261,0.01688987495916123,-0.014790069531292518,-0.0016194819866848726,-0.015104389588125459,0.009746709023630075,0.009239642803423048,0.005511718129054698,-0.009734089137665077,0.006111595637975746,0.008900038809970357,0.016222425756027437,-0.00854304096266872,0.0062469713854686,-0.013167713141772945,-0.003949976805530645,0.011474684309073623,-0.0019491911532862026,0.0032443125767425444,0.01269610966569956
2024-01-24,-0.009592889373969685,-0.015909584379451797,-0.003881193676641011,-0.027008708360917375,0.011749896503143202,0.02450530425033192,0.01954072871852036,0.020342537804664093,0.006004336942650908,-0.010864085900583364,-0.0092790294991079,0.016566520070750722,-0.0011402060130894724,-0.009191571359398326,-0.030753209624047102,-0.019346035034662493,0.0012784253126248762,0.011884754451212651,-0.006562192176235965,0.015480613114204112,-0.009431863451379406,-0.013922058053614255,-0.016202367248172377,-0.021881567492469653,-0.0013304863149633287,0.028079509310333442,-0.01691153618459439,0.02024486005837394,0.01973249220432469,-0.034094542413558464,0.010397228702263166,0.007582980988048181,-0.028560937471786518,0.010642590579038012,-0.019396431482540173,-0.004484104413599014,-0.0013732601990122854,-0.002126069400307376,-0.0013501024654053323,0.010585184032341368
2024-01-25,-0.0027179525859640638,-0.0033943513413924133,0.0018586536693927305,0.0031277233815656057,0.017527174896746996,-0.006455269201723299,-0.016130492013722242,0.022959755075409094,-0.02943864149290691,0.010682542912815602,-0.004001294730686928,-0.012412525745240351,-0.006586751755515929,0.005438067062588838,-0.006825277888002329,0.014244739965579364,-0.014855382273048612,-0.014421796963454685,0.01148622858336643,-0.0008062679738310204,-0.0023264334238153666,-0.0039676086584277265,0.008850324216795019,-0.02029268841570881,0.012034295123368035,-0.015079601299137553,0.006553922603260414,0.0053202693578289426,0.020271371788156408,0.030109976304730564,0.020107932898571147,-0.010110882325539174,-0.005886786502739152,-0.010702321774758782,-0.0060539497398534575,0.002239069282977368,0.022020568926747756,0.0035234142408202777,0.013161577801376893,0.0018862779795829935
2024-01-26,-0.009305425623161041,-0.03348154254616972,0.016204871589151015,-0.00414898191933025,-0.004611474132054656,-0.006814844546564048,-0.001054696040487701,0.003441595603151024,-0.0034877927401063334,-0.03152316289177945,0.009167608534301383,0.008752617763268857,0.006990514787333863,0.004084067878282459,-0.000675647747195311,-0.02045603683111694,0.009937035551091832,0.0006740521883149126,0.01083552532252267,-0.016814460867766334,0.01263228347264265,-0.016601059836051046,-0.0032501605245330908,0.02322946516106999,0.005458709519997386,0.020255060062698928,-0.00028908435682050804,-0.014638042470130007,0.0049762374159459544,-0.006527116898471288,-0.0023168159375631064,0.003792301022918322,-0.024228881804834686,-0.017540133607853715,-0.004645245677126987,0.02279623580891946,0.00040140793415306903,-0.009509492550441609,-0.006672151539198257,0.007772419832096197
2024-01-27,0.030034985874602994,-0.0005801314419908985,0.008967440193023622,0.004131766239215424,-0.004578370768259558,-0.01375998670807595,0.006119598747915277,0.004276786219574261,0.014800867822760865,-0.008844805476079588,-0.01345061844990827,-0.032085683375995044,0.007679533682770747,0.014125540291269686,0.009654824949716567,0.019378881428822367,-0.01018583959373774,0.019835219821125318,-0.01050107112713884,0.025358231536952127,-0.01176390804066827,0.018628375512025678,0.013106768459849693,-0.0002643808886931547,-0.00885007281921726,0.0026274323548961375,0.0035426953201686375,-0.005594808909956041,0.0016224179402592514,0.002765776421930833,-0.003162547536154295,0.021454891292080877,0.018482712832964217,-0.006152867793032727,0.002314591816885345,-0.002440994443474541,-0.01398527171489471,-0.0159794288169715,0.013711700023426395,-0.000379886143809333
2024-01-28,-0.020396796173181984,-0.020954157861579982,0.012093097929615469,-0.008543311531216643,-0.0023303251574190967,-0.006663989427545588,0.0003527048624488505,0.00917580081619684,0.009397727545678535,0.0007627355666296491,0.01075152123607662,-0.035076043957881435,-0.007100963468701536,-0.0015345013090800374,0.0127995068285163,-0.02215081113216738,0.011981100167671855,0.01581497228470377,-0.013046470444952878,-0.01097287497661702,-0.014771268525859697,0.00895998058990231,3.952183489000044e-05,0.015172790021598324,-0.002958731238754339,0.002407844780898472,-0.018456970445858582,0.014947901163842299,-0.011209026506265206,0.008795663029699984,0.0029927961990072276,0.01175868271942576,-0.006415571114427546,0.0024614919669759083,-0.015699723057936835,-0.00223023112809072,-0.007416970749447634,-0.0011959542248520805,0.011667148094094007,-0.009406265705775473
2024-01-29,0.0037964324531758104,-0.002094094998095278,-0.0016324718919484087,-0.02493455290105991,-0.01456944109623301,0.01704590873636113,-0.001183935532119711,0.0194593976353661,-0.022595766843795155,0.0015354202131578482,-0.00514258423037047,0.0014020159584202736,-0.003414149477012939,-0.007643935766749557,-0.020263560311787176,0.013953178350892539,-0.006048905091769179,-0.03217957703965541,-0.025700004151181528,0.007170744215092454,-0.0024971013971727307,-0.014861241571224657,0.008751533687289929,-0.016461457582927174,0.012523191580750647,0.004770537807516025,0.01668144445011784,-0.0005158643726742651,-0.024493186475455585,0.01630964056292057,-0.0035004652461834477,-0.007004591973272967,0.023238427322153088,0.01578126653414528,0.019624225986431737,-0.027458211386592733,0.0053935756590025065,-0.009586137391853669,-0.00903717804326525,0.0006416143147816912
2024-01-30,-0.001870554913271916,0.01150780917122617,0.0012117808846206948,0.001949688112112595,-0.007318620489026236,-0.024962416972034183,-0.001003401151419289,-0.025546636508547937,0.005986370541727492,-0.0009277723679019807,0.029335065303968986,0.0028613943901936597,-0.00202484373660383,-0.007035787248203418,0.0007032119186279462,0.003992684922883644,-0.018197853426598434,-0.0071744290140362856,-0.0011254007747973623,0.027448519744903657,0.011331828633817076,-0.0010504796624368742,-0.015400322757300654,-0.0011837947279946452,0.004078998283690478,-0.0020994332428659027,-0.027882409490324018,0.007930953680336842,-0.0006152915187336034,0.0038585213849605705,0.0003304806800404048,-0.004723027756354718,-0.005323230562251487,0.03165402622779093,0.0049353681395972425,-0.005259127931639516,0.018522532593374313,0.032670805599601824,-0.014391510138726454,-0.014680114951491635
2024-01-31,-0.008568557831210577,0.012138980597491378,0.010332299845750048,0.012045069122176715,-0.0263472343947402,-0.023126503576675245,0.011589961129367778,0.015964978880085006,-0.01807551730900212,-0.02204828329652274,-0.0016894899326025834,0.016630532697840032,0.019613049454618687,0.016413069885787623,0.006645132390246004,0.016472779169411474,0.021478257806210748,0.020614189309213722,0.022582334806333277,0.024447489971031227,-0.004490360204805284,0.023988496709115095,-0.009610177213137564,0.02113613043586925,0.027204606971078873,-0.021809830742766587,0.003336688339393418,0.016971076399647393,0.016981617318542943,-0.020541306880022706,0.020651678106390972,-0.0036684462255825215,0.005089804680926133,-0.025663143711150097,-0.026095347392677343,0.009266411254095299,-0.003709917989098323,-0.0031467116068682743,-0.005031561190573233,0.017073409780407306
2024-02-01,0.010425688727169138,-0.013528536315069761,0.028286537080940987,0.013325231137565093,0.008166753187933308,-0.02901078340611941,0.03247949333444755,-0.005045899097507368,6.746021830048563e-05,0.005814232991141545,0.020936679892231847,-0.030355749164042805,0.005937331165382951,-0.018429638909192133,-0.004341020289326451,-0.006446707923995565,0.031031207795175767,0.011060153605156891,0.0033039038084263323,0.008658292591042801,-0.01285560082556034,0.028698153594857747,0.011114565639462047,-0.030051390150683293,0.0035823059748726852,-0.0017374103672537175,-0.0008056910051829863,0.011248266305063303,0.011347133005613897,0.02350174402648933,0.023623524238586917,0.014877903876384659,0.017534873284631942,-0.0031313431699220664,-0.0003412668761933849,0.011706888295643364,0.011089585419488176,0.005257550429143028,0.005232126416127605,0.0053678087957417155
2024-02-02,0.006229059834721235,0.007225186971174798,-0.002624905161948526,-0.02663538128147401,-0.007276039541269187,0.0037590693383012575,-0.002348244420080667,-0.032286283811238776,0.024908887304403077,0.0033439365540559795,-0.01460745605088986,0.015170654639049867,0.01485755247233251,0.0020840495731373884,-0.011991251031298712,0.002176514455441113,0.0009798637096139937,0.0035168219409745087,-0.0283897168425757,0.022904719122644066,-0.0024684297573895728,-0.008011520512229682,-0.004336984925887263,-0.0014869223682184864,-0.016895251698210243,6.783383666637529e-06,0.015716332258956318,0.017110718670326604,-0.0053661465542449265,-0.029997200681942362,0.011525271188067435,0.020124149336893875,0.018737534574149655,-0.007229877753816054,0.019097437589265936,-0.0035876998415261857,0.00968003279559392,-0.018890498367975607,0.02078614098520493,-0.004971274946752303
2024-02-03,-0.0025436710900808932,0.004026856435253619,0.004484158267298052,0.002269766803448361,0.0009567695099856007,-0.011320774256384007,0.011865737511365403,-0.017720609787064582,-0.010589394956367404,0.005143103479211344,0.028674994947696694,0.012043653339651138,-0.009308797467719069,0.012673396092389183,-0.008426533868645631,-0.0006275496639828371,-0.0020458160175121256,-0.0005958497553793908,-0.002143713673554736,-0.026682820441392138,0.005257847055509829,0.01852635833134794,0.007935456284868898,0.03181468770244738,-0.0027639524931843467,-0.005929386308128918,0.0011162542728609696,0.0005797813642283713,-0.007591653961454805,0.009248902002487272,-0.017010760076795528,0.0018934889211201554,-0.04570297335475132,-5.252058971970408e-05,-0.003312291745244555,-0.003618285071972776,-0.004684661347936313,-0.020109922959220424,-0.01535086381253627,0.01908747924694989
2024-02-04,-0.006378765395535802,-0.02001899956450774,0.0006070799898901247,-0.0108611597434881,0.023464008932136876,0.015108954567786461,-0.01818877045871097,-0.0035514015331286676,0.00950628678090375,-0.0023171646932088393,-0.008421038273526103,-0.006836118908343802,0.0009873625509568594,-0.0015676593653039224,0.0028909990273184956,0.013583669358697315,-0.00828505601970935,0.015630164211661208,0.020414633565310418,-0.012051446927497088,-0.01625996751920724,0.003619281293800852,-0.002014259441229154,-0.009506185932506607,0.02297178357756013,-0.007066520371216538,0.007741626846964536,-0.002256274051553957,0.028450463391369436,-0.027683965685563514,-0.007621218962021817,-0.021501519316593935,-0.004285999418477501,0.02486868256225188,0.0015789015299542063,0.02063511632190146,-0.013077375196823334,-0.02617869719052791,-0.0036574310131830237,-0.019434285502590503
2024-02-05,0.0021632721942349076,0.021196437601928905,-0.005361097934770482,-0.015040661187059538,0.003610291404791581,0.009534945419206334,-0.02128150900094658,0.00120911734174536,0.01349208535322948,0.03254560026681886,0.011906617745067221,0.022920621029903804,-0.014086298299284778,0.0186489701003602,0.001624169818950536,-0.009719343146961457,0.008528816290335514,0.0020320036409983014,0.018651083067751914,-0.000570298217810569,0.005985893004510266,0.01066989563688067,-0.031124840239247976,0.021400327642325138,0.0026017130889802566,-0.006651081917927477,0.008690388243229819,0.007251401198875709,-0.005459922813432914,0.013401998870112883,-0.002957280780258294,-0.016340601935098478,-0.012143657259448196,-0.017627215074578702,-0.015975952132800987,-0.005763148847152769,0.0004302341004755663,-0.005516809562495997,0.006610787667388672,-0.020632081483508063
2024-02-06,0.022405928238303743,-0.013021925322552821,-0.015312289437354135,-0.001423673722166559,0.019181765108160536,-0.018558452726685586,0.004067920427250954,-0.008006014074101292,-0.017368178870742247,-0.0032142396861272356,0.023916387640112082,0.0125742238122325,0.002551461029703417,-0.0010704431176684075,0.030366205411402118,-0.008564749464060743,0.002054946556200643,0.007625709341988808,-0.007359416866437742,0.0053860765979119405,-0.008946581886936575,-0.005989781871766246,0.0029984427033347776,-0.024433778357530536,-0.03512766431319243,-0.01543639942955316,-0.005939393599153669,-0.009234349316996153,-0.0031784218073097636,-0.009447822062161246,0.029573854344854864,-0.013960145706848733,-0.015426177443613746,0.017400520415972107,0.024724458253649297,-0.005210111567382441,-0.003783841582298902,0.007097297392601469,0.03361965128453771,0.0017642720931293004
2024-02-07,0.0012545984698749983,0.009880593461504704,-0.0171538073102013,-0.015972241558064527,0.0016110113422640596,-0.030905321069278888,0.022527553700312338,-0.009695816296874082,-0.007800829124925999,0.008295702148264252,0.0037372391789761233,0.015014861329696965,-0.006744596266793884,0.033332405921435,-0.005458514972854822,0.02867953659763282,0.014771814696637811,-0.0124084494571903,0.02124990691798175,-0.00804241253622517,-0.004934904203165599,-0.010469923256615494,0.007486995968925363,-0.013783727253251103,-0.013065936477549665,-0.015503394791864005,-0.017393010677209275,-0.023752266810297816,-0.007185497186651051,-0.011581028152525322,-0.013176125245176832,0.005447441006178036,-0.010299619362925273,0.010811405350635446,-0.015221199831047246,0.00486864518969274,-0.00668411116681349,-0.015000126463619897,0.020610432309364973,-0.0029114331984529756
2024-02-08,0.03202905930528794,-0.006340397057288999,-0.013682061550087088,0.012693870079280628,0.002310931140351059,-0.007130923164903527,0.004945648846778472,-0.01425410671092719,0.0007095883740446863,0.015587109025720072,-0.007054588833274283,-0.023012812833390805,-0.008203795007504634,0.014034682026715841,-0.005074285692497831,0.016805702181948344,-0.010686759186770948,0.012764853956411068,0.010766423676230624,0.00774284522091029,-0.01083790992258077,0.025665102397206808,0.007451098565952868,-0.0006241941800248418,0.02113874150160307,0.00955764438707739,-0.005722737375134096,-0.0005640035478796076,-0.004597331877840954,0.016637394781298023,0.024983348976313782,0.0020833890147076784,0.004786170988147161,0.03718473186075221,-0.025149352265978198,-0.008395010491938425,-0.012116572430533172,0.02894050197378093,-0.005648250242163366,-0.0074522037442017065
2024-02-09,-0.005507320539923227,-0.01728978514729171,0.006590368896482386,-0.005908277536873428,-0.017755952332945607,0.013900536322769259,0.015124568512524146,-0.010548874032688168,0.005151466351343439,0.002039570704188428,-0.0009721883997444855,0.03007895456606511,-0.010655879098670426,-0.009999402721923555,-0.005264427543922232,-0.020999225527179685,-0.0201687551935106,0.0015773487117332744,0.012924075139378674,0.014498741524289947,0.02189440957745065,-0.0017464857671894763,-0.008153507079232661,-0.015584154744996082,0.0050788502472756195,0.00938469807476383,-0.0037469582075044783,-0.007103393930460359,0.010468885860282665,0.016824046101819635,0.035337600147081615,-0.007698574369208455,-0.03771178382050278,-0.021021346155022044,-0.016161693846871057,0.006277277899462223,-0.000463684502756669,0.021519030804954334,-0.0007298074803103198,0.027256775333009138
2024-02-10,-0.0185351536489716,0.02301992010399666,0.007579858674285511,-0.017935484934736057,0.003977232933193962,-0.01379377274019038,0.01419782952204962,-0.012920373906382947,0.01839963565619369,0.010957297820739948,0.00242626282460307,-0.009816017631953755,0.007867622410562679,-0.014038966474433671,-0.026239890691939986,0.007242019412855844,-0.015457779588984775,-0.007077788655342277,-0.008397635364730798,0.004984362961929219,-0.01117570084361907,-0.0006375736816266943,-0.007286518313423836,0.023590361445122648,-0.029123070044794874,-0.011093995003150864,0.008947421781104031,-0.003532236159346121,-0.0006214630730279136,-0.00961825897304009,-0.0174821020029508,0.008997531782286228,-0.0003506527062649991,0.025699374127902776,-0.004140034620149988,-0.01180583990653808,0.028231632609232896,-0.009601518835845554,0.019515114239463605,0.007946992460889559
2024-02-11,0.021581925477183236,-0.0066059241393485145,-0.02564085949553884,-0.00913711565945799,0.015759059839638895,-0.012255816012221145,-0.01571785412493994,-0.005290049132113847,0.02079591481764968,0.006951038629207179,0.02925954585591308,0.010215071516987717,0.013716029820148232,-0.013058969921389689,-0.011575864884846666,-0.03586352772066225,0.0032074681059613857,-0.0032787825750387263,-0.007997040814757777,-0.0001391487798939698,0.006473020684760321,0.012779104193710788,-0.012756543661369562,0.01980611979357724,-0.006730835172515772,-0.011093187338409138,0.007077594384394719,-0.0003557963352550943,0.016601269722183933,-0.009291829762879572,0.01986727744838475,-0.0047766859576726575,-0.004165728866694805,-0.006693460365183573,0.008974321856464998,-0.00010467294313322461,0.00710612067731905,0.018610378757016932,0.011769844026829861,0.012414917324923537
2024-02-12,0.003155520814613509,-0.0013604479118869215,0.00015667501383396555,0.014120499448918872,0.015790178865700027,0.025517400435335697,-0.014608822414210134,-0.005586197419492253,0.004885551118541187,-0.014937431938189057,0.006814821810419884,-0.011743971239373192,0.016112041728401298,-0.009703813130730729,-0.0021115550569976165,0.018714673213628127,-0.018731239158044196,-0.014173592069487774,-0.014309851186443429,0.046056748163201225,0.005649355609714624,0.008002055341243472,-0.013078722889985652,-0.0049877128129076995,0.0064836362893072215,0.00822485844640907,-0.004562781173767728,-0.004822693412172101,-0.0017144875259758833,0.011217935937077959,0.016445352489554314,-0.0025338266298263598,0.004113976521512831,-0.013552611013088122,-0.01008457241122149,-0.023159347250874096,0.003915782590196181,-0.015901485836093087,0.0015903651603951293,0.009964824680005502
2024-02-13,0.008969799313309969,-0.010415712384560467,-1.0342886688981885e-05,-0.004913418844198152,-0.009193568916403489,0.025041939989255895,-0.011306264111307923,-0.015376956831806319,0.01080251603279603,0.011375213941634647,-0.0056867941421252805,-0.006330731046317196,-0.008911154769432888,0.005998001506896675,0.007045975537038975,-0.01345076366030341,0.010692801373873741,0.0031914641790390863,0.0010322022892697118,0.0005077782415867407,-0.00576543873805708,0.0024021821114999253,-0.018744875876562202,0.008855248326750968,0.009608914760650192,0.01771474692065303,-0.011119240272286288,0.007597851836311417,0.009864814726100578,0.040450448873407395,0.03295831556247513,-0.014008660898811151,0.0007779431567589957,-0.01206611974281207,-0.01263565402077422,0.007586967344882968,0.010194867326864884,-0.02313071467365606,-0.0016571602361304233,0.007440280404269596
2024-02-14,0.0008073000740591482,0.015548784280833998,0.01031162127475897,0.011077075864531459,-0.004058924664204102,-0.024932460134528767,0.002091313447588611,-0.01060482646310423,0.01205827879051841,-0.01122217596187232,-0.005046615021021727,0.01517720554098057,0.013227194815113506,0.00702265656406369,0.020284628883465012,0.024750722371653794,-0.011985565100687653,-0.016617374615274662,0.0011844692451480911,0.013227378169940223,-0.011409275236063455,-0.028707750434584067,-0.015472339815932976,-0.005036549664785004,0.003916186509763256,-0.0005215471526599138,-0.021735416287312542,-0.005611959544012118,0.023792339006904722,-0.006987528752362863,-0.006477666113934497,-0.012286773461295237,-0.035291288023395914,0.01803610488587928,0.0026643290101461595,0.013581652041198359,-0.0024100993047765982,-0.02159953792937891,0.0077729106190968355,0.003939946469034552
2024-02-15,0.009094062151771167,0.02684069266823455,-0.015227333076979276,0.006170142578143826,0.01540778826849125,0.007205390509199303,0.00040595664061991623,-0.025538408058674692,0.0021041879951431155,-0.004727024571990401,-0.009967462963506117,0.012469150675257234,0.00043073354264756174,-0.012711045737040178,0.012584324890421297,-0.0028993326127120704,0.006006261320976775,-0.012117163494910254,-0.008389969921573712,-0.019234569100943455,0.023836978017330417,0.0023030268365883243,-0.0019113929595293926,-0.010649533925784936,-0.007726128895962523,-0.01312024511806844,0.01860361490267676,0.026907730965531028,-0.015743208055847252,-0.0031879760185815507,-0.012419369041201861,0.008499207933421234,0.026280068434694166,-0.01473417660725473,-0.02251662185055502,-0.006082556935051702,0.001646764206051559,-0.031347018473786306,-0.02856363522721271,-0.0001863022615186357
2024-02-16,0.014949140631117163,0.019481949021665806,-0.007583761453335719,-0.009242011048009572,0.002381111501508459,0.01932643365358845,0.011041058963771342,-0.00018479276282564654,-0.0071239663260398815,0.012168008086157162,-0.005548357157655217,0.044696388414664716,0.011171542234195586,0.003551284417050355,0.023086821872932935,0.006938899614973402,0.03116397818422304,0.0032549011779240593,0.01378929857437211,0.0015984979107412612,0.00596001529638595,0.022817659097639307,-0.009516826474095193,0.01818297390592961,-0.0047183493352050115,-0.00240742905291928,-0.020066572920042363,0.004016348315523268,-0.005046389837581081,-0.007306335513390954,-0.028058367415896346,-0.012775340650676507,-0.012508424249835469,-0.020889423323573235,-0.011776798202113917,0.017027221587597768,-0.017760632928404366,-0.016297378668606578,0.0013641421848998802,0.0077563428303025015
2024-02-17,0.004317368133890888,0.0013105302939865435,-0.013023212238499433,0.03486266957300541,0.002277604835766033,-0.007182136660678882,0.012568672627038096,0.014075459058399839,0.03016999637039606,-0.003990758435800972,0.007598907903091336,-0.03248664482154875,-0.006582397814810882,0.022878295591398378,0.0025747597767714265,-0.015773322539053104,0.005627544989960098,0.013673709872043442,0.0021963151700902547,0.0008759807954466196,0.00681343576418722,0.012290528006017973,-0.03784202596972141,-0.011962535039610957,0.022142704870904417,-0.013672032364792796,0.017723874420738056,0.012620538133035833,-0.005959125343505388,0.00921936634400317,0.012596653329465923,-0.0028568767570050285,0.012690968634190681,0.00013201356676931757,-0.002555883458329757,0.015506820181188949,0.020541716075146144,0.013641222339016672,0.0016637028548937064,0.0247658017718789
2024-02-18,-0.01646024408536804,0.004081200124924326,0.007380508501237884,0.0032894994989203187,0.011722663976579608,-0.00892370799907276,-0.007038718259071186,-0.0394037396153993,-0.0006966559094200668,-0.0037750317490286736,-0.02075883901373723,-0.011219017022710635,-0.014056845749492857,-0.0037160501663466325,0.0051123538582741775,0.007311015120602227,-0.0029196017520558225,-0.004435280171290364,0.005699288782580176,0.010116860942202707,0.01776279297354165,-0.008344729146063566,-0.023788966082681683,0.03857496995901064,-0.004016510660684135,-0.015170176583477944,-0.010119343979461747,0.0013603449286038365,0.029702569900065503,0.024572584674103913,0.009064139792830227,-0.023326316619698303,0.00888983530011388,-0.01483465193761684,-0.0204749938863294,-3.9283955056992025e-05,-0.005223997862831068,0.017360205341729204,-0.022019169767702358,0.008122950337266215
2024-02-19,0.015571663072305914,-0.0034501436242370238,0.028636289535995715,-0.0006806770327720973,-0.012997075560328041,0.005135823428005717,-0.0037034329206636824,-0.007208825032492381,-0.008087153776680388,0.02579824096725743,0.013897849209699144,0.028408898661842544,-0.02035501685701596,-0.0011512666162718551,0.01441455711559608,0.020910755751168277,-0.009823134712679102,0.00742208815240929,-0.004342560411470525,-0.00099751018847456,0.013555327487064816,-0.009799615023400026,0.003935543325332797,-0.014346621135444337,-0.02586853150642274,-0.01968158554231325,-0.02028208088923347,-0.02260578596731544,0.019710759543976643,0.01082040472490465,0.004979226307985217,0.018078981272238722,0.0020940886774529575,0.01570191665160915,0.01667425524449735,0.010106531159102275,0.019400614120933343,-0.030590222896699777,0.011050105014938815,0.018440036734132536
2024-02-20,-0.029496787234176206,0.010119320198181644,0.0007511014213210496,-0.01423737430522752,0.011270012145403682,0.002449730643026252,-0.019800689940135625,0.005844077062774688,-0.007211488877833161,0.0016981987018810543,-0.029752331871578788,0.018490698833044557,-0.024515999982075813,-0.02157742108207478,0.030449007046252398,-0.010818547277718712,-0.0018542855874166997,0.019884041892766057,0.003981820882913644,0.02061507659403177,0.005919717954905699,-0.007147843126112108,0.006924067365631285,-0.0014745009973850067,0.0063085540195649565,-0.00814632372938207,0.006964337886527089,-0.021512699962148423,0.003470644070006389,-0.00042229943522850146,-0.019121207678141072,0.010378590629556194,0.0015018571079677243,0.024461768500626938,-0.019856682734056212,-0.002201999067908223,0.002407984724151449,0.006928527941119426,0.013210657313121432,0.0038212265249344844
2024-02-21,0.0007199694926768868,-0.015325900163092102,-0.0023342976162766004,0.008294351333953265,0.005315729066202651,-0.026624739734505836,0.042121910193561166,-0.01330979437854389,0.009774349285002404,-0.008844587881899579,0.011576665822710613,0.016267661504125387,-0.0011892445307350582,0.005025752759057204,-0.0024451583610555563,0.029237408505610962,-0.005996813270250442,-0.004875460621049162,-0.003964654717706215,0.023757532382006574,-0.0017545628558337883,-0.0018733227065584933,0.007352032176620402,-0.0009706250457831148,0.021713805305264754,0.0053211373291870735,0.004297876311768114,0.0028615657845831783,-0.0005601544973924931,-0.005788868591823126,-0.0010926524695973481,0.006291404421372318,-0.008651442636484166,0.01003452265132985,0.026025901934499496,-0.007811743220429834,0.012070809995969172,0.006587156049391463,0.002431195678190473,-0.014994972100219862
2024-02-22,0.007037356682656256,0.029078659350937064,-0.010917794010073412,0.012893657181629983,0.024802214682886403,0.005484141171367385,0.023376827232253,-0.012490647039719539,0.010029813691808628,0.016853626566512472,-0.0063518115721076015,0.020974674083288295,0.027676165954411858,0.0014347395514668492,-0.01591453866380977,0.019515950890398225,-0.013817138063237668,0.015223873180590665,0.008577120858782889,-0.02013781165310507,-0.005364680961540549,0.005774391657723709,-0.010282595455837734,-0.03190688072503351,-0.0012413055376695565,0.004472740322399853,0.004499685472304055,-0.0168138844403674,0.015811336527377286,-0.0014451226265213878,0.010660344867650044,-0.0031037482811734464,-0.008353988674546186,-0.009809210261368549,0.013697284484811124,0.0027369670817560215,0.027231840099001453,-0.00314357721447196,0.009570159337541354,-0.021265698270955858
2024-02-23,-0.0072787899442622265,0.020313341761236024,-0.0049352710662366375,-0.011444182538426807,0.01287736090747031,-0.012010299948638198,-0.008760880054754151,-0.015954902954306432,0.0002467460904197498,-0.02191792519106659,0.022326457146150086,-0.012301286798193579,0.0036664158092877524,-0.012298953304264662,0.022363043240732815,0.0010130432545013561,-0.00020350293082221254,-0.03999507157156593,-0.02229530822880779,-0.016100341738791654,-0.017259704066684246,-0.012605948263290012,0.008510085359068952,-0.0020282023164069777,-0.019312246187031024,0.016551761651616988,-0.012642787702698978,0.004378675943865951,-0.010212809101473899,-0.007016560838360952,0.004468793047081672,0.02090481705155317,0.00986894421572254,0.005030497199220402,-0.0005529735379700158,0.009438345425425152,-0.029204575479528188,0.01359485813693895,0.01665303528531645,-0.003870504918311496
2024-02-24,-0.012563895593798438,0.03125464931848601,-0.015156419624711828,-0.01300651276547401,0.01859842431393093,-0.007521850605149568,-0.02305129642515642,-0.008529826876994178,-0.005195672355092338,-0.016881148665091564,0.029114684859380614,0.01597539503965691,-0.016460563112973448,-0.007986410156479338,0.0028656275955345036,0.015076458301688293,-0.0007657015982697937,-0.005287725674019578,0.008183762628029195,0.004359015020185902,0.020533035010327917,0.0023046459156868893,0.0052085061479799095,-0.008117263966164783,0.004536057510452976,8.884630103179867e-05,0.001671879458018885,0.014774936525144073,0.038071876953397164,-0.027567662765631818,0.003303506326199088,0.018488041678359057,0.019331455074649468,0.006706771906861362,0.010228985662699787,0.015681153599979333,0.01729817081144585,0.017084582083068796,0.007743514974434339,0.0028683936101111937
2024-02-25,-0.0005247613874414397,-0.009314835984957704,-0.013197900120628275,-0.038397591637750986,0.0068119992817102844,0.015035342961881843,-0.018738214159729257,0.016058635920447057,0.006078407482739931,-0.009061569046363988,0.0003802121805390119,0.0025531403005370815,0.008811537727028494,0.012158409407976254,0.015904981224280808,-0.0036628484062001232,-0.0011401159448754543,-0.0032749639567047086,0.009128135421304126,-0.02990265192041068,-0.0011710665863180595,-0.010862047323592344,0.03380999917885431,0.005298501278192898,0.011326731051140569,0.01895361235607996,0.017130322715667768,0.026348022649094437,-0.02306972555918233,0.012123328470818658,0.016065401386335425,0.012641146411510169,-0.011018833025902725,-0.022898032310943714,0.008661277552236462,-0.00011271235546693144,-0.005301218665409682,0.0008884846809176106,0.013053515045122796,0.002217207261809757
2024-02-26,-0.018895887395571544,-0.012057679010827417,0.0032355522604544324,0.016071560230380637,-0.0035206078581282393,-0.0006327555627797133,-0.012707627422981038,0.0063748434471762785,0.004611083171292803,0.002459976474538729,0.007180697148970868,-0.00815565780252375,-0.007719444168517116,0.008575162589522031,-0.00013469481415390064,0.025499061023635018,0.009381672414718533,-0.004989051759309219,0.023013812592492536,0.0026222185887227146,0.010619960627581863,-0.011326358075324276,0.0040741820325784096,0.026026108351745347,0.018591264936882446,-0.004856652996454968,0.01529772043036725,-0.0120967931670077,-0.019461698366228627,-0.006703794032471724,0.016695629922610925,0.00021594945373924372,0.00027567107269989136,-0.0013431342145936696,-0.04200861054824218,-0.013826766150973568,-0.008622568822043273,0.002177586829472923,0.0005015424377534435,-0.00710505641251644
2024-02-27,0.00361279584475558,-0.0077547262876873635,0.015086227357397381,-0.010964508549071805,0.02339853803231261,0.009841788990253756,0.02735267516671143,-0.020481453759985516,-0.008691227588606177,0.02859084565269393,-0.009485841490097081,-0.0007842426106986311,0.033568116381307155,0.016380506175899662,0.01615640334765573,0.018591931456869236,0.012450882977632057,0.017368441423345152,0.003327577607479867,-0.0031848542274689313,-0.004311279440206289,0.012002816295514817,0.006511944690497755,0.02037001749323102,0.012442957064706517,-0.0014105034044140667,-0.010953185447362956,0.020029770763013877,0.0017568420890702685,-0.006822054582997804,0.024662055366669055,0.03204777185484753,0.012073778244718817,-0.0019192572382214917,0.016982061518463907,0.019577422526828255,-0.004211522136160658,0.0005467153858307563,-0.028641511145850253,-0.004068376909983072
2024-02-28,-0.00029934711728519083,0.013014453027242452,0.008458414479863173,-0.002916453035616818,0.007634749306365126,-0.02250038368325926,0.010140825232963026,-0.013082526351281659,0.013260834966340538,0.006312869505905394,0.03301567918619631,0.0067654552110819575,1.1283906941865311e-05,-0.011877880532017208,0.01147526886794262,0.03695087312006227,0.01384678689323078,0.014119394749986485,0.0014920642952391532,0.007666781728146629,-0.022207462565873658,-0.011783758388912184,0.025644894714225923,0.0021582826353421826,0.016564908182116343,-0.00329838484174626,0.028041378114095544,-0.014463539569552401,0.013342405951186406,-0.0020201620610443474,0.017508739840400855,0.007995319425742914,0.036881013607500304,0.027220743863341314,0.0016809224187974104,0.014965064837449261,0.007681475487858918,0.009274997097290351,-0.0033202360571665643,0.00854957737119556
2024-02-29,-0.00869587130494381,-0.009611598035856228,0.0026924042330152393,0.0017322116531224582,0.016443803650242565,-0.003439151392301136,0.0074721683633531995,-0.0016233754657205518,0.0028548040045776628,-0.007385054621871383,0.006173911408937931,-0.004142605156907847,-0.019934734877539183,-0.019948170387359347,-0.010219260250593984,0.01660847243912621,0.004630348449494523,-0.005532258815522252,-0.005955505827359847,-0.03378207437595199,-0.03213329399350686,-0.007772981413769042,-0.0067076519611718784,0.005935200362094167,0.005072635639195203,-0.003307287685367426,0.000667674340570016,-0.017724737665171873,-0.006762435018698748,-0.007038754564115866,0.008665159711118994,0.004237018671584159,-0.006915704355908643,0.00420978105245326,0.004782500936295002,0.024300538876105445,0.0054365998591024735,-0.010670763238237334,0.0385983836166717,0.002813000760308423
2024-03-01,-0.0011571197233829775,0.00736092448728581,-0.005928872309762074,0.01436538518823991,-0.0010024125510517373,-0.026820349978665736,-0.011389241398018285,0.0014587446002342886,-0.005784086736542432,-0.014831896493060536,-0.008691164517097007,-0.005603697470338186,-0.009288358287470188,-0.016481023649930475,0.015224895168662376,-0.008977053974391146,0.011391192580181205,0.009616075425083918,-0.019468445391564535,0.00510052300079393,0.0019080556316506472,0.00639325704002538,0.016976756723025357,-0.026746025092595032,-0.0006466937196805624,0.006656243114722521,-0.014865718565388836,0.010363608419330228,0.029798894608061673,4.381429696641916e-05,0.0035703384980297057,-0.009431167086686404,0.037182169167189236,-0.0068922465653256815,-0.023826410826295014,0.015871360318198992,-0.00509564956287599,0.006741562418108983,-0.008458864349992209,0.008427296921727298
2024-03-02,-0.002747292185580882,-0.010672122108873146,-0.0005427906091650557,0.0047298273789760335,0.027290218855534877,-0.0306847308462764,0.0044522490900084435,0.0015393455856048187,-0.007102128588366013,-0.004293488906733723,0.012147578804996862,0.0056393753977001995,-0.010850706795399666,0.0014174872570731686,-0.007492778863683318,0.017472191970753396,-0.0030461160932243854,-0.014131283652651871,0.017042545793633044,-0.017147711769002812,0.008004990344535605,0.0010640033431875708,-0.013240413687628962,-0.010565415641224835,-0.0007941156251454104,-0.0004628150591806701,-0.00024363824087302456,-0.02037360912182357,0.021089884555334008,0.02479045008203912,0.013015679240833685,0.0168676223704319,0.000813751933054372,0.008364233631620269,-0.011878826434650649,-0.005397115646205184,-0.02094256870843651,0.005410274713471417,0.003600386857530161,-0.012383046705376202
2024-03-03,-0.0002876597131073364,0.0023458915273226674,-0.009953272867509308,0.0015115316404847765,0.016484448950424748,0.010419042834364968,0.018481998976024424,-0.008153317257177252,-0.0014142074407020434,-0.02144645548460957,-0.007251728828483621,-0.012004077073478866,0.020005089907610157,0.014401416257577496,0.003981558877881441,-0.021643084231204427,0.022166525203143637,0.016098191112527693,-0.0011413955091729925,-0.011965196531323668,0.01490859291301558,0.002643633714362603,0.023069926058339973,-0.01878236818619383,0.007603386113278878,0.01378131449104906,0.021827335456814815,-0.012636718062072094,-0.0015319695415245364,-0.005933795815865769,-0.013963803578200713,-0.028191756557001783,-0.006904342677543012,-0.010995243167316605,-0.005635043782335517,0.01306630133541193,-0.022382125019457216,-0.005983015769899371,0.021843056023753856,-0.005175952893662053
2024-03-04,-0.003858922975560354,0.009239491882641018,0.0037944677288467054,0.014407305950613656,-0.03585293297034411,0.0024265580080368556,0.008194464248124218,0.0071620841851781965,-0.02126732087749155,0.03357077661672903,0.030490381393263936,0.0017020921389304135,0.006203764643861824,-0.005224924539399529,-0.014304000827959648,-0.009313962959870543,-0.019036172166170276,-0.00819354864935599,-0.010496171851986218,0.006391625727380442,0.002941992535229219,-0.0003750560510939906,0.026625914646238348,0.02366741361602426,0.0009464250089423375,0.0023265558577467305,0.005120477908539502,-0.012377766908057364,0.014360584473554603,0.028050621161796453,0.0033623183744033404,0.0021602920210217684,-0.014506336151751295,-0.01931784941438436,-0.014058776178882102,0.0003643918239157897,0.011531922319882894,0.01680133099906723,-0.011480215236661146,0.0005027709737386608
2024-03-05,-0.024490877729710748,-0.026327617833863684,-0.0027727808647536084,0.0013639066671800163,-0.018293530356198403,-0.02387756314498608,0.003938248181217161,-0.0012115149133997338,-0.007548016783060347,0.012770347290559812,0.015998934617544137,-0.011693960327314743,0.013646867320862038,0.00930398960298939,-0.03839442174446499,0.008171266472656653,0.005793031122923981,-0.015540761462713226,0.016676190230942932,0.007802415826779161,0.0012027190754656815,-0.005608463050256534,0.011691367318647058,0.019389280054262964,-0.0005775600805198479,0.000532670159978292,-0.003859588850499022,-0.020112873997028727,0.005803757473229362,0.021029063973179433,-0.012056991010273322,0.01628250865790302,-0.012683402602337362,0.019169056009585808,-0.018594995050120734,0.016883588913148246,-0.0011010653888172731,0.006187354792157753,0.0018447788761703384,-0.0002730905355771803
2024-03-06,-0.0235471517246383,-0.008456551045939035,0.00493070522783556,0.00888960863766361,0.0078710217609658,0.01611002825530257,0.01616460319414359,-0.009943681794289543,0.0012820924096705768,-0.008526159136162571,0.002280292194049108,0.019120859267442846,-0.0022411590440923053,0.018832693319608348,-0.017747242291532513,0.004833315747924527,-0.0045507536178695605,-0.013507965593753737,0.014541188999116746,-0.004536984528055569,-0.007017519302823801,-0.021094417465893495,0.012117725686445313,0.0035409285737632375,0.03345104722798419,0.0067535976619485585,0.019480183232423634,-0.014344499244976107,0.014477805292866578,-0.022502863123151293,-0.028799344434312323,0.004846058312340137,0.003135364682691708,0.013460310849918378,0.01088417871081753,-0.009515031347313267,0.004594634552965536,0.012313496692045088,0.011810059739931888,0.011915755143907018
2024-03-07,0.009610182670468174,0.006519205397629294,-0.020287599762676804,-0.00618959368938366,0.0024034034415846353,0.0032453524990028373,0.027225311351227462,0.004070302192742301,0.0008376314379085111,0.010202554494456475,0.0005058668982938924,-0.007506663779019944,-0.01039483033787667,-0.011858345313021046,0.022598545689043494,-0.00579492329533699,-0.0030227328556354243,0.003838041345666233,0.0010347016846647906,0.017471315819669733,0.00015218909054562368,0.007394558421820666,-0.006864789081125878,-0.013180150103481005,0.023852890676111342,0.02433965649630284,0.003908685115141025,0.003334748241499023,0.010764276542410106,0.002427623299322749,-0.017344994522002954,0.012580466871262855,0.020049011953283243,-0.00647204398020495,-0.0037056543130796504,0.021281609659078986,0.001112581129155456,-0.015217850633344326,-0.022618572103129172,-0.0033611368854864925
2024-03-08,0.0021606046031056327,0.005151061508468169,0.017213991793050415,0.0013603827189503158,0.005519852134681201,-8.112549348527178e-05,-0.020081316050520638,-0.008448598022544745,-0.012629329078930225,0.028696921349772156,-0.0026075959004839915,0.009271625501204963,-0.01613329332321463,-0.01642228817460799,-0.021665842505399217,-0.01147106866810839,-0.0009163925335000428,0.010429980572840234,0.02377638469798884,0.010883007037459466,-0.006574738667948995,0.02950208423006384,-0.008273449383896382,-0.005849534309588809,0.002915432245638736,-0.0018924661289425916,-0.012293044539362821,0.013575805146741364,0.017195216861358102,-0.011700691330379756,-0.0012929354418926742,0.022589236879952616,0.0052843522361383215,-0.0060952493435240725,-0.0008230567123313653,-0.012762528748373018,-0.00835253734088606,0.00541388418222415,0.006833786736012742,-0.008484936016820224
2024-03-09,0.00495179143776271,-0.010610219490499158,0.020420189248440718,0.019072502970968717,0.02925507739505876,0.0015367623633622323,-0.014514239944934275,-0.02692541683259105,-0.018925172928850653,0.01585247722660576,0.028527601843260593,-0.0043314980027675965,-0.004736434013327611,0.020269445031544965,-0.023809665337860032,0.00828793721715517,-0.0005779873365115372,-0.008257333246399028,0.001968859333341547,-0.020602093886970457,-0.010108220670800982,-0.003671967138348758,-0.013684589882053705,0.0033589386332746217,-0.0065419011469904816,-0.005957694573918383,0.011868557794841791,-0.014552312625028917,0.0017056709321735177,-0.0024516155889452345,-0.008538870300757723,-0.005262000568288851,-0.007674534359990014,-0.02836217236083687,0.011982833574974311,-0.004165904854875557,-0.002924836108852049,-0.024862456905570228,-0.007158480672498524,-0.004851466643363198
2024-03-10,0.02223808257378275,-0.004910676954688727,-0.008516081953240419,-0.011900539631057335,-0.011069543391773198,-0.01716793309172208,-0.0037563520576853224,0.017745788517768157,0.024242924976591612,-0.005548211512987532,-0.002489084063104189,0.041010153245245554,0.009503004764923327,-0.004680935093168555,0.02837765217382595,0.005203613523364726,0.005138954135828398,-0.019810533660198058,0.004417763097065571,-0.015537563177042735,-0.00823900419090416,-0.011311672488759415,-0.00348818197151475,-0.006058800417113441,0.0035897470952816683,0.0025871312743869705,0.01158795667149094,-0.0017592513019322963,0.01943419846737193,0.010099491936585435,-0.00797260945790875,0.011883403460052597,0.01696882031577928,-0.0069812853142946114,0.016612321181078242,0.01681710788982041,0.027800774723337612,-0.01997221160386282,0.016241997259888535,0.018104979716143808
2024-03-11,0.002836301302873322,0.00241254479795964,-0.016577658776098618,-0.019564809334980837,-0.009653960079514556,-0.002838510269320253,0.01201124728796727,-0.02048072812959903,-0.003533527560582559,0.00336912143479814,0.010276264233265673,0.005779137526346175,0.015964256981077944,0.0031654106028919655,0.00402174462897964,-0.014437961350241913,0.0061180380237794655,0.008178678825605782,-0.0012005911385804824,-0.002336095173600331,-0.021254762783744927,0.0011865080389218893,0.018835506768567264,-0.001364249471464319,-0.031455630732216515,0.02419404816399178,-0.001100367560174194,0.013758201219097039,-0.008048163050998704,-0.0100328153895196,-0.030668340704697025,0.002967997243775717,-0.010895090380059402,-0.016620293525711767,0.011355616974124867,-0.022018470980116334,-0.009067681520936234,0.005184685339682039,-0.00019140599633972162,0.0030936133466222876
2024-03-12,0.011922627769483931,0.00714118608889768,-0.011940386666536889,0.000370547127135231,0.0018744695450253887,-0.01615461573790878,-0.01413874185690353,0.032105627818177634,0.020226278258247982,0.010220281484784937,-0.0010411148613509713,0.026334061680613013,0.006344559708894932,-0.0066467275909968156,0.009720185687346459,-0.010866152910242692,0.014115103428165495,0.0073812817424666315,-0.009929030792645259,-0.014305637656359423,0.009300128188373221,0.011498152657178393,-0.002929767250082126,0.019165728653186283,0.005114994093180891,-0.013514293545093394,0.018850839165428172,-0.011533769761417354,0.006784595655463648,0.010902122573505169,-0.005998246157429178,0.012360769595441783,0.012444917452960521,0.0004895463885964101,0.011930353425963446,-0.00960121851439031,-0.011388923331847671,-0.019701803338730485,-0.002381169293416909,-0.03291705153325877
2024-03-13,0.013717198046440532,0.03563404320112957,-0.017389240460565114,0.0004388519659926524,-0.006282879596396184,0.0017196649778715234,0.005597070657500076,0.004831612106589183,0.005525933482795696,0.02242867982091412,0.007526435537556447,-0.008214609592238832,-0.0012697759070663937,0.004681636538164842,0.005883577882610458,-0.026227705805105164,-0.029844178852931794,0.006469519346714317,-0.0013845799019947987,-0.007414599991137822,-0.013465185793560482,0.01558690981496413,-0.0120836284756199,-0.021168859490924494,0.0018312676335517067,0.0010811106627107003,0.019330925069699988,-0.004553104504343493,-0.0023405143597371326,-0.0010185393800465573,0.003040591802171314,-0.0033191085767297493,0.002981152622173992,-0.02951731019285448,-0.04251338554412106,0.014440920555966142,0.013848853601506865,-0.01841761082601925,0.007973336834281664,-0.004305812633965232
2024-03-14,0.014581753355070263,-0.006553007451403706,-0.010432374982962308,0.007079964259184978,-0.03484792201106174,0.02433601903893934,-0.01705997365918121,0.0033451673048116664,0.011238816070206097,0.02469996632429919,-0.028892951755084016,-0.012647393436867153,0.004437585804252275,0.002338153914788822,-0.0022150263151763713,-0.008221779237813002,-0.010414631889460511,0.018693447006909943,-0.003503933388437482,0.014320551379496687,0.00228760539173968,0.0038042685666352764,-0.01284970436496344,0.009605442013771294,0.021311446908647926,0.0006673964451116366,0.019216815694779642,-0.01847121976835014,0.011740131087601184,-0.021555217010361335,0.001375906291374561,0.02352554784101408,-0.007686995025415956,-0.002850418817849224,0.012659164282061892,0.007477033534897107,0.0264580286842806,-0.024869961660043495,0.0071103679128478765,0.012341846096829714
2024-03-15,0.0081420532375488,-0.02172658514841572,0.00705775111136636,0.007105696720463427,-0.0038736408504188437,-0.030166118112092945,-0.02035224738584278,0.010665673834705366,-0.018353239995643787,0.0240794459981608,0.005009659251278952,-0.023419618523755358,0.017453516824626217,-0.012797499550351976,0.00821502335255814,-0.0034018095985255846,0.01754706360727686,-0.01677397923990418,0.004727447328996503,-0.01596267443336255,0.02750214344766031,-0.01101904729837626,-0.01951158378416997,0.010132421620201492,-0.011478559000987768,0.001637916346612645,0.0014822061797910954,-0.012058244571070966,-0.012749288396852111,-0.03382069509734361,-0.013297131678900722,-0.005021251167247973,-0.02271677580026481,0.005667230462630906,-0.000919525523770197,0.00331206088380098,-0.0018169658508115165,0.02631822970412926,-0.0015379326277529413,0.006637383843411596
2024-03-16,0.012571466029030948,-0.008547311305158399,-0.01084280002063122,0.006494819724998338,-0.0025274492433323852,-0.005413249765513524,0.01333434901276375,-0.004883692167737588,0.0027315852814828786,0.007882308529341374,-0.0015011010953746517,-0.008503885730364391,0.018931479304678558,0.00587542526489495,-0.009002321556031432,0.02456347097187712,0.024368153262966492,-0.0010119409941340186,0.02624576012658865,-0.00256003657600331,-0.015561813519799815,-0.007978963381389972,0.0026031578678966548,-0.0016588072535476941,0.0006079539398567377,-0.0060992817848336215,0.0017631443994913182,0.034364006403828404,-0.012355534046450163,0.0024493799651749797,-0.011533720071199427,-0.0010657441125823907,0.017244464802911103,-0.013758371822898859,0.011715402775634728,0.006327459452806054,-0.012508962354945021,-0.029113951911388415,-0.0032836734026819563,0.010116018678375747
2024-03-17,-0.014215907446037674,-0.0018655230678374683,-0.020354333060397738,0.014900363179809724,-0.02471713889505778,-0.010363484430458763,0.006707552533510429,-0.004486860055368601,-0.017224931168423708,0.005922140256262795,0.005263024373822931,-0.00864487351198484,0.01225910033593241,-0.007935280668782973,-0.009248816414744019,0.01816494492643038,0.005803679482416795,0.014296190130930829,-0.01286685529267442,-0.0031641362390844117,0.017143213400446323,0.01168114936952712,-0.008920273687539865,0.02808009815469966,-0.006973527723918151,0.018708133776100946,-0.005380256010618549,-0.026824297605388986,0.0018385410962790567,0.017454766212817142,0.009428729966400713,0.015016703329032698,-0.017375446582203437,0.01552988488043376,-0.02631557153345998,-0.02962909965619631,0.0008491274284402947,-0.0024967860147830623,0.00738661862818208,0.01474570068888942
2024-03-18,0.02474994187549769,-0.008692758287792675,0.0025538382333414743,0.005542466741380691,0.011971099442245866,-0.006533054442268871,2.8244519512873444e-05,-0.01896822605099081,0.021451615175865364,-0.024802134133042546,-0.0002028985991111143,0.011956542871140272,0.012286743567309556,-0.011714657026434115,0.006001627219409505,-0.0022748249219611823,0.03529782771724526,0.0035120547744651944,-0.0020950905734105863,0.005338483755603323,-0.0026743321351430506,-0.002598662792958261,-0.015226075020030327,-0.006223480310597742,-0.02824186742812616,-0.020610497555149855,0.02532508127779641,-0.0016658950562274256,0.031779108344763,-0.006850827362047521,-0.01642846859048791,0.029376008283412833,-0.011882100061544184,0.004686861416425839,0.008940226720505998,-0.00931568803830961,0.00816747544016675,0.015343337033206726,0.009261318417572337,0.0034679612793229796
2024-03-19,-0.012735929948031757,-0.015013202797582373,0.012104159335536201,-0.0017497632759843483,0.0036775798655631128,0.04007192270463268,-0.011961528337404662,0.0031255482859928545,-0.00864250541198225,-0.009233468638214825,-0.0030162476061277406,0.008403710907550408,0.010688393291271409,0.014870068643495694,0.038080408906309746,-0.01928101439333654,0.02643782415978502,0.012903932047809881,-0.003308769309145993,-0.002956040496742907,-0.00781685279039397,-0.0035517310399344787,-0.003594583062950175,0.011210379338796558,0.009850937255289976,-0.018888276556900323,0.024537083873550778,-0.0038228376911025315,-0.012689415115532255,0.008152901844581123,0.002755493825392791,0.017722762622106005,0.015010732705759743,0.01102373672658058,-0.020275652977274537,-0.020455602550334684,-0.02036989335296828,0.012885476935441629,-0.00017562805149203367,0.0031728952298968123
2024-03-20,-0.00524734620786103,0.030497918348279453,0.01423933120362311,-0.0022831529102185304,-0.01235845464591659,-0.0016313312944655324,0.0014506718864175938,0.0018165325399464919,0.016740828211128562,0.011240492325979751,0.008983503274391855,0.02098963319275629,0.01193408663950293,0.029158160394508182,0.010912198955885041,0.01064182098060446,0.006573970027703364,-0.004150961566848998,-0.0060570247138093235,-0.009031415571146208,0.010251325499573697,0.0002286529880061435,0.018584216034845315,0.010945458937003756,-0.0005052621630785028,-0.01272738038173363,-0.0007995507833919748,0.013694651292259928,-0.010110770775324907,0.03149124879486527,0.019748692169518422,0.005183279257245658,-0.0032586150574676663,0.0086403198546679,-0.006790448331187159,0.0020130920289599275,0.012475657779531142,0.021783419079369187,0.002472237835958281,-0.013274912893185232
2024-03-21,0.015613540288261344,0.010548005362155053,-0.02148924121928254,0.024185488854730815,-0.021389423054972084,-0.009544225990986243,-0.00961403379636463,0.005045688145419041,-0.019050323900796848,0.012670961313249449,-0.012967605166490103,-0.003706066399472138,0.000900123778152577,-0.020987746108450125,0.0333323112506305,-0.02061646756470283,-0.017479694527230073,0.02054887927241949,-0.013381287342317728,-0.015083537115751021,-0.01409233215769517,-0.0008514516260713951,0.006333901963632706,0.002798384088651465,0.012238018802620902,0.020208963104708374,-0.0036063077372442327,-0.01585968294150525,0.023968093028135094,0.009414991703412609,-0.003963983084957009,-0.003946864345460117,-0.00807898340541687,0.005083578482335996,-0.014437195612547544,0.01002282756981228,0.004781173596677688,0.01275237767399168,-0.015478514706947954,-0.026526947513668384
2024-03-22,0.004802828184848654,0.011854241454931785,0.005119538690989125,-0.011513357787287463,0.01985548456006074,-0.009343300906607383,0.014053956227609686,0.006447479741453667,-0.0012928025351534632,-0.00037527803521986104,0.010102696172501585,-0.013322074384000899,-0.001256378598962514,-0.019847872579009777,-0.03846209401928736,-0.026442964765362686,-0.009637422353143422,-0.007985999865142833,-0.012105394847599593,0.0074829317095961925,0.012883507028557058,0.013051508153287808,-0.031788497932844606,0.017494546022430637,-0.017413231870568674,-0.01682535772332928,0.022771522831473684,0.007012025823217367,0.01634093596728647,-0.0058905404241845205,0.012312125081763688,-0.01862448213458891,-0.007419156177783189,-0.0077387110710067895,-0.0016760400948126592,0.0037660865630497627,-0.02398873436175779,0.004580611874893505,0.030512526336757776,0.0029614917360975424
2024-03-23,-0.025693759904912933,-0.01709741594386127,0.029933073053079143,-0.021535323603032033,-0.03205940896014711,-0.003987345963766398,0.006547174980625433,0.00014222508688417938,-0.018109522377879213,0.030406206247994866,0.003366242110341275,0.001606114493533582,-0.009095759773054095,-0.005957094855548604,-0.0023936137308692806,-0.0257098540282411,0.006683301078730377,-0.01796071959292893,-0.027989709685403933,0.02785828606156608,-0.01352420934401405,0.02258187539493127,0.0003656231095413476,-0.0030987776369067782,-0.00047004257340801405,0.005370610117496162,0.01714075595683092,-0.012275303133534709,-0.010401281427711576,-0.007128890841398262,-0.007612141863219509,0.020115624611254497,-0.006024266920331266,0.007892262052148862,-5.007389902623983e-06,0.0020965008990748843,-0.0028214053453033227,0.004662700682844674,0.02972427730120742,-0.007276111133563039
2024-03-24,-0.016751500596893676,0.027672464984250453,-0.008780601659396758,-0.007809957442232739,0.009805456596727283,0.0030491189845858933,7.225235113583403e-05,0.02309295865186636,0.01652159854610966,0.008877234504281567,-0.0014923146053557991,0.016201770962007693,0.007778879007542669,-0.005490431442728818,-0.0007589761028218649,0.026449638549341906,0.009331777702489078,-0.01711599181304472,0.0392099525060729,0.01256461979430863,-0.007367622045537304,0.008688163656843037,-0.002715110509266378,-0.011446475842685315,-0.00679255885150876,0.00019184688413897473,0.013664090657974947,-0.0029245246819043567,0.022467518352448687,0.006021081792394047,-0.02480336555797725,0.018133602045677703,-0.00482472737802484,-0.009168543855428068,-0.00252963726536882,-0.0035579392017155357,-0.0015745370178671158,0.0022199665692812344,0.0032398986726142076,0.005588878759474378
2024-03-25,0.004409882465236164,0.018802206182784043,-0.03692770910792508,-0.013634356273517598,0.03400953396784252,0.00044785151425112533,0.014483794315383899,-0.001724446099844628,0.007003715781964142,-0.0025162647068972493,0.016129798213061382,-0.0014539962859153777,-0.01135521642465048,0.004158671849146242,-0.011545487041019993,-0.008201342597797605,-0.010440261193021256,-0.009943425590424082,0.014919994334087522,0.012004983037566981,0.026423476442361978,0.0033731756851096335,-0.013142322795390229,-0.0008590092455086429,-0.012119484609947771,-0.029373407625599937,0.009604280596924291,-0.004559827997189878,0.010812914415758936,-0.025088459662704322,-0.006674742277268204,-0.01974092230688609,0.03734195498487086,-0.0010210399254322832,-0.0008460539297689782,-0.00841450296905685,0.006032352775042405,-0.0005200777867174799,0.029971331855482806,0.04012040320618348
2024-03-26,0.040140904103201584,0.021057737198826188,-0.0018395707500804782,-0.03551470324455722,0.025933004618497995,-0.0051603776469392425,-0.005691279827193169,0.002226623690817992,-0.005868129399338923,-0.017145890760975776,0.005327909269703458,0.022911700694759483,0.0031273660686038725,-0.011023101803574891,4.6907876423335764e-05,0.028917461515554396,-0.01807076009065148,-0.0023666385441028894,0.022743641071255507,-0.022095498378421265,-0.024964799520967307,0.02429011185285818,0.02299771054526966,0.00627867703549341,0.00943249138676324,-0.006492321204517015,-0.0008318381048772971,0.004967875653503612,0.03363254128235622,-0.021067721350310292,-0.008061123381830213,-0.02236600368141885,0.005595945552866126,-0.013141480064764482,-0.01966824171525045,-0.005201918343281769,0.01695263128233185,-0.004420182390777998,-0.00037215514995061214,0.0376403971804026
2024-03-27,0.010859935961780916,0.025611001819002704,-0.002747822464382792,-0.028824292170371826,0.0057667367380851,-0.009745128388458112,-0.0007371183115011759,0.015301495256399683,-0.0035299439318346687,0.03397084957863557,0.01958779673161884,0.025053897719126694,0.044425303383009006,-0.010172657627318291,0.001211503395629504,-0.007050772049155756,0.02139403245137298,-0.015449256532297412,0.003637130961918294,-0.024446328859856096,0.03229786731636174,-0.016318508837073694,0.006217045378919088,0.015726460384509932,-0.008932821607202636,0.0006879414710199398,-0.004800056008847496,0.010109955435429514,0.014259648798887983,-0.014810518446942079,-0.015885957535898294,0.014260145209489969,-0.014865018481412692,-0.019071326159918252,-0.016455978302268113,0.019210789084827318,0.002544751191583021,0.007114953695812644,0.00461286611106484,0.020207731966459162
2024-03-28,-0.022210814908016623,-0.018724299377101676,0.027041838249462682,-0.0037986725261362404,0.013253308695920738,-0.013231571375463684,0.0015417146456384602,0.00970445072550324,-0.005250455097952935,-0.009835174231755422,-0.01297400847223255,-0.0044586625684312625,0.016495250727523794,0.02181370245426225,-0.01603126972199785,0.0022664942236661975,0.003272262346969879,0.007901184210110414,-0.0017134954362760671,-0.005900174233798726,-0.01169171923071571,0.02522370134418628,0.023428223473682654,-0.005492546447700782,0.012447035346788081,-0.027898981232249192,0.00979304534823943,0.0051892320554707844,0.0009558907541528435,-0.006977594945305015,-0.0035791517360051956,0.012280367987258662,-0.011387683053556455,0.022512409723325102,-0.01132567747898856,0.012417149574825478,0.01023512316009629,0.01205418937246638,-0.002209963229346674,-0.01548103520108178
2024-03-29,0.008357044594129101,-0.01259563945594498,-0.0008450367669425984,-0.007459464578098259,0.002728546511197312,0.018689914576419615,0.004794240757280093,-0.01311338243171981,-0.01137079692649249,-0.002355471866784161,0.01706276655078957,-0.026454791492941818,0.014915831763926652,-0.0006843590712434999,0.0010689503227046026,-0.02277568123573047,-0.011951585869444874,0.001410291785931338,0.0007061477165757721,0.0023409946365466065,0.0020220040131220572,0.006284105802597122,0.0192059009202679,-0.0012933770935486047,-0.004340337076111148,-0.015343612828524852,0.013637137807336379,-0.013887439859620801,0.008650974298317474,-0.004129539114283046,-0.017264889333276235,0.052534145150156454,0.021843427281085882,-0.0033659109029414163,0.00808450866995932,-0.016746389262547814,-0.01112480543200396,0.017580353842378004,-0.00476785031560277,-0.024605717332501824
2024-03-30,0.020230331431670856,-0.00027199328926073494,0.009458102768319904,0.00767609881355159,0.021652616259079428,-9.630405956770197e-05,-0.008782002505102946,0.0009916355543194073,-0.01586889406388765,0.009242714781760844,0.008680804964106476,-0.033350446639534057,0.008467759554900743,-0.02720521452104755,-0.005315724597196838,-0.01625259786648416,-0.007446190064958658,-0.008605925721799173,0.007548161950352156,-0.007377190419906371,-0.005000897355391196,-0.020840791718939704,0.0008822826799875816,0.0038622744045280666,0.0012479707014188062,0.01846971071815756,-0.010567805308802603,0.013638975299821974,-0.004822393430654364,0.012273782689894196,0.0016942710755079575,0.005009369018489671,0.0044992280442348875,0.0024302881660429225,0.0001001832474679308,0.01929729556811738,-0.018036565618767937,-0.0041304230434150106,-0.010724941765344024,0.008878526443555107
2024-03-31,0.010098095886227119,0.03093865889785101,0.020696756092997308,-0.008589649874159921,0.010629925195092866,-0.001831081641580809,-0.025871239500088326,0.02194172890343151,0.001942682884284184,-0.01723460307572164,-0.011428502370950932,0.008671289966374052,-5.591640416867643e-05,-0.008343153931098924,-0.006279123000956437,-0.01723813679875846,0.0001941835035756734,-0.02644678577559835,0.021467425385395117,0.016114989138553307,-0.005777581453288697,0.007428283155317692,-0.01551932074783842,-0.008750901221367548,0.009515865762791557,-0.02231783033025193,0.004898168176176066,-0.0038744777927271,0.005700921821332545,-0.0245386252396576,0.005584010864575283,-0.006661622312227805,0.019828813090319457,-0.016938120148378605,-0.018180282491250865,0.002158312310971246,-0.0023859028861178536,0.0007622276914467478,0.0022264686842294406,-0.0282283720050096
2024-04-01,-0.015423848729888674,0.005756973607150544,-0.005522609746662957,0.008264523749221889,-0.004055688762033622,0.011239395267873107,-0.0026735415551373777,-0.013962667562039866,0.0021158825230706522,-0.0012532623958584693,-0.02287327233797888,0.012384262493920417,0.03658330507208491,-0.018030951809912644,-0.003962378589904213,-0.0013085719093426853,-0.0011263574694395343,-0.018952448490614292,-0.015562013875149553,-0.0027589229360506355,0.012681496827633447,0.0046792110530546795,-0.0010177514150674224,-0.0077714423152830375,-0.0093550783067268,0.012890532283458279,-0.017551370179437645,-0.02108630090171592,0.004704488237697084,0.0175927189690021,-0.0016672109183523145,-0.007973769071206194,0.005397027609959602,0.002927426541057909,-0.017536714903068157,0.004935439352069538,-0.001429778736654183,0.0033471413480301864,-0.008517024400063576,0.01134694198633691
2024-04-02,-0.018293633599868377,0.010346968082562809,-0.012773495102081556,-0.016708279304597458,-0.025965979671337895,0.010095573270571482,0.015682532592451053,-0.0041873375233254795,-0.01772685739131297,-0.015269081224399697,0.011360074136864969,-0.005786986815534372,-0.01758503067042837,-0.008787913219592446,-0.01816197172760843,0.012944916534605602,-0.003476588047250893,-0.014522747217418176,0.012012305083910947,-0.015635269693397735,0.0018730231103926474,0.008809334443183877,0.005400417557624607,-0.011098718539713047,-0.02090740886637262,0.02308035578076546,-0.011310114767956804,-0.015706507400086302,-0.01650002714280834,0.012282668587607605,-0.006918264600919637,0.028517329484980286,0.005668050307261977,0.010880778866660138,0.004249601447962143,0.007925901622741418,0.004441669108600242,-0.024415040833644108,-0.0035610147793512285,0.006658641564292182
2024-04-03,0.0026049897590205533,-0.0012268935257553101,-0.0010436366919342854,-0.018011651703427233,-0.012681992759236827,0.03720557507661432,0.01979117806700936,-0.010147228342493373,0.004185276765768199,0.02553199136988137,0.004566036675027104,-0.002864487128050746,0.013177947748886509,-0.0023446438022459827,0.030314100755019373,-0.016140986148061844,0.003885290182117386,0.0024089190088509693,0.0027986437477877405,-0.023431860262726277,-0.0021905114728851477,-0.022807713380571002,-0.012175745681051158,0.009556139154124049,-0.009851347662983422,0.003185359388541852,-0.014217828252058024,-0.015243880791906948,0.01583965943711073,0.012511873203522138,0.019926957518569863,-0.0008764217087254284,-0.008142574955864977,-0.00042358760350878527,0.02535198804780567,0.0009476613295028374,0.012841675723525892,-0.008078640475794204,-0.0009258007210325252,-0.026539110061585894
2024-04-04,0.0015414981049930586,-0.007475463236975021,-0.013855476558860458,0.01186626567472936,0.019521092733662888,0.014906881525786514,-0.013070481725747797,-0.004909327016231382,0.028591213789688586,-0.009025296004211128,0.006989658447917702,0.005403945773755936,0.02117535079589065,0.0010146256014247606,-0.013998776206534317,-0.003284474404622478,0.027707552304059486,0.00903624994414686,-0.021750065433346705,-0.002395087852147832,-0.004146563461710438,0.01206423558834175,-0.005487229475316961,0.02288501486939717,4.485034284736208e-05,0.01310519473044559,-0.024164488724444492,-0.007000549599880709,0.021004894682754568,0.01000168666793066,0.009148197146340787,0.010887145912346902,0.04050317081627148,-0.0206735139311462,-0.030801628334214633,-0.006729108684740364,0.012411228937039782,0.007987402424692409,0.016229329349049033,-0.005204528442902787
2024-04-05,0.017420451734364326,-0.03051288465325826,-0.0011194202501014665,0.011342776433955325,-0.0007829979349975461,0.024387015061424325,-0.006914251568321286,0.009285059194233227,0.001973119837256593,-0.0175967375034031,-0.01317162047140233,0.02827549359594071,-0.00268832976995453,-0.015143477954277978,-0.004499733049813071,-0.0035278350843436427,-0.01615381332144746,-0.01241780856035068,-0.019660739213659236,-0.005135438265414823,-0.012562812406342412,0.016656262537184396,-0.0033133682888656047,-0.011452741823110802,-0.027147131013212075,-0.0116707997822624,-0.009739887345027561,-0.017868056212983468,-0.0029121085733211996,-0.003339997009377821,0.016143500726579132,-0.016516860008947643,0.005133890116074805,-0.000708052862206204,-0.01500045357022879,0.003163442056443907,0.00513265168350778,0.007398640599343682,0.002726935054728839,0.004168911424755496
2024-04-06,0.0035557376163886725,0.019680934868380306,-0.014599551099006763,-0.010234922602124356,0.02566950807212835,0.03359605828037851,-0.016343611526621157,0.012743447653735843,-0.017908013617663903,0.004337299460685768,-0.01768878266454432,-0.026520720725983857,-0.003867138408499828,-0.009110167832682117,-0.01914392390298844,-0.01301635268952566,0.00917978445891232,-0.002049161099932557,0.021058339393738364,0.003451198726571092,0.015956810666677392,0.014448257155023899,0.0003573388426954181,-0.03427957470414794,0.02132492066712363,-0.022212322426386787,0.0069217308483644786,0.006501151599120783,0.01899635844240542,-0.02243230499156552,0.004384981877092245,0.019114597222459836,0.0014981678126476557,-0.0112558523365443,-0.005556398922557739,0.011679871884663033,-0.015765843225474967,0.0031380276242401034,-0.0007745007756459739,-0.016084580480942964
2024-04-07,-0.028961765691028048,-0.0076637478082686745,-0.014821904867067078,0.003607537486260515,0.03557339585385208,0.019484537428801997,0.013770043218834105,0.02357612735421694,0.016923612447049194,-0.021678875899975303,0.003784345803837156,0.006726599485092565,-0.01748323860997243,0.004319443113410313,-0.011964023900932636,-0.015738475718133645,-0.02806392772746552,-0.020513357537620264,-0.012582162780569048,-0.004221894851177242,0.008777196971011182,-0.02181266550095115,-0.03480453529212736,0.009984089062431532,0.008333733035254668,0.011962770087465173,-0.03600142836741643,0.00621013827879841,-0.0037996119258295407,-0.0173340103277455,0.02607480963837059,0.009878393791148594,0.01570168330636796,0.009739837297674726,0.0008125108551305391,0.008099304323249274,0.011474318106236916,0.023188718302328656,0.01893994508127872,-0.003228536641453799
2024-04-08,0.0036643635608140986,0.009522963451369063,0.036951669620593035,0.015600723541605474,0.01678191142852731,-0.003957644820121991,0.007290740645436665,-0.023992330083449986,0.009450561519163327,-0.01889745482604757,0.0010485603641197964,-0.003581006766434036,-0.0026070463745242623,0.02396631461323204,-0.01029572972266153,-0.00907457542633061,0.014866145107291293,-0.022186770020451278,0.017189401157300235,0.010027577508860165,-0.00219885068010385,-0.018662027112011065,0.014337671813775271,0.004918764145808241,0.009272275706562527,-0.007408616666162961,0.01090695719358714,-0.009958913356780707,0.0037696694873069615,0.02071311443860638,0.0008131875518217589,0.01747408834621052,0.0037897897756419617,0.002196524727590631,0.00826754341397823,0.01772453005408798,-0.015202568033127403,-0.005125343744466495,0.03740941588451092,0.005745692618320983
2024-04-09,0.009440571473338114,-0.02053896871270679,0.0019177413502210357,-0.002539454298278134,0.008172174423626541,0.017693397654178843,0.0001431936341391331,0.012715814404721101,-0.004780546136938849,0.005976364789428734,0.014315188415449036,0.0002578599642585306,0.019132880835202204,-0.03155847966803342,0.020367246249167376,0.014271030968479337,-0.003749141096620967,0.02061005451892946,-0.010333745052342202,0.0005561132046230088,-0.005148099793741895,0.012955301308564274,-0.010319268414504455,0.0012362756662220552,0.008137741001979403,0.009139809061672161,-0.018399022306001187,-0.030203700113007777,-0.005637856825392525,0.009458580113267674,-0.008797620819448994,0.012695426541418376,-0.0003977027909093557,0.02550434224628439,0.024244334328825456,-0.011463739045817652,0.008349286478622327,0.021261762930045086,-0.0015712692085615475,0.015496939836474133
2024-04-10,-0.01961463940441426,0.00023815104479839885,0.010317111749461204,0.02332382288558474,-0.003099504261736621,-0.03252069740768369,0.008573649704103011,-0.00434323641624727,-0.03659469907609902,-0.009760691382196806,-0.03181934664987566,-0.055614198632963394,0.019582219927422553,0.013611896414866731,0.020877045086447114,-0.008635576019512224,0.042234432871226406,0.01215937180759126,-0.0012509119609991088,-0.0056343071083912,0.002078534781846402,-0.010188235588769162,-0.0028951326672426174,0.005176947477805994,-0.0021247343822459823,-0.0011584300667091493,-0.008306549697336692,0.018691011015772967,-0.0022077963864199236,0.005087373204824037,-0.007417261822469549,-0.019785089158127003,0.02433869708129344,0.012565905166540206,0.0052471574590635586,0.005144879663675796,0.0005690212465950837,0.0009479630551148799,-0.01550227215283969,0.02285323619935822
2024-04-11,0.012177384821030939,0.0046935613565990564,-0.005596548106906785,-0.006273977372467121,-0.015201308280182096,0.004072796581036165,0.007798324164703623,0.020664697112934973,-0.008610525905901445,0.00849867547999092,0.0185107473328773,0.0023927202205509777,-0.013499169783238587,-0.001692039551794441,0.01263043671805325,0.01317863443661988,0.011263013265409759,0.002886195994603119,-0.02639430589039646,-0.01203100609887128,-0.009734109117260411,0.006838748860957849,0.035281084979787096,0.034145460226206965,-0.004394238034093605,-0.004808012029187582,-0.006073727090603167,-0.01013783500004097,-0.014815933971913811,-0.008433900408787616,0.021200053042817406,-0.00735646962580069,-0.016966641438302968,0.008113233203936306,0.0009222746700554847,0.019251958024634266,0.016332546594443408,0.025918886834550483,-0.007972910198471293,-0.006103994028361174
2024-04-12,0.03034862495865744,-0.007624551249147531,-0.0009563532496425966,0.001055806872028457,0.00012287036694154363,-0.0286067103923401,-0.0059765545581513205,-0.004441465312281338,0.026580947988476426,-0.013372294218663485,0.0006873286095745595,-0.0159277740483116,0.002444380631900674,0.014288111487555911,0.0128496226526913,0.009412313668026548,0.005221451348588436,0.01640437714779081,-0.005566662679926181,0.0163523369553954,-0.008040684769825508,0.022848143452122098,-0.012598101062156803,0.0021823595646034135,-0.006241904471779688,0.027008123050835466,-0.0005999450534548633,-0.004156499120093032,-0.00813220040319654,-0.03390656187842056,-0.006798545413550305,-0.025065087819605612,-0.015476561988563495,-0.02242879374963111,0.03149396009005928,-0.01329743407060247,0.0007149119179001322,0.007375002391122121,0.027110594203942143,0.031210602166795776
2024-04-13,-0.00963288707230672,-0.004366216229848011,-0.010091448226641183,-0.00892713800720481,0.02105095451410004,0.0033794193050716904,0.010449393339479859,0.017429724936958657,-0.01273746266244439,-0.00915450585346592,0.009320161471858768,-0.010297518141459055,-0.0028404859369537344,-0.025833503530867833,0.03675919938960016,-0.0012780154240462705,-0.003654024071880321,-0.0068243372643215,6.733269359719728e-06,-0.005171462931233335,-0.010726097582199003,-0.007742833348869146,-0.003053357287486902,-0.004536653746871164,-0.002194061328231471,-0.012268450721237266,-0.005381524561629986,0.008019050679243692,-0.0019730363479823192,0.015942643228178673,0.0009413949841728462,-0.0029438259268808084,0.0039820579264709145,-0.028476532374969887,0.005436594693235227,-0.02156521749445078,-0.005632352820306276,0.013758939515938203,-0.0006000306494185314,0.022319673268246645
2024-04-14,-0.0047774568649935414,-0.0028671160402102586,0.018740727310888546,0.0006597450551945899,0.008407913515549122,-0.006471123578281571,-0.015728508384128967,0.008504186375685332,-0.004387620899191385,-0.026177006600866803,0.00023487385075998506,0.004855499591423677,0.023965331725728033,0.014987237265819643,-0.030399672003718757,-0.03567811639358283,-0.013983011949088015,-0.008968231813707032,0.006370313808017582,-0.002099333445043244,0.009988571299092489,-0.029625754402525475,0.006432510625698747,0.02530850514303819,0.006591515184897692,-0.006294313737993711,0.041697508991734994,-0.0019273558508019718,-0.0032543011744281436,-0.002526490682168868,0.03618360332129952,-0.0072622790135801855,-0.0157178458366798,0.04131518261272933,-0.0138015056968507,0.024056598368342754,0.013772914315502824,-0.009155833728702262,0.006846581103802931,0.005746718952830373
2024-04-15,0.028343595245900542,0.008904663800376956,-0.011098498130711069,0.022395093050565893,0.004421018045363772,0.009468832257396047,0.012381954959034198,0.02423452327687655,-0.004247548665981423,0.0021006632119450353,0.015358526413378301,0.04261433369372018,0.008644814356414244,-0.03004250708892538,-0.01696515425761813,-0.0005106536951683357,0.00015849051330487604,-0.00948190812500948,-0.010414914014922644,0.006855187188943989,0.026160477421880234,-0.016193948671088403,0.001601288683235275,0.0035180598600159946,-0.011311702811766824,0.013951682897946092,0.016523315356351514,-0.01829994013055253,0.006945490275628269,-0.0065637333846908525,0.0004912794657695489,0.0025015668566669472,-0.023034340116819832,-0.007472338868530661,0.0012807591896096698,-0.015159268274979033,-0.014877274880744357,0.019382738233222587,0.0100226176154896,-0.003525603994055481
2024-04-16,-0.00597407265194954,-0.014062295958104824,0.002707845841549281,0.02023533939760531,-0.017377963459629664,-0.02815105604825086,-0.003075283668716728,0.0025671895580090844,-0.00830466354424333,0.0021672919994532246,0.011635386481222022,-0.0253479613927033,-0.01183343643205314,0.01753704926068037,-0.0019677421478340234,0.01309909364505518,-0.0015768675092181009,-0.01916346300080232,0.011399715963364995,0.0024429702064747965,-0.011873533852886578,-0.01015895805521332,0.03245300956910102,0.03720546109695511,-0.009127211307501212,-0.006741110739077639,-0.00666250330128359,0.007617600303091589,0.006743857668302133,-0.012051357546372909,0.033663691633288126,-0.01290104214368507,-0.028353662002508606,-0.006129246529655246,-0.01715091140751112,0.008375507749017434,-0.006237642740471724,0.025065308111604134,-0.01024215377098554,0.02171273394741196
2024-04-17,0.010425157832289107,0.009394153210313087,0.0077483424926645915,-0.008490573012194231,0.0003586187778611583,-0.04787872583816251,0.000984043857063893,0.003622912622417668,-0.003003639509241547,-0.0008736609325060922,-0.004065547464464187,0.007511820554724047,-0.0037564378738296034,0.019148532232038266,0.004466074488153766,0.006552469919421728,-0.008136222679786387,-0.01193778597114186,-0.002912910830396128,0.02361459657953122,-0.007146720673235723,0.012014219800009291,-0.014581296047153205,-0.018783575449163235,0.011583951819663041,0.021525806996907034,0.018899433762083143,0.0045538315152100755,-0.00591300067313115,0.010202351280570145,0.009264964988440566,-0.009616301563678204,0.0015731065996092257,-0.04070827563887509,0.01208234876034515,0.01748734862233713,-0.01233898765349287,-0.025017583336550048,-0.013673348647268026,0.0021206675856196705
2024-04-18,0.018760083820557015,0.01429743423078723,0.0013629740619098478,-0.0010146342198865182,-0.005717430127811934,-0.0018163610182220795,0.019528729441418057,0.010516590840895125,-0.0012959001848339923,0.007425203452608799,-0.020944408757050056,-0.022917094044676633,0.0007099963255595399,-0.013520430102228512,0.006002867210935741,-0.006825805076187208,-0.004393475151476587,0.01078998434820206,-0.015467686908565748,-0.00925055472475996,0.016613011286020773,-0.0028640324474406504,0.009880688030613252,0.007356969654750868,0.007304135816419937,0.007001337434354844,-0.007205519008186228,-0.021241256644260954,0.004244000721389824,-0.01907006038867287,-0.01715634239828835,0.012816150447509651,-0.005590451342792296,0.003244279283345071,-0.010262286733250974,-0.017846371851246465,0.017731358448306964,0.029319408841242026,-0.001845021402758002,-0.006320519082931528
2024-04-19,0.003486005255769104,0.0013703622073939906,-0.014904343176974037,0.0047917981050877405,-0.0047315106320729595,-0.013666365639580787,0.009014745065567008,-1.5309612316625272e-05,-0.026284461564011062,0.00431461614325324,0.020457447760265333,-0.006444984326513354,0.004377746377605021,0.008860589605754254,0.016569042241275974,-0.015427048048911329,-0.012367570985933387,0.014262298404978275,0.014854456500409422,-0.013013210217566677,0.013800807703152618,0.005439546025464655,-0.009600239107292267,0.01436971692636254,-0.01268995292263929,-0.007390763392678371,-0.014809705679115262,0.016080506010278973,-0.004821169461617597,0.0055406502333487095,0.022891268716895966,-0.012074419074037512,0.011184861019201948,0.027054509111357258,-0.007138448215127902,0.016828000078672564,0.0067952957745647,-0.0006910456773249682,0.011884704475123157,-0.00866889904040048
2024-04-20,0.0015059655143741266,0.0028284071599932303,-0.0002582363650918014,-0.0004475103104050398,0.004347489373002691,0.03040745904882161,0.004769448078993285,-0.02572041814827022,0.002144729976534484,-0.007572143488174799,0.012653200916519067,0.008255731062605139,0.012602230380580778,0.008631960442448542,-0.006863546741214959,-0.01294166832554139,-0.022324738640697096,0.022348144274799513,0.0009431291062986152,0.005414110719809928,-0.004661429132890839,0.01985104022648149,-0.013188456322763102,0.0028706374627655816,-0.0063025540842427865,0.005215204024598904,-0.006321098927572389,-0.010996456448020263,0.008439231162200581,0.005549064199852934,0.023726982973314374,-0.0009178855575779168,0.0003234487728568222,-0.004907940844550899,0.013552337570866074,-0.016875964607158497,0.01334267553253661,0.012939441352245621,-0.00709097509157478,-0.001086254149001723
2024-04-21,-0.013621315110855944,0.009483344879881143,-0.006100605288841434,-0.0010310132727529419,0.0063742239907109526,0.0017893862655852671,-0.012271345398700907,0.002858164216615279,0.0069225892718836664,0.00850822012186971,0.0017294097938506333,0.000584165832211498,0.018194755327101197,0.0004921349316899809,0.01689551580449791,-0.014163618929279625,0.007960911664866985,-0.008179652043828544,0.014360541565134674,-0.011910498832047771,0.004384333444333324,0.006822457740854023,-0.009822302263835096,0.007161861100471267,0.0014951346512577027,0.010677929975089824,0.002004625401823114,0.010879393062020492,-0.010710040170313052,0.014787451933929328,0.0023172622065707185,0.00831141653565682,-0.030345758685997006,-0.02158590263366408,7.795855931938225e-05,0.01576735268050823,-0.025179188008009758,-0.02028177943720011,-0.009291875201211088,0.0011335863177980787
2024-04-22,-0.00730388920882083,-0.01920698864026946,0.017788361982776,0.002265515377313544,-0.00788979028693368,0.003928246861797466,-0.010183942634745327,-0.001256084906220698,-0.02072547661586271,0.0027645830376672774,0.006415422082438477,-0.0055713032401968465,0.015205043294073718,0.002919222522479769,-0.004110767783648949,0.0007395906000685565,0.021200290616316855,0.005002860239756851,0.006447690229160887,0.008573070782559209,0.0008720530831535391,0.017379454909284026,0.004990179707049635,0.010400397659103092,0.00025296784770806666,0.001005862225649204,0.008500834507811701,-0.008854416003462894,0.014478492808162225,0.009136963331297588,-0.0029326941563222655,0.008493277989968911,0.01572986514725324,-0.0026503785649139473,0.026008548550506046,0.0005892859208799997,0.017379698606876184,0.007165127988072907,-0.0007012721239134808,0.016838117482958798
2024-04-23,0.019233578031527785,0.019082454857395553,0.0031459923339413358,0.02387535438688522,0.02608310089049153,0.010260846429076285,0.008014028152192005,0.008048954633397878,-0.01082328975117219,0.026570356555187996,-0.014358823666284961,-0.01216223551787545,0.022416763189466817,-0.008756552361440751,-0.020571060374677524,0.0030047444648801215,-0.0010036072907412116,0.0005924458819215234,-0.0027474223528300514,-0.001118085394158125,-0.0068578526151781855,-0.007009793537834038,0.012487962152100237,-0.006408764372657963,0.023137592522702515,-0.005911032144101214,-0.001827004172975434,-0.03358094350061785,-0.004873618073113907,0.038496397567475915,-0.0024903283240244314,0.008277788686118443,-0.022410799853962562,0.012645741937657044,-0.0008105168652256418,0.0034454391606204672,-0.01138491442641406,0.023384268007109375,-0.0016041572393597162,-0.006884731292531412
2024-04-24,0.0026510486325130923,-0.013313104240163626,0.018604029085781272,-0.0073828852307104495,0.015730353713671492,-0.013606763682884139,0.015216869562507012,0.01752220961189455,0.006568007034768475,0.0019056056245282523,0.0025267316583536645,-0.015908139844260243,-0.034299966782328974,-0.007703575622509933,0.012086637274573767,0.005491820968005252,-0.027125272542038507,-0.009523976909332418,-0.02479118072437352,-0.028309234459032287,0.007679914635183863,0.004815278645384497,0.0033090262077371704,0.022213966639564913,0.006964516088625337,-0.021130887354204857,0.009834795335119571,-0.0052769299144085555,-0.008288938011308615,-0.000693985300127939,-0.011884947886963865,-0.015038432265261312,-0.010832095506067275,0.00838567822400944,-0.0029181080008675387,0.004360592310797866,0.008278842021313973,0.005293122310536306,0.001800660041545307,-0.0001394725355280548
2024-04-25,0.006692614152247244,0.012576470119260262,-0.014091321493101602,0.007830946878411389,-0.009331396036357098,0.009768063006211334,0.011030642026628104,0.001973745665129247,-0.010048864144728416,-0.008489212721091313,-0.0018761406542871944,0.025672076392260604,-0.0019040382733473853,-0.0028084585703876575,-0.020192955203403428,-0.024382450922176897,0.0260974460453722,-0.021804707053868732,-0.01869759421063759,-0.020807206870175142,0.008042047860661553,-0.004487351587756415,-0.0025455207835446752,-0.011647369464631168,0.03032697647537351,0.01266504417600567,0.016496499720476208,0.007980587323748636,0.010868835914696008,0.0019542939935337064,-0.024620753071567508,-0.012447581522984776,-0.012776092576396725,0.005022460325575066,0.020658520571529813,0.010939411742312057,-0.018694362706040354,0.01589443504759156,0.01087021194743847,0.002511901975035767
2024-04-26,0.01506510109674583,0.03916311523210856,0.0013625260485141217,-0.001987417125973015,-0.012268781192029687,0.006941537986898106,-0.002973376534099368,-0.00720749480547944,-0.00692241973091862,0.009410750711480568,0.00044609609302692643,-0.007164961818919976,-0.017132978760734417,0.01256355087881726,0.021800535514584548,-0.006680518603968136,-0.007308009046606497,0.014607885319150757,-0.013579093815364322,-0.003963666308312831,0.010309301435572925,-0.005831275477073341,-0.0169984078514415,0.0018300709279627568,-0.009919176291157844,-0.002194260142914769,0.006440168883212458,0.0027977935551200626,0.0029382347835717904,-0.001824840385671057,-0.00218007159691596,-0.0019429534267799164,0.03988978309891664,-0.0001294883028823767,0.0031774098214711185,0.001262993450246067,0.0005502705962555222,0.0015029565747499227,-0.008644443144187362,0.004352803448280122
2024-04-27,0.0008836439657523957,-0.009969626266207017,-0.0006477555617765923,0.006696019679716539,0.014023330668225887,-0.016382861898388116,0.008505129840621094,0.012521146491870376,0.012322876001473027,-0.006639654811444309,-0.006889165993221154,-0.005244318273505582,-0.013120435444309311,0.011026742798988489,-0.018873407008547192,-0.002278653899976609,0.008293548473414823,-0.018423299746876554,0.01205739398769132,-0.0030202192210361436,-0.01356864998621686,0.0034812056960156356,0.003922997394900098,-0.0031049089078168932,-0.01259786731013927,0.007081435520920177,-0.022877149485566066,0.009884635926776332,-0.016136047367027992,0.0050736737780245934,0.003575497103998156,-0.004003794974606623,-0.02876665651081713,0.015054900165518387,-0.01860847382489509,-0.013715105462927603,-0.004614199241267413,0.012952251721210407,0.0069140077572053815,-0.003210333683060044
2024-04-28,0.007297159709509806,-0.019444798077229063,0.010820688426253887,0.00881001406438315,0.0025981933254812938,0.029775067553844035,0.014155946390436075,-0.011145569177895142,-0.008706481599511894,-0.004230315781666426,-0.009012901914183516,-0.017376908858146748,0.0028549476105054375,-0.020573065193056576,-0.0033840858841932457,-0.01222629551792323,0.02204970726427257,0.021133683520645357,0.0021509359822923946,0.005440845487876295,-0.008514548652693221,0.007614573474384089,0.015443415429602874,0.0129253976484865,-0.010356553935747496,0.0014581821753041225,0.019333231144778553,-0.019416239977344048,-0.008056221834121689,-0.007472161657990832,-0.0034582712264408827,-0.016219597594204247,-0.026258848243572382,-0.009291485346158819,0.008984275466869624,-0.04315744932679949,0.0030576282043213326,0.008067262149546514,-0.01694920018117709,0.0015181383931457196
2024-04-29,0.018109112181930356,0.0026493432999389215,0.01881078489882187,-0.01694478180544789,0.017271404810894998,-0.005445899315701977,0.023222010025136984,0.017521198389288038,0.016204289833657574,-0.0030602713960999335,-0.007766240983631949,0.011739252842278296,0.024413538814546228,0.019025540163627015,-0.012938454327431822,-0.01975330483928164,-0.00036286395304597834,0.0022841179949821093,-0.014154430853988308,-0.0008228592987475495,-0.018189843984149367,0.018500574037279206,0.00785038045755659,-0.003392172550149955,-0.009525224193726171,0.008714605068304982,0.01607158598016199,-0.0015198867167240102,0.01574727175862498,-0.012815988704649056,-0.00261211610216948,-0.011825923535237957,0.02498865597165386,-0.0037942403910235932,0.023348808396126002,0.023706192997445332,0.0018679913910353918,0.008965801681302043,0.005969401463245962,0.03278431584387055
2024-04-30,-0.002042423109017104,0.030775549488187906,0.003522111782408372,-0.004315644367434356,0.03404055799203594,0.012058990825459439,0.014847589716010906,-0.002664803605444535,-6.434422479699724e-05,0.01939003731502891,-0.002603797272832621,0.005502167589884645,-0.02339945856166277,-0.009075037729404245,-0.013562143514213558,-0.006559504271038576,0.002675371696205817,0.01656455549103392,-0.015553469830227835,0.016998138138301776,-0.022112459437353685,0.016674240588625946,0.008296024094833042,0.015526315248681442,-0.015121355681834812,0.004581853997937896,-0.02036203142604406,-0.003655685450038536,0.0038233833566227956,-0.013241416044312138,0.0072729696847950755,0.012028830550829268,-0.007757086334628287,-0.01051155833187663,0.009094463633627852,-0.011489309949307242,-0.0005723540911562745,-0.0036848108491697516,0.013061254997444913,0.019995926326974934
2024-05-01,0.0115185384960611,0.007706015531341181,-0.0016601654219663602,-0.022001882098722527,0.011415763861921426,0.002436497240974455,0.013694576827693386,0.00032855326704369075,0.005000149633147426,0.007957965411972235,0.00048068955733341983,-0.01844935576733281,-0.02107755380555867,-0.003531815379662837,0.020853523154727674,-0.010474863919394577,0.012486253637440596,-0.004423642571826493,-0.004096594388297358,0.029995296083245217,-0.013227281488377271,8.487934040146076e-05,0.018389066683565516,-0.012843962655993768,-0.020389441179629285,0.00811176562882993,0.016334354482939125,-0.004965998300855619,0.005122881247406031,-0.004521787643055648,-0.00027689803060403854,-0.034422052369339484,0.01122300832122025,-0.012236785530193866,0.006200110133809446,0.0003462019594457598,-0.01888036940354221,0.014058735033874396,-0.0045891741995939365,0.03010464750817696
2024-05-02,0.029644079615469145,0.02872505311700605,-0.008849430594951756,-0.003266084231565761,-0.015029010965407243,0.007530441653488602,-0.0210275747937325,-0.005211009845858287,-0.01582015279365138,-0.007392026589770357,0.017208226357730522,0.031155210194821623,0.0032985156278122862,-0.0062760668432538715,-0.010574162908952274,-0.003994011380536573,0.00042773410161673134,-0.007073548439253188,0.0006108705068197057,-0.006315310893009636,0.026700010327095725,0.012550376920926145,0.02045249263374604,-0.025399900921397715,-0.024199725032107593,-0.00899941816864362,0.01153823353268098,0.016040694286072354,0.012758994491483868,0.008803283504034655,-0.012972884912747172,0.0059450481815509285,-0.023501007233692927,-0.0021893289442848174,0.017345974497222715,0.028836108716561917,-0.0112539117325879,-0.00963706989745305,-0.007274713583974685,-0.004062084314896016
2024-05-03,-0.002599094413596744,0.0075167783741711194,0.0001380244977899232,-0.010110442590582653,0.0169383187738068,0.01764608097010613,0.010591564157668865,0.0022675444494395193,-0.012497514359658592,0.01649019164784365,-0.0032264990620747714,-0.017188769092102242,-0.0023098438014938203,0.00505448008435409,0.019591670318955066,-0.004372662955201305,0.007768609561975278,0.006839745870502926,-0.0037361065110715842,-0.012721804774473896,0.01457876115234493,0.005251297473238149,0.00562826893108598,0.004416619207366728,-0.006162255380129961,0.02099782763109797,-0.020011175296397992,-0.005905600131301706,0.037325131565280736,-0.027382414412508282,0.0066090501419454935,-0.007986777770376895,0.016508970163587537,0.007932100260877453,0.005914352828673603,-0.011889168115997762,-0.007298460420378527,-0.0032831709673375184,-0.00856258488966661,-0.008265336445867362
2024-05-04,-0.006292457796719013,-0.04147422850104405,0.017355012985335108,-0.017775503655111248,0.031709843308646755,0.0016903247023462842,0.032522578167350595,0.017503339489952738,0.01598580214010056,-0.006189288132227319,0.02537971426556869,-0.0024759745174555707,0.018364477185050652,-0.01724029312945958,0.010466234050050056,-0.011730917677913556,-0.01010436424165798,-0.0006347922463420983,0.025408688591338748,-0.03355600130648872,-0.018508649036754265,0.000575122151319016,0.012635984868169988,0.0059036052871303864,-0.007208636481017838,-0.015402264917732472,0.009645852589444446,-0.010710302791057277,-0.004540231913702128,-0.02646937282882052,-0.02451902622980029,0.013751985796459986,0.0035164585057764148,-0.00832067142466511,0.010035090112360865,-0.014479514188656159,-0.015537429361987987,0.0039020281991988728,0.0010186672713300596,-0.014854964408458004
2024-05-05,0.02078216050786219,-0.0025908385595833734,-0.0319871170710323,-0.016624000290225874,-0.022580283682456525,-0.00023043262291970196,0.024688344797537887,0.00024102617772517928,0.021774272189785122,-0.010031246962509411,-0.0005709656243953248,0.014863734237513885,-0.02311069785852355,0.0013407826148832095,-0.005785464175039444,0.01006555455687492,0.0043332219519480455,-0.0378933454537651,0.002499600184324496,-0.004757518629390738,-0.005381878469406749,0.007123885794386638,-0.022626506618805803,0.00481890117090847,-0.03166067321594988,-0.0007926092780102881,-0.0007033290533536068,-0.011418702483651082,0.012153832845021558,-0.02833475847050062,-0.00543947478243645,0.007625361032467184,-0.02615427534505085,0.011690239952499246,-0.01806028466999267,0.011865846402734782,0.01373338529793848,0.001093483486321871,-0.02443118855117786,-0.030317288080266777
2024-05-06,0.017984055582527258,0.006547277988926967,-0.0014758990527019172,-0.007073661310762699,-0.022533494733637645,0.0011854388981262956,0.013872115602424486,-0.009968618100143035,-0.017775420578276965,0.002177845373889817,-0.022636660896049033,0.002742482309981871,-0.026795969582850583,-0.009059782341750146,-0.0031382635884772293,0.010209590457397982,0.005186323393859998,-0.010930743322410631,0.0041810772084519745,-0.01902130408376715,-0.006067345334602563,-0.009655913945318543,0.0015484192946613289,-0.026389176927799386,0.003553638593528256,-0.014719882591799679,0.0033136877577505854,0.009939161338139064,0.02216319783271669,0.00014912137526239575,-0.008733644953385647,-0.005285407996697735,-0.018168766806725495,-0.011503552466316286,-0.00435545615925783,0.000470538289565818,-0.005766772304319172,0.004092531715530942,0.014850406783894704,0.04154868115581821
2024-05-07,-0.030853900330836,0.009459869825786064,-0.0012161412695145585,-0.02566342794690899,-0.007707668673495895,0.025745491430642743,-0.0026209559465317973,0.006988063177297277,-0.026659784868108532,0.009946415551008694,-0.011322481632144993,0.0018790176911178606,0.001810621992718932,-0.0015403862401338494,0.013500031982338161,0.024672806728065304,-0.005611629964184014,-0.01573940797183526,0.011795852667124173,0.019197399541144827,0.03498880919873483,-0.008377471124021676,-0.00011729362953267282,-0.0025140049304635545,-0.007890540352045717,-0.011737320084333622,0.025100783462597042,-0.03710825258856002,0.005864984054660681,0.0011664903823348522,-0.008822460331989485,-0.00864178828529716,-0.013151314935180278,0.01041508307270303,0.013651854217956855,0.003704441210503667,-0.008387731626751632,-0.019495307716915582,0.008403738493673764,-0.02322416278391966
2024-05-08,0.021456577560206594,-0.002021931031986303,-0.007149358584098179,-0.021451877950244558,0.029358203765558727,-0.009513681199151738,-0.0008313216087257158,0.001922905970209141,0.02119161176930179,-0.009933685724335416,-0.02075109478631701,-0.015637365578019192,0.00623276940570882,0.013273830983981287,0.016313538919346778,0.0034899205595262544,0.005019532215171232,-0.00755871659148114,-0.014114271988826326,-0.015670602817726437,-0.003869259225553178,0.0067221028748238616,-0.0019591915124888676,-0.014067871847885941,-0.010796564113284718,-0.012515743364180577,0.010300822810658092,-0.01591066391295371,-0.008834474276074221,0.0300449421460222,-0.023253594871032474,-0.01034397729772715,0.010143266228590603,0.009538800951360898,0.008763319244891148,0.01249454066502661,0.02631965855858802,-0.019637353874259682,0.0025236406304864566,-0.014570995196566867
2024-05-09,0.03140716879876852,-0.024659333952204304,-0.00023233870735373321,0.02927173237180367,-0.03666835944326604,0.031796209527584836,0.03173290905039223,-0.015125406598422184,0.030091678769272937,-0.005662860180372256,-0.015072383608522127,-0.024402064878730395,-0.006376193225182221,-0.01907984142899591,-0.009006773346427906,0.019041138033124332,0.014313592773901145,0.02231154612717701,0.02877506342791166,0.01559037341328098,0.013327968775179458,-0.0008203714941168324,0.011783261365892134,-0.0011588471174252808,-0.02759218038600379,0.006154303671203891,0.0014619248911456328,0.019376181048207434,0.006677576247677439,0.03047912095408559,-0.007390923903764751,-0.0007414776005255394,0.015276410295244349,0.002700437581971233,0.011036355578158928,-0.006458734855197271,-0.002565476587411827,-0.021539108844918515,0.005784040621752175,-0.006859770184047273
2024-05-10,-0.008637722615346574,0.017635976409506624,0.00017460996921878004,0.003996836903635663,-0.002917178113928795,-0.01655754566787827,-0.0014055365408382951,0.01739746205198799,0.013662876387803615,-0.011826880013411948,-0.0018211140331178825,-0.009095521758876806,-0.032843147577123005,0.014071080341709763,-0.03599140718097422,0.001535853033002977,-0.00636240843347923,-0.0057077564421935505,0.01884774460970269,0.004435445619085911,-0.015336094569117283,0.0016959318334439724,0.019431622422725236,0.028362879749159457,0.01019693492971882,-0.018027007667830608,0.005539605641073428,0.007281313862522374,0.03424004894016794,-0.02838613299681054,-0.006519701038845917,0.008929679169834948,-0.006735364156638028,0.008294284626787062,-0.00014504982003335954,-0.0019006754500661993,0.001357962643726509,0.0367257541824453,0.03058779911475639,-0.013938257819645234
2024-05-11,0.014655041858426603,0.02090720373209244,-0.009272498627115822,-0.006374728470611048,0.0032025947032883724,0.012235731134587839,-0.006759794643411799,-0.011659832340691862,0.018494643669295065,0.0027283860301023245,-0.0006980073943887413,0.006325843999655547,0.004015014564722235,0.008324970953896164,-0.02079207238367322,-0.0011762853226222631,-0.01736002510721648,0.03531305808426208,-0.0034375560237526327,0.012745768058340328,0.0002695061896582099,-0.0005101169818163896,-0.0037222592155655193,-0.01204436073451129,0.023529788771714726,-0.0059583116380032015,0.016710736772399648,-0.006106635980991482,-0.008866117625390572,0.018305266021047505,0.0031105868355124364,-0.023691737948099728,0.007299614628028079,-0.01867145560669353,0.008468927968528824,-0.002742620581020396,-0.00715581066547835,-0.01064325233191809,0.0010900273582907483,-0.012796000982574869
2024-05-12,0.013052549110900629,0.004223518117242548,0.00035413516154789284,-0.0013198510026749984,0.001258058011829888,0.0012711398807323502,0.010077570642743432,0.01178088107580215,0.020409731801892306,-0.011672568488193313,-0.02778313330405481,-0.02327503761567618,-0.004105800662199548,-0.0010738074909996652,0.006204464887080896,-0.03239421001648206,-0.02015854201091566,0.01817251278112105,-0.028152764714839264,0.0025279651010770648,0.0059685146937095476,-0.01603296595279798,-0.016327281318675682,0.025845705993202208,-0.0042745424339277645,0.01506830034806672,0.030060892689316856,-0.022580969090773964,0.004715138954772706,-0.005922030532354293,0.003337123563584737,0.019049039889887324,0.0035713770023071754,0.0018333080310087555,-0.010153761382011382,0.00614466035962412,0.020270830769135727,-0.02701356812870831,0.014164323425884886,-0.004023605579675115
2024-05-13,-0.016702937562355236,-0.02926199765498131,1.6061624455222714e-05,0.027377124013347142,-0.00930373337750722,-0.007884441961026388,0.013306997796544661,-0.004842143679732907,0.0057204354414351205,0.017726974778708427,0.007265966215840958,-0.010349513297066596,0.012584409593115277,0.01755660316669806,-0.0002928081413020192,-0.019717684112094087,0.00011590610248636134,-0.016853399840546356,0.006108352012922742,-0.006535217452838431,0.013829832931206444,-0.009175454637926734,-0.011701484347614165,0.0009088788458970913,0.010663540513756618,-0.0038615470520072955,-0.00835747941659177,-0.007359065878704794,-0.017751793425843748,-0.014219207719005044,-0.006224423228550966,0.012222193353513542,-0.0027979985064995653,0.004411887710486251,-0.017738996243680128,-0.026529785180409517,0.0030905721105185004,-0.019598574393374715,0.013320309936895095,0.013153216313118162
2024-05-14,0.00807482250090785,-0.011753784792772393,0.014192983465497829,0.02150140417662579,-0.016700762022221906,-0.0048238888867458505,-0.014294475640662547,0.019940436193154675,0.006593273496282134,0.0182818184830818,0.012209783157572908,-0.014336688346609113,0.008774262209575933,0.02248969266825676,0.00863510003896923,-0.023615146907209124,0.006563084760977006,-0.0032354705969104658,-0.012757769769036555,0.001135040169126667,0.007927843847512283,-0.006989505173719039,0.00775132603630194,-0.021981129674322024,-0.022066720332755637,-0.02219600590414609,-0.015644258789789863,-0.008792149822302487,0.024223966103526413,-0.02557808487879152,-0.021517724315510696,0.008310047730820823,0.02334648065618821,0.012479179462807126,0.0017958836596413353,0.0012901396392924797,-0.010939452725069881,0.031077324071177803,0.01129592590053599,-0.03660372980183268
